OrderID,OrderDate,CustomerID,ProductID,Quantity,UnitPrice,DiscountPct,Region,DeliveryDays,OrderStatus
200001,2024-03-17,5139,1006,1,208.14,0.05,West,2,Completed
200002,2024-01-17,5436,1041,2,48.13,0.1,West,,Cancelled
200003,2024-11-02,5204,1010,1,88.34,0.1,East,6,Completed
200004,2024-05-23,5170,1050,3,79.45,0,North,3,Completed
200005,2024-08-25,5051,1056,2,352.16,0.1,West,3,Completed
200006,2024-01-31,5397,1042,4,16.16,0,East,4,Completed
200007,2024-07-09,5193,1056,3,337.83,0,West,5,Completed
200008,2024-03-25,5366,1010,2,85.65,0.1,East,3,Completed
200009,2024-04-03,5185,1014,1,33.64,0,East,2,Completed
200010,2025-04-04,5096,1056,2,315.29,0,West,4,Completed
200011,2025-01-29,5306,1042,2,17.23,0.1,North,4,Completed
200012,2024-06-22,5125,1067,1,217.35,0,South,2,Completed
200013,2024-10-09,5086,1056,2,322.19,0,North,3,Completed
200014,2025-08-31,5321,1064,2,92.4,0,South,3,Completed
200015,2024-12-03,5431,1049,2,24.58,0.1,West,4,Completed
200016,2025-09-09,5154,1042,1,17.74,0,South,,Cancelled
200017,2024-10-25,5496,1041,3,48.54,0.2,West,3,Completed
200018,2025-01-08,5144,1051,2,247.47,0.05,North,4,Completed
200019,2025-04-17,5282,1004,1,159.44,0.1,East,,Cancelled
200020,2025-11-20,5036,1053,3,210.2,0,East,4,Completed
200021,2024-03-16,5405,1049,3,24.22,0.05,West,6,Completed
200022,2025-07-10,5446,1054,8,267.31,0.1,South,4,Completed
200023,2024-04-21,5469,1011,3,35.36,0,South,1,Completed
200024,2024-12-05,5331,1052,2,311.18,0,East,,Cancelled
200025,2025-07-25,5262,1067,2,220.87,0,South,5,Completed
200026,2024-06-03,5302,1065,1,64.81,0,West,7,Completed
200027,2024-12-22,5060,1019,2,105.06,0,South,3,Completed
200028,2024-11-22,5225,1058,1,194.09,0.1,North,3,Completed
200029,2024-09-06,5056,1022,2,37.88,0,East,3,Completed
200030,2025-10-06,5409,1052,3,301.74,0,West,4,Completed
200031,2025-08-29,5102,1058,1,200.87,0,East,4,Completed
200032,2025-08-14,5408,1009,5,206.19,0,South,3,Completed
200033,2025-06-24,5135,1063,1,219.48,0,East,,Cancelled
200034,2024-12-26,5059,1045,3,115.03,0.1,North,3,Completed
200035,2025-11-19,5315,1011,1,33.29,0,West,4,Completed
200036,2025-03-04,5262,1050,2,76.9,0,South,4,Completed
200037,2025-07-22,5471,1023,1,209.29,0,North,4,Completed
200038,2024-01-10,5444,1046,1,71.21,0,South,4,Completed
200039,2025-03-01,5210,1063,2,224.4,0,South,5,Completed
200040,2024-02-03,5113,1038,2,212.57,0,North,5,Completed
200041,2025-07-16,5393,1064,2,99.17,0,South,8,Completed
200042,2025-03-27,5278,1006,10,212.63,0,West,5,Completed
200043,2025-04-05,5153,1005,5,85.01,0,South,2,Completed
200044,2024-08-02,5416,1031,2,252.77,0,East,4,Completed
200045,2024-07-30,5085,1018,4,323.0,0.05,North,4,Completed
200046,2025-12-21,5087,1042,2,16.78,0.2,North,6,Completed
200047,2024-05-18,5418,1013,4,136.14,0.15,West,,Cancelled
200048,2025-12-19,5444,1017,1,78.96,0.1,South,5,Completed
200049,2025-05-16,5347,1051,3,242.1,0.05,South,2,Completed
200050,2025-02-16,5407,1012,1,222.75,0.15,South,7,Completed
200051,2024-04-05,5168,1001,2,161.08,0.05,West,1,Completed
200052,2024-08-11,5274,1051,4,240.45,0,South,,Cancelled
200053,2025-07-14,5146,1044,2,136.07,0,South,4,Completed
200054,2024-04-11,5025,1006,4,215.23,0,East,2,Completed
200055,2025-03-14,5234,1001,3,167.21,0,West,2,Completed
200056,2024-04-05,5478,1036,1,259.87,0,West,2,Completed
200057,2025-12-17,5203,1040,2,259.34,0,West,2,Completed
200058,2025-08-30,5040,1017,3,77.67,0,South,5,Completed
200059,2025-12-11,5441,1055,1,278.9,0,South,2,Completed
200060,2024-11-02,5161,1048,4,293.68,0.1,West,8,Completed
200061,2025-06-27,5074,1009,3,206.87,0,West,2,Completed
200062,2025-02-25,5384,1020,2,62.71,0,East,2,Completed
200063,2024-12-25,5064,1050,1,74.83,0,East,,Cancelled
200064,2025-07-20,5044,1032,3,240.76,0,South,1,Completed
200065,2024-07-29,5434,1039,2,178.13,0.1,North,1,Completed
200066,2025-05-21,5460,1031,1,232.6,0.05,East,6,Completed
200067,2024-11-20,5007,1047,5,198.31,0.05,East,4,Completed
200068,2024-03-15,5391,1061,1,141.42,0,West,1,Completed
200069,2025-06-02,5405,1051,3,243.63,0.1,West,3,Completed
200070,2025-07-04,5328,1069,1,173.57,0,South,2,Completed
200071,2025-07-03,5414,1020,2,60.83,0.1,North,4,Completed
200072,2024-09-01,5159,1056,1,330.79,0,South,4,Completed
200073,2024-05-02,5159,1023,1,200.41,0,South,3,Completed
200074,2024-06-19,5265,1034,3,142.23,0.15,South,2,Completed
200075,2024-12-09,5461,1004,1,157.11,0,West,4,Completed
200076,2025-04-11,5040,1064,1,94.42,0.15,South,2,Completed
200077,2025-08-10,5396,1014,1,32.45,0.1,South,5,Completed
200078,2024-02-17,5007,1032,2,240.46,0,East,5,Completed
200079,2024-08-17,5284,1054,2,249.5,0.1,East,2,Completed
200080,2025-05-29,5191,1016,1,58.71,0,East,1,Completed
200081,2025-04-21,5206,1009,4,199.71,0,East,3,Completed
200082,2024-10-25,5189,1026,1,65.88,0.05,East,4,Completed
200083,2025-07-13,5253,1026,1,65.43,0,East,2,Completed
200084,2024-12-09,5178,1002,3,76.52,0.1,East,2,Completed
200085,2025-03-05,5272,1031,1,252.8,0.2,North,2,Completed
200086,2025-06-16,5472,1030,5,142.17,0,South,4,Completed
200087,2025-10-14,5259,1018,1,319.0,0.05,North,7,Completed
200088,2024-09-24,5122,1038,6,222.82,0,West,3,Completed
200089,2024-08-27,5232,1035,1,235.82,0.1,West,2,Completed
200090,2025-04-22,5085,1058,1,213.89,0,North,3,Completed
200091,2024-05-02,5238,1034,4,141.73,0,East,4,Completed
200092,2024-05-31,5111,1042,1,16.78,0,East,4,Completed
200093,2024-02-01,5134,1023,5,201.79,0.05,North,,Cancelled
200094,2024-04-14,5049,1060,1,127.42,0,East,8,Completed
200095,2025-02-14,5067,1026,3,66.89,0.05,East,3,Completed
200096,2024-01-23,5417,1010,1,93.16,0.05,North,,Cancelled
200097,2024-05-05,5048,1043,2,95.6,0,South,5,Completed
200098,2024-01-31,5203,1064,2,103.79,0,West,3,Completed
200099,2024-02-05,5229,1020,3,59.67,0.05,North,6,Completed
200100,2024-03-30,5246,1008,1,121.67,0,West,4,Completed
200101,2024-01-20,5323,1070,4,229.43,0,South,,Cancelled
200102,2025-08-02,5249,1045,2,109.48,0,North,2,Completed
200103,2024-02-29,5459,1036,2,249.75,0,South,2,Completed
200104,2024-09-10,5082,1013,1,134.91,0.1,East,1,Completed
200105,2025-08-12,5486,1029,4,204.58,0,West,5,Completed
200106,2025-08-29,5091,1031,3,249.01,0,West,4,Completed
200107,2025-07-30,5181,1019,4,111.63,0.1,East,,Cancelled
200108,2024-06-28,5278,1040,1,263.67,0,West,4,Completed
200109,2025-09-20,5001,1043,1,99.78,0.1,South,5,Completed
200110,2024-01-23,5166,1008,3,110.18,0,East,4,Completed
200111,2025-01-17,5187,1010,3,87.74,0.05,East,3,Completed
200112,2025-03-23,5500,1021,8,110.1,0.05,West,7,Completed
200113,2024-08-16,5356,1046,4,72.77,0,East,3,Completed
200114,2025-12-19,5091,1001,2,173.83,0.2,West,,Cancelled
200115,2025-09-08,5017,1024,4,117.55,0.05,North,2,Completed
200116,2024-12-05,5255,1019,1,100.81,0.2,East,6,Completed
200117,2025-04-02,5046,1043,1,92.89,0.05,North,5,Completed
200118,2024-02-19,5369,1001,3,172.13,0.2,West,3,Completed
200119,2025-07-13,5194,1045,4,113.2,0.1,East,5,Completed
200120,2025-04-07,5116,1021,5,112.23,0,West,7,Completed
200121,2024-06-23,5038,1044,1,146.71,0,West,8,Returned
200122,2025-12-22,5174,1062,8,190.42,0,West,2,Completed
200123,2024-07-29,5052,1043,2,99.86,0.05,West,,Cancelled
200124,2025-11-07,5277,1034,1,139.38,0,East,5,Completed
200125,2025-01-04,5079,1007,1,160.13,0.1,North,3,Completed
200126,2024-07-30,5050,1004,1,159.68,0,East,3,Completed
200127,2025-05-15,5204,1061,1,148.12,0.05,East,3,Returned
200128,2024-07-10,5196,1048,1,297.35,0,North,3,Completed
200129,2025-12-14,5032,1020,1,60.0,0,North,8,Completed
200130,2025-07-20,5302,1030,2,146.01,0.05,West,4,Completed
200131,2025-08-09,5480,1061,2,158.03,0,East,4,Returned
200132,2025-08-08,5258,1067,3,231.37,0,East,2,Completed
200133,2024-07-16,5086,1028,2,255.94,0.2,North,8,Completed
200134,2025-09-01,5322,1019,6,99.45,0.15,West,3,Completed
200135,2024-11-29,5204,1071,2,119.2,0.15,East,4,Completed
200136,2025-03-05,5301,1067,1,226.36,0.05,West,7,Completed
200137,2025-07-30,5052,1014,4,36.35,0.15,West,6,Completed
200138,2025-11-01,5136,1050,3,74.81,0,North,2,Completed
200139,2024-02-09,5312,1052,5,302.57,0.05,West,3,Completed
200140,2024-01-21,5138,1048,4,321.69,0,East,5,Completed
200141,2024-08-21,5351,1013,10,133.41,0,North,3,Completed
200142,2024-07-11,5214,1012,6,226.1,0,South,4,Completed
200143,2025-06-11,5192,1008,1,114.52,0.1,North,5,Completed
200144,2024-06-26,5269,1004,4,148.04,0.1,North,3,Completed
200145,2025-12-22,5471,1047,2,199.13,0,North,6,Completed
200146,2024-09-04,5349,1004,3,160.21,0,South,4,Completed
200147,2024-06-16,5180,1045,1,106.2,0.1,North,1,Completed
200148,2025-08-08,5026,1021,1,110.85,0,North,2,Completed
200149,2025-06-09,5334,1053,4,193.06,0.1,West,6,Completed
200150,2025-09-07,5332,1023,1,211.88,0.05,North,4,Completed
200151,2025-03-09,5364,1036,5,238.17,0,West,3,Returned
200152,2025-08-21,5267,1051,2,256.85,0.05,North,3,Completed
200153,2024-11-01,5332,1037,2,133.61,0,North,3,Completed
200154,2025-11-02,5142,1034,5,131.92,0,North,5,Completed
200155,2025-09-06,5461,1008,1,108.91,0,West,3,Completed
200156,2025-03-04,5152,1034,3,146.86,0.05,East,5,Completed
200157,2025-12-03,5176,1029,4,200.37,0.15,North,3,Completed
200158,2025-11-04,5433,1022,1,36.42,0,North,3,Completed
200159,2024-07-06,5414,1072,5,74.66,0.05,North,,Cancelled
200160,2025-03-06,5115,1040,1,266.31,0,West,5,Completed
200161,2025-10-11,5241,1007,8,165.47,0,West,3,Completed
200162,2025-06-26,5445,1049,1,23.0,0.15,West,2,Completed
200163,2024-05-26,5210,1059,3,134.41,0.1,South,4,Completed
200164,2025-10-11,5091,1041,2,48.49,0,West,4,Completed
200165,2024-03-31,5082,1063,2,220.52,0,East,3,Completed
200166,2025-06-30,5003,1005,2,79.36,0,North,5,Completed
200167,2025-11-23,5098,1003,3,273.14,0,East,3,Completed
200168,2025-05-30,5053,1050,1,75.04,0.1,North,3,Completed
200169,2025-09-02,5373,1067,2,213.48,0.05,West,8,Completed
200170,2024-07-11,5251,1046,6,66.3,0.1,East,2,Completed
200171,2024-01-23,5068,1028,1,263.05,0,West,1,Completed
200172,2025-07-01,5449,1033,3,145.49,0,West,5,Completed
200173,2025-03-02,5025,1015,1,242.9,0,East,2,Completed
200174,2024-11-04,5352,1002,1,75.53,0.05,West,4,Completed
200175,2025-06-07,5215,1014,1,32.91,0,South,2,Completed
200176,2025-06-19,5103,1034,2,132.1,0,East,,Cancelled
200177,2024-07-31,5281,1064,2,92.47,0,West,2,Completed
200178,2024-06-01,5057,1064,4,101.45,0,East,,Cancelled
200179,2025-10-21,5464,1033,10,152.47,0,West,2,Completed
200180,2024-10-24,5090,1006,3,193.97,0,North,5,Completed
200181,2024-01-10,5456,1006,3,200.28,0,South,3,Completed
200182,2024-04-05,5319,1035,2,230.31,0,West,3,Completed
200183,2025-12-07,5428,1050,4,79.96,0.05,East,2,Completed
200184,2024-06-12,5357,1008,6,116.98,0,East,3,Completed
200185,2025-01-02,5313,1049,5,24.82,0.15,East,6,Completed
200186,2024-04-25,5248,1063,2,226.96,0,South,1,Returned
200187,2025-08-13,5445,1068,1,210.81,0.2,West,4,Completed
200188,2025-03-19,5353,1013,1,130.95,0,South,3,Completed
200189,2025-09-19,5430,1072,3,80.87,0,South,5,Completed
200190,2024-03-17,5446,1022,1,37.16,0,South,3,Completed
200191,2025-02-16,5282,1049,1,24.34,0,East,2,Completed
200192,2024-11-19,5256,1058,2,196.21,0.05,East,3,Completed
200193,2024-01-01,5286,1071,4,129.38,0.2,South,6,Completed
200194,2025-11-01,5288,1027,8,103.39,0,North,2,Completed
200195,2025-07-27,5233,1043,3,93.04,0.1,East,3,Completed
200196,2024-01-03,5050,1029,4,190.83,0.2,East,4,Completed
200197,2024-02-16,5360,1014,2,35.74,0.1,East,3,Returned
200198,2024-07-11,5131,1026,5,68.94,0,South,2,Completed
200199,2025-02-28,5174,1014,3,32.99,0.05,West,6,Completed
200200,2024-05-17,5235,1065,1,65.96,0.1,East,,Cancelled
200201,2025-06-04,5222,1062,6,173.79,0.05,South,5,Completed
200202,2025-11-04,5054,1050,5,75.89,0.05,East,8,Completed
200203,2024-10-07,5469,1032,2,236.77,0,South,2,Completed
200204,2024-11-02,5309,1066,2,172.99,0,West,4,Completed
200205,2024-08-02,5112,1026,1,67.65,0,South,8,Completed
200206,2025-05-30,5333,1023,3,207.2,0.1,South,4,Completed
200207,2025-11-21,5299,1054,5,268.46,0,West,5,Completed
200208,2024-01-26,5268,1014,1,33.63,0,East,5,Completed
200209,2024-05-29,5147,1033,3,158.15,0,West,1,Completed
200210,2024-04-14,5417,1058,3,199.44,0.05,North,4,Completed
200211,2025-06-07,5200,1031,4,251.31,0,North,6,Completed
200212,2025-12-02,5199,1054,2,248.84,0,North,4,Completed
200213,2024-08-18,5400,1057,3,71.41,0.05,West,4,Returned
200214,2024-07-17,5309,1026,1,63.53,0.05,West,2,Completed
200215,2025-01-21,5264,1016,1,56.05,0,West,5,Completed
200216,2025-04-22,5003,1043,1,92.55,0,North,1,Completed
200217,2025-05-17,5478,1039,2,187.79,0,West,4,Completed
200218,2025-06-17,5490,1024,2,116.03,0,West,2,Completed
200219,2025-11-10,5114,1028,2,266.43,0,North,4,Completed
200220,2024-04-27,5288,1002,2,75.44,0.15,North,4,Completed
200221,2025-11-29,5491,1006,2,193.9,0.1,South,3,Returned
200222,2024-01-26,5371,1037,4,142.88,0,South,3,Returned
200223,2025-10-29,5023,1038,2,204.63,0.15,North,7,Completed
200224,2024-01-08,5276,1069,1,166.95,0.05,West,4,Completed
200225,2024-07-29,5428,1014,3,35.88,0.2,East,4,Completed
200226,2025-12-03,5482,1010,2,84.88,0,South,1,Completed
200227,2025-07-25,5407,1033,4,151.36,0.15,South,3,Completed
200228,2024-11-19,5208,1056,3,338.81,0.05,North,4,Completed
200229,2025-12-18,5388,1006,2,198.51,0.05,East,4,Completed
200230,2024-10-15,5311,1012,2,231.21,0,East,3,Completed
200231,2024-05-19,5274,1029,4,190.91,0.1,South,4,Completed
200232,2024-01-12,5153,1048,2,288.62,0,South,4,Completed
200233,2024-03-28,5276,1071,3,124.6,0.15,West,3,Completed
200234,2024-05-25,5331,1066,1,161.33,0.1,East,2,Completed
200235,2025-07-16,5410,1007,2,148.88,0,South,2,Completed
200236,2024-12-04,5372,1063,3,216.41,0,South,1,Completed
200237,2025-05-12,5100,1041,3,47.36,0,West,4,Completed
200238,2025-03-14,5187,1041,1,48.13,0.1,East,4,Completed
200239,2024-05-17,5142,1047,1,200.38,0,North,5,Completed
200240,2024-04-21,5250,1071,3,132.98,0.1,South,2,Completed
200241,2024-09-26,5276,1026,3,69.51,0.1,West,5,Completed
200242,2025-08-18,5324,1004,4,143.87,0,East,3,Completed
200243,2025-04-28,5458,1070,1,239.57,0,South,4,Completed
200244,2024-05-17,5439,1038,2,213.8,0,North,4,Completed
200245,2025-06-10,5435,1022,1,38.57,0.05,South,6,Completed
200246,2025-01-02,5075,1062,4,175.9,0,West,2,Completed
200247,2025-06-14,5343,1027,2,109.01,0,South,1,Returned
200248,2024-04-15,5333,1042,2,17.47,0.1,South,3,Completed
200249,2025-01-20,5279,1023,2,209.12,0.05,South,4,Completed
200250,2025-06-12,5193,1029,4,203.41,0,West,6,Completed
200251,2024-05-22,5004,1065,1,63.68,0.05,South,2,Completed
200252,2025-09-08,5081,1047,1,209.83,0,North,4,Completed
200253,2025-05-05,5247,1062,1,170.28,0.1,West,1,Completed
200254,2024-05-17,5294,1021,1,108.36,0.05,West,3,Completed
200255,2025-02-19,5093,1067,2,230.29,0,North,4,Completed
200256,2024-08-09,5146,1011,10,33.24,0.15,South,5,Completed
200257,2025-08-19,5308,1019,1,102.11,0.05,North,4,Completed
200258,2025-09-02,5176,1059,1,127.87,0,North,2,Completed
200259,2025-12-01,5441,1065,1,65.32,0,South,4,Completed
200260,2025-05-30,5020,1069,1,182.24,0.05,East,4,Completed
200261,2025-06-18,5001,1056,5,329.75,0.05,South,7,Completed
200262,2024-12-24,5247,1049,3,24.72,0.1,West,2,Completed
200263,2025-05-03,5069,1033,6,155.1,0,East,4,Completed
200264,2024-01-06,5132,1025,4,190.15,0.05,East,1,Completed
200265,2025-12-05,5336,1027,2,108.61,0,South,4,Completed
200266,2025-03-09,5134,1069,3,171.05,0.2,North,2,Completed
200267,2025-05-09,5283,1072,2,82.26,0,South,4,Completed
200268,2024-05-21,5397,1051,3,244.35,0.1,East,4,Completed
200269,2024-08-07,5083,1013,4,129.93,0.1,West,4,Completed
200270,2025-02-02,5027,1021,1,109.68,0,North,,Cancelled
200271,2024-03-31,5475,1056,1,313.08,0,West,3,Completed
200272,2024-10-20,5206,1067,3,233.18,0.15,East,4,Completed
200273,2024-07-25,5225,1002,6,71.45,0.05,North,5,Completed
200274,2025-12-16,5262,1067,1,216.51,0,South,1,Completed
200275,2024-10-09,5081,1012,2,229.05,0,North,4,Completed
200276,2024-04-02,5378,1009,3,213.13,0.05,West,3,Completed
200277,2024-08-19,5418,1036,1,249.46,0.15,West,3,Completed
200278,2024-04-19,5209,1065,2,62.3,0,South,4,Completed
200279,2025-08-11,5132,1069,2,172.96,0,East,3,Completed
200280,2025-11-28,5174,1059,2,128.0,0,West,1,Completed
200281,2025-11-24,5325,1029,4,192.37,0,West,4,Completed
200282,2024-09-11,5359,1034,2,135.32,0.1,South,4,Completed
200283,2024-11-17,5092,1061,5,158.89,0,South,4,Completed
200284,2025-05-25,5466,1025,1,193.93,0,East,2,Completed
200285,2025-09-25,5428,1032,4,215.58,0,East,7,Completed
200286,2025-07-08,5253,1001,5,160.18,0,East,,Cancelled
200287,2025-05-17,5460,1036,4,243.86,0.05,East,5,Completed
200288,2025-06-22,5066,1007,2,157.66,0.05,West,3,Completed
200289,2025-04-13,5352,1023,3,205.36,0,West,,Cancelled
200290,2025-01-23,5007,1027,1,106.28,0.05,East,4,Completed
200291,2025-04-27,5122,1035,2,231.02,0,West,,Cancelled
200292,2025-01-08,5215,1048,1,293.6,0,South,4,Completed
200293,2024-10-03,5118,1013,2,123.08,0.15,North,5,Completed
200294,2025-04-29,5379,1020,1,63.47,0,South,5,Completed
200295,2024-11-19,5265,1069,1,174.83,0.05,South,3,Completed
200296,2024-03-02,5354,1021,1,108.96,0.1,North,5,Completed
200297,2025-01-03,5134,1047,6,189.38,0,North,2,Completed
200298,2025-08-13,5445,1026,3,68.56,0,West,3,Completed
200299,2025-05-14,5345,1066,2,170.35,0,East,3,Completed
200300,2024-06-20,5490,1019,6,106.8,0,West,3,Completed
200301,2024-03-22,5465,1010,1,87.22,0,South,3,Completed
200302,2024-10-04,5331,1051,4,253.85,0.15,East,4,Returned
200303,2024-06-20,5231,1053,1,210.29,0.1,East,7,Completed
200304,2024-08-03,5359,1011,1,36.39,0,South,4,Completed
200305,2025-06-20,5014,1051,1,235.17,0,East,4,Completed
200306,2024-11-12,5454,1050,3,73.34,0,North,4,Completed
200307,2024-02-05,5088,1004,5,152.48,0,East,8,Completed
200308,2025-07-15,5277,1035,8,223.64,0.05,East,4,Completed
200309,2025-06-20,5324,1056,2,332.0,0.15,East,2,Completed
200310,2024-11-11,5046,1057,1,64.72,0,North,5,Completed
200311,2024-12-18,5435,1018,2,321.34,0.05,South,5,Completed
200312,2025-03-16,5154,1002,3,74.82,0.1,South,2,Completed
200313,2025-03-23,5452,1072,1,76.32,0.1,North,3,Completed
200314,2025-03-08,5135,1011,2,35.21,0.1,East,4,Completed
200315,2025-10-26,5140,1037,4,143.77,0,East,2,Completed
200316,2025-10-14,5149,1015,2,236.54,0.1,West,3,Completed
200317,2025-07-01,5078,1007,10,150.04,0,West,3,Completed
200318,2024-04-02,5005,1030,2,134.47,0,West,5,Completed
200319,2025-12-14,5191,1060,1,129.32,0.1,East,1,Completed
200320,2024-03-14,5398,1051,1,238.16,0.15,South,3,Completed
200321,2024-09-11,5007,1016,10,62.31,0,East,2,Completed
200322,2025-06-17,5377,1013,1,135.63,0,West,7,Completed
200323,2025-07-16,5082,1006,1,196.13,0.05,East,6,Completed
200324,2024-04-25,5443,1028,2,267.8,0,West,4,Completed
200325,2024-01-10,5203,1032,2,233.38,0.05,West,,Cancelled
200326,2024-04-01,5080,1048,2,301.78,0.05,North,7,Completed
200327,2024-03-02,5389,1008,1,110.12,0.05,North,3,Completed
200328,2025-10-22,5163,1072,4,74.37,0,East,4,Completed
200329,2024-09-13,5184,1018,2,313.22,0,South,4,Returned
200330,2025-07-10,5098,1024,3,120.39,0,East,6,Completed
200331,2024-03-11,5284,1021,2,115.51,0.1,East,3,Completed
200332,2025-01-23,5398,1065,5,64.38,0.05,South,4,Completed
200333,2025-11-05,5165,1009,4,215.84,0,South,,Cancelled
200334,2024-06-06,5393,1071,1,120.8,0.05,South,4,Completed
200335,2024-05-12,5035,1006,1,195.95,0,South,1,Completed
200336,2025-11-04,5329,1050,3,72.58,0.05,East,2,Completed
200337,2024-01-14,5368,1010,1,94.09,0,North,2,Returned
200338,2025-01-04,5411,1008,6,114.01,0,West,4,Completed
200339,2025-06-25,5422,1035,1,246.57,0,West,7,Completed
200340,2024-08-24,5050,1013,1,123.94,0.05,East,4,Completed
200341,2025-07-25,5092,1072,1,76.01,0.05,South,3,Completed
200342,2024-04-16,5341,1055,1,265.26,0,South,2,Completed
200343,2024-12-26,5308,1057,2,72.21,0.2,North,3,Returned
200344,2024-11-27,5325,1056,2,344.1,0,West,6,Completed
200345,2025-04-08,5131,1047,2,214.27,0.1,South,4,Completed
200346,2024-11-05,5266,1018,10,314.05,0,East,5,Completed
200347,2025-07-20,5483,1036,2,234.25,0.05,North,3,Completed
200348,2024-09-28,5080,1018,2,334.49,0,North,2,Completed
200349,2024-03-20,5205,1028,4,268.84,0,East,4,Completed
200350,2025-09-01,5296,1013,1,126.12,0.1,South,5,Completed
200351,2024-12-22,5472,1043,2,90.1,0.15,South,5,Completed
200352,2025-10-11,5383,1002,2,69.99,0,West,4,Completed
200353,2025-05-29,5077,1042,1,17.81,0.05,North,8,Completed
200354,2024-04-02,5386,1065,1,62.43,0,West,2,Completed
200355,2025-07-15,5293,1007,1,163.14,0.05,West,2,Completed
200356,2025-07-26,5070,1062,2,182.79,0.05,South,8,Completed
200357,2024-09-05,5269,1032,4,240.26,0,North,2,Completed
200358,2025-03-09,5344,1053,1,210.12,0,East,5,Completed
200359,2025-09-23,5087,1045,4,111.22,0.05,North,6,Completed
200360,2025-12-02,5120,1026,4,62.9,0.15,East,1,Completed
200361,2024-10-21,5486,1019,3,104.61,0,West,1,Completed
200362,2024-08-04,5108,1069,2,172.94,0,East,4,Completed
200363,2025-01-20,5073,1003,3,249.56,0,West,3,Completed
200364,2024-02-24,5405,1035,8,238.08,0,West,4,Completed
200365,2024-04-20,5468,1047,5,194.84,0.05,North,3,Completed
200366,2024-11-19,5364,1013,3,123.12,0,West,7,Completed
200367,2024-02-10,5288,1003,2,257.0,0,North,2,Completed
200368,2024-12-29,5178,1046,1,70.67,0.2,East,5,Completed
200369,2025-01-31,5321,1033,4,154.25,0,South,3,Returned
200370,2025-02-06,5078,1044,1,147.04,0,West,4,Completed
200371,2025-03-03,5321,1030,1,145.03,0.2,South,3,Completed
200372,2024-07-30,5278,1017,2,72.88,0.05,West,2,Completed
200373,2024-05-18,5353,1068,6,205.22,0.1,South,4,Completed
200374,2024-03-10,5081,1041,8,45.76,0,North,6,Completed
200375,2024-11-22,5373,1004,2,151.83,0,West,7,Returned
200376,2024-06-04,5458,1036,1,255.4,0,South,4,Completed
200377,2025-09-02,5137,1030,3,141.12,0,South,3,Completed
200378,2025-12-30,5258,1061,1,149.78,0,East,2,Completed
200379,2025-02-22,5116,1005,1,80.31,0,West,5,Completed
200380,2024-03-08,5104,1027,8,111.29,0,South,4,Completed
200381,2024-09-09,5444,1059,4,140.21,0.05,South,4,Completed
200382,2025-06-21,5202,1069,3,164.65,0,West,3,Completed
200383,2024-09-08,5450,1006,2,205.51,0.1,West,4,Completed
200384,2024-07-13,5323,1007,2,164.22,0,South,3,Completed
200385,2025-09-19,5217,1038,3,212.74,0.15,North,4,Returned
200386,2024-04-25,5047,1065,2,65.91,0.15,North,3,Completed
200387,2024-01-26,5166,1058,3,198.84,0.1,East,3,Completed
200388,2025-12-09,5129,1042,3,17.25,0,South,2,Completed
200389,2025-10-11,5362,1058,2,214.44,0,West,4,Completed
200390,2025-01-22,5487,1021,1,112.47,0,West,6,Completed
200391,2024-06-15,5442,1020,1,59.07,0.1,North,3,Completed
200392,2024-10-22,5394,1058,1,198.87,0,West,4,Completed
200393,2025-04-14,5130,1002,2,75.39,0.1,South,3,Completed
200394,2025-04-09,5112,1061,1,145.37,0.05,South,4,Completed
200395,2024-07-31,5318,1072,1,72.82,0.05,East,5,Completed
200396,2024-12-05,5342,1039,1,175.39,0,South,4,Returned
200397,2024-06-30,5313,1072,3,72.81,0,East,,Cancelled
200398,2024-11-26,5394,1039,2,181.22,0,West,4,Completed
200399,2024-05-17,5150,1061,5,148.62,0,North,2,Completed
200400,2024-04-21,5108,1008,10,109.83,0.05,East,4,Completed
200401,2025-03-13,5310,1037,1,146.26,0.05,North,3,Completed
200402,2025-06-16,5067,1064,2,103.47,0.1,East,2,Completed
200403,2024-01-02,5149,1025,2,206.02,0.1,West,2,Completed
200404,2025-02-27,5316,1054,2,247.56,0.1,North,4,Completed
200405,2024-09-17,5354,1037,1,134.44,0.05,North,1,Completed
200406,2024-12-15,5352,1043,2,98.73,0.2,West,2,Completed
200407,2025-11-19,5427,1044,2,132.37,0,North,2,Completed
200408,2024-12-09,5236,1069,4,163.47,0.15,West,4,Completed
200409,2025-07-22,5290,1041,1,48.65,0.05,South,6,Completed
200410,2024-06-01,5182,1009,1,214.3,0.2,West,5,Completed
200411,2024-07-10,5293,1050,5,79.05,0.1,West,3,Completed
200412,2025-02-27,5017,1035,5,243.13,0,North,3,Completed
200413,2024-06-28,5269,1039,4,192.61,0.1,North,3,Completed
200414,2025-05-27,5013,1062,2,190.06,0,South,3,Completed
200415,2024-04-10,5168,1019,6,100.33,0.05,West,4,Completed
200416,2025-12-31,5236,1050,1,72.53,0,West,5,Completed
200417,2024-12-07,5447,1012,1,231.16,0.05,West,3,Completed
200418,2025-10-16,5296,1040,1,265.7,0,South,3,Returned
200419,2024-10-06,5226,1016,1,59.52,0,West,4,Completed
200420,2024-12-24,5106,1070,1,237.01,0.15,East,4,Completed
200421,2024-11-14,5088,1010,1,85.37,0,East,3,Completed
200422,2024-04-18,5346,1007,1,161.74,0,South,6,Completed
200423,2025-09-23,5323,1058,1,213.58,0,South,5,Completed
200424,2025-08-04,5041,1060,4,121.75,0.15,East,3,Completed
200425,2025-04-26,5351,1060,1,124.08,0.15,North,6,Completed
200426,2025-12-17,5201,1024,1,112.89,0.15,West,3,Returned
200427,2024-04-25,5034,1061,2,155.44,0,West,4,Completed
200428,2024-04-15,5066,1066,3,169.11,0,West,2,Completed
200429,2025-04-17,5155,1069,2,174.39,0.05,West,8,Completed
200430,2024-12-14,5197,1009,3,223.86,0,East,4,Completed
200431,2025-12-11,5176,1070,3,240.72,0,North,4,Completed
200432,2025-08-29,5250,1015,1,235.12,0,South,3,Completed
200433,2025-09-04,5208,1009,4,207.62,0.1,North,3,Completed
200434,2024-04-02,5339,1008,1,119.74,0.05,South,5,Completed
200435,2025-11-07,5388,1019,2,106.34,0,East,2,Completed
200436,2024-11-02,5349,1041,6,49.51,0,South,3,Completed
200437,2024-04-01,5469,1045,3,117.07,0.05,South,5,Completed
200438,2025-07-16,5032,1048,1,327.05,0.05,North,,Cancelled
200439,2024-02-01,5057,1037,3,134.34,0,East,3,Completed
200440,2025-07-12,5196,1056,1,335.14,0,North,5,Completed
200441,2024-06-06,5185,1054,5,240.95,0,East,4,Completed
200442,2025-11-04,5074,1063,10,226.59,0,West,3,Completed
200443,2025-09-30,5234,1055,2,269.16,0.05,West,3,Completed
200444,2025-09-11,5096,1055,2,278.25,0.1,West,3,Completed
200445,2025-08-13,5475,1070,10,234.12,0.05,West,2,Completed
200446,2024-05-25,5247,1011,2,35.82,0.15,West,3,Completed
200447,2025-06-19,5265,1011,1,35.78,0,South,7,Returned
200448,2025-08-16,5040,1070,1,236.27,0,South,3,Completed
200449,2025-08-10,5263,1061,2,156.02,0.2,South,3,Completed
200450,2025-07-31,5019,1039,3,184.63,0.05,South,4,Completed
200451,2024-10-20,5150,1004,1,158.51,0,North,3,Completed
200452,2024-10-08,5316,1036,1,236.79,0,North,4,Completed
200453,2025-01-13,5078,1058,1,206.34,0.1,West,5,Completed
200454,2024-12-17,5442,1005,8,84.56,0.05,North,,Cancelled
200455,2025-02-26,5429,1064,1,100.37,0,East,2,Completed
200456,2024-02-25,5376,1045,4,107.3,0,West,3,Completed
200457,2025-06-29,5155,1061,3,145.71,0,West,4,Completed
200458,2024-10-22,5223,1002,2,78.76,0.05,East,4,Returned
200459,2025-06-28,5022,1013,8,134.92,0,East,5,Completed
200460,2024-09-30,5172,1035,1,232.13,0.05,East,4,Completed
200461,2025-06-16,5124,1025,3,201.15,0,South,4,Completed
200462,2024-01-13,5426,1009,2,206.88,0.05,North,4,Completed
200463,2024-02-04,5129,1025,1,203.94,0.15,South,5,Completed
200464,2025-12-26,5487,1016,1,57.67,0.05,West,,Cancelled
200465,2024-04-23,5392,1024,1,121.94,0,North,4,Completed
200466,2025-03-13,5473,1036,3,239.41,0.1,East,5,Completed
200467,2025-01-26,5142,1008,10,120.6,0,North,2,Completed
200468,2024-07-24,5036,1063,1,212.39,0,East,5,Completed
200469,2025-03-28,5112,1014,1,34.98,0,South,3,Completed
200470,2025-05-24,5229,1003,3,266.05,0.15,North,3,Completed
200471,2025-02-04,5359,1043,2,94.59,0.15,South,3,Completed
200472,2025-07-07,5433,1009,2,218.44,0.05,North,2,Completed
200473,2024-12-07,5275,1046,2,74.81,0.05,South,2,Completed
200474,2024-03-23,5274,1044,4,133.57,0,South,4,Completed
200475,2025-11-07,5496,1050,3,78.32,0.15,West,3,Completed
200476,2024-07-13,5044,1057,1,69.98,0.1,South,3,Completed
200477,2025-10-20,5033,1070,2,226.65,0.1,North,8,Completed
200478,2024-02-27,5019,1044,3,133.72,0,South,4,Completed
200479,2025-11-25,5268,1059,2,130.02,0.1,East,2,Completed
200480,2025-05-15,5377,1019,2,99.16,0.15,West,4,Completed
200481,2024-06-25,5067,1002,6,70.52,0.1,East,4,Completed
200482,2024-04-18,5428,1009,3,199.09,0.05,East,2,Completed
200483,2024-11-28,5173,1052,3,313.77,0.05,West,7,Completed
200484,2025-08-30,5110,1006,1,210.73,0,North,2,Completed
200485,2024-06-17,5190,1071,6,120.62,0,South,5,Completed
200486,2024-06-10,5314,1049,2,23.13,0,North,2,Completed
200487,2025-03-02,5334,1037,4,130.97,0,West,2,Completed
200488,2025-04-06,5139,1067,6,210.73,0.05,West,2,Completed
200489,2025-10-04,5256,1012,1,228.22,0,East,2,Completed
200490,2025-09-25,5272,1013,4,123.46,0.05,North,5,Completed
200491,2024-10-10,5338,1027,1,114.48,0,East,6,Completed
200492,2024-06-12,5255,1023,1,194.98,0.05,East,3,Completed
200493,2024-02-14,5172,1059,1,128.72,0.05,East,1,Completed
200494,2024-03-13,5264,1015,3,231.5,0.05,West,2,Returned
200495,2024-08-23,5347,1042,1,17.26,0,South,6,Completed
200496,2024-03-16,5193,1029,2,187.14,0.15,West,6,Completed
200497,2025-01-31,5233,1023,2,196.87,0,East,3,Completed
200498,2024-02-02,5172,1017,1,79.18,0,East,3,Completed
200499,2024-08-13,5088,1044,3,141.31,0.1,East,4,Returned
200500,2024-08-23,5088,1071,5,135.21,0,East,4,Completed
200501,2024-10-12,5429,1060,2,118.3,0.15,East,3,Completed
200502,2025-08-10,5114,1020,2,63.44,0,North,5,Returned
200503,2025-03-11,5259,1005,2,84.55,0.1,North,3,Completed
200504,2025-07-25,5124,1011,3,33.45,0,South,3,Completed
200505,2024-01-17,5123,1012,1,236.93,0.1,East,5,Completed
200506,2025-04-19,5013,1059,5,139.62,0,South,3,Completed
200507,2025-10-04,5238,1001,5,154.24,0,East,3,Completed
200508,2025-08-12,5139,1070,4,239.26,0,West,5,Completed
200509,2025-11-21,5029,1066,1,167.16,0,West,1,Completed
200510,2025-10-25,5188,1023,1,192.92,0.1,West,8,Completed
200511,2024-04-26,5123,1070,3,238.98,0.1,East,4,Completed
200512,2024-11-24,5386,1029,1,190.46,0.05,West,1,Completed
200513,2025-05-12,5177,1058,4,207.58,0,South,5,Completed
200514,2025-04-07,5461,1038,4,222.19,0.15,West,7,Completed
200515,2025-04-13,5034,1025,2,211.67,0,West,2,Completed
200516,2024-04-24,5085,1036,2,247.75,0.15,North,4,Completed
200517,2025-11-29,5151,1054,1,255.18,0,South,4,Completed
200518,2024-03-05,5150,1025,4,200.44,0.1,North,3,Completed
200519,2025-11-02,5297,1044,1,142.35,0.05,East,5,Completed
200520,2024-11-07,5228,1059,5,139.61,0,East,2,Completed
200521,2024-02-18,5191,1037,1,139.63,0.2,East,2,Completed
200522,2024-07-05,5275,1037,4,140.47,0.05,South,,Cancelled
200523,2024-08-31,5079,1021,10,114.03,0.05,North,3,Completed
200524,2025-12-25,5106,1072,1,76.15,0,East,4,Completed
200525,2024-11-04,5084,1069,1,179.28,0.15,North,7,Completed
200526,2024-06-08,5476,1041,3,45.84,0.2,East,4,Completed
200527,2025-08-10,5243,1038,4,225.3,0.1,North,3,Completed
200528,2024-02-11,5058,1062,2,179.09,0,North,5,Completed
200529,2024-04-04,5229,1046,3,70.89,0,North,5,Completed
200530,2024-07-19,5393,1036,2,252.52,0,South,2,Completed
200531,2024-07-18,5263,1051,3,232.05,0.05,South,4,Completed
200532,2025-03-13,5204,1019,2,103.28,0,East,8,Completed
200533,2024-03-30,5448,1072,5,76.58,0.1,North,3,Completed
200534,2025-02-28,5084,1055,2,260.75,0,North,3,Completed
200535,2024-12-09,5445,1068,8,190.59,0.1,West,3,Completed
200536,2025-02-28,5469,1035,2,245.68,0.05,South,2,Completed
200537,2024-10-23,5427,1049,1,25.15,0.1,North,3,Completed
200538,2024-08-17,5287,1060,1,129.39,0,North,5,Completed
200539,2025-10-31,5242,1016,1,61.65,0,East,4,Completed
200540,2024-10-10,5015,1016,10,57.56,0.05,South,3,Completed
200541,2025-10-05,5224,1034,10,135.87,0.1,West,5,Completed
200542,2024-06-15,5009,1034,1,141.53,0,North,3,Completed
200543,2025-01-04,5028,1035,6,227.01,0,East,4,Completed
200544,2025-06-10,5480,1010,3,90.75,0.1,East,2,Completed
200545,2025-12-02,5166,1041,1,46.03,0.05,East,4,Completed
200546,2024-01-14,5181,1019,1,104.1,0.1,East,6,Completed
200547,2024-08-11,5084,1014,1,36.42,0,North,4,Completed
200548,2025-06-28,5426,1068,3,199.06,0.1,North,6,Completed
200549,2024-01-18,5060,1017,1,78.85,0,South,6,Completed
200550,2024-12-16,5306,1067,1,213.05,0.1,North,2,Completed
200551,2025-12-05,5356,1019,1,99.6,0,East,4,Completed
200552,2024-03-20,5402,1015,2,227.57,0,West,1,Completed
200553,2025-08-30,5338,1066,1,158.57,0,East,4,Completed
200554,2024-05-06,5387,1013,1,122.89,0.15,West,3,Returned
200555,2024-10-11,5047,1019,2,105.29,0,North,,Cancelled
200556,2025-06-01,5374,1031,1,230.81,0.05,West,2,Completed
200557,2024-06-24,5099,1037,2,130.47,0.2,North,2,Returned
200558,2025-01-10,5259,1061,1,142.72,0.05,North,5,Completed
200559,2024-08-07,5195,1055,2,264.45,0.1,East,3,Completed
200560,2025-05-22,5267,1018,3,302.75,0.05,North,3,Completed
200561,2024-10-17,5060,1050,3,80.39,0.05,South,2,Completed
200562,2025-03-14,5209,1038,1,213.07,0.1,South,4,Completed
200563,2025-11-21,5092,1002,1,75.87,0,South,2,Completed
200564,2025-02-14,5074,1051,10,258.4,0.1,West,2,Completed
200565,2024-12-12,5187,1026,5,63.92,0,East,3,Completed
200566,2025-12-31,5256,1036,3,256.62,0.1,East,7,Completed
200567,2025-11-13,5183,1061,2,146.03,0,North,5,Completed
200568,2024-09-13,5056,1016,1,55.07,0.15,East,5,Completed
200569,2025-05-25,5426,1009,10,215.73,0,North,2,Completed
200570,2024-03-19,5319,1013,2,127.51,0,West,3,Completed
200571,2025-05-31,5255,1063,2,223.87,0.15,East,7,Completed
200572,2024-05-01,5017,1056,1,331.06,0,North,1,Completed
200573,2025-12-24,5286,1039,2,180.32,0,South,5,Completed
200574,2025-11-06,5292,1063,2,224.31,0,West,2,Completed
200575,2024-09-26,5029,1051,10,241.4,0.05,West,8,Completed
200576,2024-01-29,5165,1008,1,120.55,0,South,4,Completed
200577,2025-01-24,5392,1044,2,136.21,0,North,4,Completed
200578,2025-10-25,5127,1031,1,257.76,0.05,North,2,Completed
200579,2025-07-05,5087,1003,2,262.83,0.15,North,6,Completed
200580,2025-12-13,5137,1003,1,262.91,0,South,3,Completed
200581,2024-04-12,5051,1063,1,231.42,0,West,4,Completed
200582,2025-01-07,5086,1039,1,194.03,0.05,North,,Cancelled
200583,2024-08-07,5039,1069,1,171.15,0.2,West,2,Completed
200584,2025-08-15,5381,1012,1,235.29,0,North,3,Completed
200585,2024-03-19,5108,1045,1,111.11,0.1,East,4,Completed
200586,2025-02-15,5103,1054,2,258.59,0.05,East,6,Completed
200587,2024-07-10,5322,1067,1,230.94,0.2,West,3,Completed
200588,2025-09-21,5480,1069,6,178.35,0.15,East,1,Completed
200589,2025-04-18,5103,1047,1,196.63,0.05,East,3,Completed
200590,2025-10-11,5164,1009,2,214.83,0.1,West,3,Completed
200591,2025-02-19,5308,1031,1,255.49,0,North,3,Completed
200592,2025-03-22,5249,1072,6,75.16,0,North,1,Completed
200593,2025-11-05,5405,1036,3,254.13,0,West,5,Completed
200594,2024-11-17,5029,1011,5,34.29,0.15,West,3,Completed
200595,2025-02-10,5337,1012,3,215.29,0,North,,Cancelled
200596,2024-05-03,5377,1065,4,69.14,0.15,West,3,Completed
200597,2024-08-31,5453,1012,4,236.19,0,North,5,Completed
200598,2025-03-09,5413,1031,1,239.02,0,North,3,Completed
200599,2025-05-17,5442,1008,3,116.63,0,North,3,Completed
200600,2024-05-28,5127,1036,3,231.93,0.1,North,7,Completed
200601,2025-11-09,5311,1005,1,82.99,0.15,East,3,Completed
200602,2025-10-16,5197,1040,2,260.28,0.1,East,,Cancelled
200603,2025-03-29,5444,1031,6,261.2,0,South,3,Completed
200604,2024-10-31,5047,1031,5,250.27,0.15,North,6,Completed
200605,2024-02-04,5393,1053,1,205.8,0.1,South,5,Completed
200606,2025-03-08,5475,1043,4,97.11,0.1,West,3,Completed
200607,2025-09-08,5181,1054,2,263.45,0,East,5,Completed
200608,2025-10-07,5329,1024,3,111.05,0,East,3,Completed
200609,2024-04-23,5295,1011,2,36.17,0.2,West,5,Completed
200610,2024-11-23,5434,1053,5,197.4,0,North,4,Completed
200611,2024-07-22,5168,1037,2,135.38,0,West,5,Completed
200612,2024-01-22,5293,1029,6,199.24,0.05,West,,Cancelled
200613,2025-04-18,5465,1012,3,223.68,0,South,3,Completed
200614,2024-04-01,5134,1020,1,55.97,0.05,North,,Cancelled
200615,2025-04-09,5270,1056,2,320.13,0,North,7,Completed
200616,2024-10-21,5417,1035,2,224.52,0,North,2,Completed
200617,2025-11-24,5422,1037,1,129.24,0.1,West,8,Completed
200618,2024-09-11,5121,1058,3,193.77,0,West,2,Completed
200619,2025-12-04,5166,1051,2,249.1,0,East,2,Completed
200620,2024-02-23,5286,1008,1,123.33,0.15,South,7,Completed
200621,2024-01-06,5496,1006,3,201.25,0,West,3,Completed
200622,2024-02-12,5496,1072,1,81.68,0.05,West,6,Completed
200623,2024-11-20,5068,1012,2,221.13,0,West,8,Completed
200624,2025-01-04,5256,1036,1,250.67,0.15,East,5,Returned
200625,2024-11-16,5136,1067,1,223.74,0.1,North,7,Completed
200626,2024-02-24,5285,1057,1,68.89,0,South,2,Completed
200627,2024-04-28,5240,1056,6,326.66,0,North,,Cancelled
200628,2025-05-11,5364,1072,1,73.92,0.1,West,3,Completed
200629,2024-07-03,5105,1037,3,138.66,0.1,West,4,Completed
200630,2025-06-22,5109,1001,1,158.72,0.15,East,3,Completed
200631,2024-01-27,5049,1043,10,93.17,0,East,6,Completed
200632,2024-06-06,5055,1042,2,16.7,0.1,West,4,Completed
200633,2024-12-03,5138,1001,3,160.38,0.2,East,,Cancelled
200634,2024-08-04,5375,1017,4,78.66,0,East,5,Completed
200635,2024-04-04,5281,1049,1,25.25,0.2,West,2,Completed
200636,2024-06-15,5437,1027,2,116.03,0.05,West,2,Completed
200637,2025-03-18,5153,1063,6,225.49,0.15,South,3,Completed
200638,2025-06-08,5050,1048,2,299.02,0,East,4,Completed
200639,2025-01-12,5047,1055,2,254.95,0,North,3,Completed
200640,2025-10-25,5238,1029,1,199.31,0,East,4,Completed
200641,2025-03-23,5149,1060,4,129.83,0,West,4,Completed
200642,2025-06-19,5154,1032,2,240.06,0.05,South,4,Completed
200643,2025-02-26,5262,1055,3,262.34,0.05,South,3,Completed
200644,2024-01-17,5042,1065,3,62.85,0,East,3,Completed
200645,2025-12-22,5043,1054,2,262.63,0,East,4,Completed
200646,2024-07-10,5136,1044,1,134.57,0.2,North,4,Completed
200647,2024-01-19,5223,1069,1,172.81,0,East,4,Completed
200648,2024-11-06,5445,1063,10,227.49,0,West,4,Completed
200649,2024-03-30,5203,1039,1,171.58,0,West,8,Completed
200650,2024-08-02,5440,1004,1,159.65,0,North,5,Completed
200651,2024-03-29,5276,1025,2,187.69,0,West,2,Completed
200652,2025-05-11,5079,1057,5,66.51,0.05,North,4,Completed
200653,2024-02-22,5427,1051,1,243.89,0.1,North,3,Completed
200654,2024-10-24,5254,1071,2,130.8,0.05,West,7,Completed
200655,2024-08-25,5464,1063,2,217.29,0,West,1,Completed
200656,2025-04-29,5458,1054,3,255.33,0.05,South,3,Completed
200657,2024-07-15,5083,1037,2,139.09,0.05,West,4,Completed
200658,2024-05-14,5472,1060,3,120.94,0,South,7,Returned
200659,2025-04-28,5335,1047,5,196.17,0.05,East,5,Completed
200660,2024-05-12,5342,1062,1,188.19,0,South,7,Completed
200661,2024-08-28,5253,1039,1,191.85,0,East,3,Completed
200662,2025-05-30,5082,1023,1,203.52,0,East,2,Completed
200663,2024-09-21,5115,1063,4,230.24,0.1,West,,Cancelled
200664,2024-06-03,5286,1035,5,221.46,0.05,South,1,Completed
200665,2025-04-13,5485,1057,4,71.65,0.2,South,,Cancelled
200666,2025-07-29,5313,1014,1,36.31,0.05,East,6,Completed
200667,2025-12-26,5081,1038,2,202.77,0.1,North,4,Completed
200668,2024-05-05,5172,1018,2,332.76,0,East,3,Completed
200669,2024-12-15,5415,1061,1,154.42,0,North,3,Completed
200670,2024-06-04,5323,1032,2,217.31,0.1,South,3,Completed
200671,2025-04-14,5471,1053,2,217.72,0.05,North,,Cancelled
200672,2024-01-11,5227,1019,2,103.11,0,North,3,Completed
200673,2025-03-20,5396,1022,4,38.94,0.05,South,6,Completed
200674,2024-10-29,5030,1067,5,234.71,0.1,South,4,Completed
200675,2024-01-09,5161,1045,6,107.01,0.05,West,3,Completed
200676,2025-07-11,5330,1027,3,107.48,0,South,5,Completed
200677,2024-07-21,5333,1052,1,316.58,0.05,South,4,Returned
200678,2025-06-16,5451,1017,1,76.27,0,North,,Cancelled
200679,2025-10-12,5267,1044,1,140.5,0.1,North,3,Completed
200680,2025-03-08,5397,1039,1,179.95,0,East,,Cancelled
200681,2024-12-28,5322,1065,4,65.09,0.15,West,4,Completed
200682,2024-12-13,5003,1059,4,135.75,0.2,North,,Cancelled
200683,2025-09-01,5458,1069,1,180.32,0.05,South,4,Completed
200684,2025-06-16,5072,1049,1,23.17,0.05,West,5,Completed
200685,2024-05-30,5233,1013,4,120.88,0,East,6,Completed
200686,2025-04-01,5244,1028,3,260.02,0,West,5,Completed
200687,2025-08-21,5447,1034,2,145.74,0,West,3,Completed
200688,2024-06-15,5499,1054,1,244.83,0.1,South,4,Completed
200689,2024-04-30,5442,1068,2,192.35,0,North,4,Completed
200690,2025-09-08,5472,1016,1,57.02,0,South,4,Completed
200691,2024-11-08,5061,1048,1,319.65,0,North,,Cancelled
200692,2024-02-19,5073,1054,1,246.6,0,West,5,Returned
200693,2025-07-14,5002,1016,5,59.14,0,North,4,Completed
200694,2025-01-21,5461,1044,3,143.51,0.05,West,3,Completed
200695,2025-11-14,5236,1058,5,214.67,0,West,4,Completed
200696,2024-08-26,5210,1050,1,78.71,0,South,3,Returned
200697,2024-06-18,5143,1012,2,232.57,0.1,North,4,Completed
200698,2024-03-28,5064,1072,3,72.98,0.05,East,4,Completed
200699,2025-05-29,5097,1061,1,144.12,0.15,East,1,Returned
200700,2024-09-08,5403,1027,4,103.82,0.05,South,4,Completed
200701,2025-08-26,5165,1052,5,318.52,0,South,3,Completed
200702,2024-11-20,5441,1068,1,202.27,0.2,South,3,Completed
200703,2024-04-01,5094,1033,8,144.52,0.05,East,7,Completed
200704,2025-12-31,5093,1004,2,151.24,0,North,3,Completed
200705,2024-02-23,5193,1016,4,58.54,0.05,West,5,Completed
200706,2024-10-02,5198,1015,2,236.3,0,West,3,Completed
200707,2024-10-02,5120,1003,2,269.34,0,East,4,Completed
200708,2025-08-04,5065,1039,1,175.98,0.05,West,7,Completed
200709,2024-06-21,5192,1070,2,240.15,0,North,3,Completed
200710,2025-09-27,5001,1060,10,129.03,0,South,3,Completed
200711,2025-11-27,5307,1033,2,154.84,0.05,West,4,Completed
200712,2025-06-30,5024,1021,1,109.35,0,East,2,Completed
200713,2025-03-18,5285,1036,2,259.24,0.1,South,7,Completed
200714,2025-12-25,5326,1034,1,135.31,0.2,South,3,Completed
200715,2024-01-17,5307,1043,1,96.02,0.15,West,1,Returned
200716,2025-02-27,5005,1023,3,197.75,0,West,2,Completed
200717,2025-07-05,5449,1010,4,91.59,0.05,West,3,Completed
200718,2025-09-07,5417,1049,1,24.72,0.1,North,1,Completed
200719,2024-07-16,5237,1048,1,299.52,0,East,6,Completed
200720,2024-04-02,5184,1025,3,192.79,0.1,South,8,Completed
200721,2024-02-07,5496,1047,6,194.27,0.1,West,2,Completed
200722,2024-04-23,5421,1051,2,247.67,0,East,4,Completed
200723,2024-03-07,5290,1023,3,211.64,0,South,5,Completed
200724,2024-10-07,5452,1067,3,229.53,0.2,North,4,Completed
200725,2025-04-09,5130,1072,2,78.9,0.05,South,5,Completed
200726,2025-02-20,5166,1056,3,326.87,0,East,5,Completed
200727,2024-02-18,5453,1029,2,183.63,0,North,2,Completed
200728,2024-08-19,5042,1004,2,148.05,0,East,,Cancelled
200729,2024-11-14,5085,1043,3,93.87,0,North,1,Completed
200730,2024-09-13,5409,1043,2,98.73,0.2,West,5,Completed
200731,2024-03-15,5267,1031,3,250.08,0.1,North,4,Completed
200732,2024-02-04,5044,1008,5,120.15,0.05,South,1,Completed
200733,2024-02-26,5411,1057,3,70.72,0,West,4,Completed
200734,2025-02-15,5151,1049,4,24.42,0,South,4,Completed
200735,2025-01-28,5006,1059,2,127.74,0.05,West,4,Completed
200736,2025-04-09,5346,1004,2,143.4,0,South,4,Completed
200737,2025-08-09,5304,1025,2,199.46,0,East,4,Completed
200738,2024-05-20,5096,1032,1,226.01,0,West,7,Completed
200739,2024-11-14,5387,1046,2,70.38,0,West,4,Completed
200740,2024-01-09,5150,1048,3,297.79,0,North,5,Completed
200741,2025-03-08,5287,1007,10,151.58,0.05,North,1,Completed
200742,2025-12-12,5097,1061,2,157.06,0.05,East,4,Completed
200743,2025-03-04,5172,1039,1,192.54,0.15,East,3,Completed
200744,2025-10-16,5472,1001,1,158.57,0.05,South,5,Completed
200745,2025-01-19,5488,1043,1,93.04,0.2,West,2,Completed
200746,2024-04-27,5016,1072,2,81.51,0.05,East,3,Completed
200747,2024-07-22,5500,1004,1,157.24,0.15,West,3,Completed
200748,2024-07-01,5284,1032,1,216.24,0,East,5,Completed
200749,2025-11-01,5071,1049,1,23.51,0.15,South,3,Completed
200750,2025-11-07,5415,1048,2,313.02,0.1,North,3,Completed
200751,2024-05-01,5365,1009,6,202.56,0.1,South,3,Completed
200752,2025-09-05,5192,1041,3,48.43,0.15,North,4,Completed
200753,2024-10-28,5438,1069,1,179.88,0,North,6,Completed
200754,2025-08-21,5436,1066,1,167.27,0,West,4,Returned
200755,2025-06-04,5034,1022,5,37.63,0.1,West,4,Completed
200756,2025-12-30,5092,1042,3,16.74,0.1,South,3,Completed
200757,2024-07-31,5206,1005,1,80.13,0.15,East,3,Completed
200758,2025-08-08,5456,1049,5,22.83,0,South,5,Completed
200759,2025-06-15,5152,1057,2,70.22,0,East,3,Completed
200760,2025-02-22,5240,1056,2,312.52,0,North,3,Completed
200761,2025-01-02,5136,1010,1,90.15,0.05,North,2,Returned
200762,2024-04-10,5142,1030,2,134.86,0.05,North,4,Completed
200763,2025-11-30,5129,1039,1,174.44,0.05,South,5,Completed
200764,2024-09-24,5367,1070,1,236.4,0.1,East,3,Completed
200765,2025-04-28,5208,1002,10,77.84,0.2,North,2,Completed
200766,2025-04-30,5371,1027,2,109.21,0.05,South,5,Completed
200767,2024-11-16,5175,1011,2,34.34,0.15,South,3,Completed
200768,2024-01-31,5437,1072,2,81.81,0,West,1,Completed
200769,2024-12-13,5415,1046,2,73.03,0.1,North,4,Completed
200770,2025-08-24,5154,1042,4,16.0,0.15,South,7,Completed
200771,2025-01-25,5170,1051,2,236.21,0.05,North,2,Completed
200772,2025-10-16,5292,1058,1,208.14,0,West,1,Returned
200773,2024-01-28,5353,1063,1,216.38,0.2,South,2,Completed
200774,2024-03-12,5338,1068,2,196.73,0,East,6,Completed
200775,2024-04-23,5201,1021,2,113.26,0.1,West,6,Completed
200776,2024-07-29,5106,1017,4,72.46,0.05,East,4,Completed
200777,2025-05-29,5159,1026,2,70.35,0,South,3,Completed
200778,2025-09-11,5423,1052,2,336.7,0.15,North,3,Completed
200779,2024-04-03,5295,1006,5,209.24,0,West,4,Completed
200780,2025-09-19,5153,1051,5,235.94,0,South,4,Completed
200781,2025-01-28,5222,1059,1,132.78,0.05,South,7,Returned
200782,2024-10-07,5123,1021,2,108.52,0.05,East,4,Returned
200783,2025-05-20,5462,1028,4,253.73,0,West,5,Completed
200784,2025-02-23,5259,1042,1,16.67,0.05,North,2,Completed
200785,2025-01-25,5356,1060,2,115.01,0,East,3,Completed
200786,2024-11-30,5364,1018,2,304.47,0,West,4,Completed
200787,2024-05-23,5366,1057,1,72.15,0,East,4,Completed
200788,2024-05-07,5091,1038,2,220.95,0,West,4,Completed
200789,2025-01-01,5079,1057,3,69.44,0.15,North,3,Completed
200790,2025-10-18,5025,1067,3,229.45,0,East,3,Completed
200791,2024-02-19,5307,1001,4,161.42,0.15,West,2,Completed
200792,2025-03-07,5047,1003,1,266.57,0.1,North,1,Completed
200793,2025-11-11,5491,1013,1,121.63,0,South,3,Completed
200794,2025-10-01,5288,1025,2,190.22,0.15,North,2,Completed
200795,2024-06-26,5183,1042,3,16.13,0,North,2,Completed
200796,2025-10-27,5337,1036,1,244.28,0.15,North,5,Completed
200797,2025-12-30,5256,1014,10,33.2,0.15,East,7,Completed
200798,2025-10-08,5308,1042,3,17.16,0.2,North,3,Completed
200799,2025-11-13,5326,1041,1,47.36,0.05,South,3,Completed
200800,2025-05-30,5328,1030,10,139.85,0,South,6,Completed
200801,2025-03-14,5159,1031,3,242.17,0,South,3,Completed
200802,2024-07-28,5078,1049,1,25.63,0.1,West,3,Completed
200803,2024-05-17,5450,1043,3,94.95,0.1,West,8,Completed
200804,2024-01-25,5332,1037,3,132.36,0,North,1,Completed
200805,2025-12-04,5470,1032,1,228.5,0.15,East,2,Completed
200806,2024-03-07,5323,1001,1,166.88,0,South,2,Completed
200807,2024-04-03,5105,1017,2,72.9,0.1,West,3,Completed
200808,2024-11-14,5219,1060,1,123.9,0,North,3,Completed
200809,2025-10-12,5296,1058,5,218.68,0,South,3,Completed
200810,2025-04-27,5194,1022,2,39.52,0.1,East,5,Completed
200811,2024-01-21,5407,1062,2,190.81,0,South,3,Completed
200812,2025-07-20,5276,1020,1,59.33,0,West,3,Completed
200813,2024-03-14,5311,1062,3,191.04,0,East,1,Completed
200814,2025-01-18,5442,1065,6,69.47,0.15,North,3,Completed
200815,2025-10-18,5251,1040,1,290.77,0.15,East,,Cancelled
200816,2025-08-02,5064,1050,4,79.7,0.2,East,5,Completed
200817,2025-12-27,5179,1066,3,171.15,0.05,East,6,Completed
200818,2024-09-05,5377,1032,6,233.91,0,West,1,Completed
200819,2024-09-24,5341,1019,8,101.88,0,South,4,Completed
200820,2024-01-13,5340,1021,1,113.2,0.1,North,4,Completed
200821,2025-06-14,5499,1011,5,34.38,0,South,4,Returned
200822,2025-11-05,5257,1069,2,178.93,0.1,West,6,Returned
200823,2024-04-21,5446,1012,4,216.18,0,South,5,Completed
200824,2025-12-16,5477,1051,10,230.33,0.1,South,1,Completed
200825,2025-06-21,5357,1054,1,246.38,0,East,2,Completed
200826,2025-05-13,5069,1026,8,68.85,0,East,2,Completed
200827,2024-07-15,5031,1024,6,117.36,0,South,4,Completed
200828,2024-03-22,5445,1022,2,37.47,0,West,4,Completed
200829,2025-11-19,5245,1063,1,235.51,0,North,4,Completed
200830,2024-04-09,5405,1006,4,204.53,0,West,7,Completed
200831,2025-04-29,5137,1063,3,227.72,0,South,3,Completed
200832,2025-01-04,5162,1031,2,241.59,0,South,3,Completed
200833,2025-04-12,5052,1001,2,172.99,0.1,West,1,Completed
200834,2024-10-13,5063,1068,4,199.95,0,North,,Cancelled
200835,2025-06-11,5352,1061,1,159.09,0.2,West,5,Completed
200836,2024-02-16,5009,1047,3,194.91,0.05,North,,Cancelled
200837,2025-09-19,5249,1052,2,339.26,0.15,North,3,Completed
200838,2025-01-29,5338,1013,1,128.39,0,East,4,Completed
200839,2024-02-02,5439,1065,4,66.97,0,North,4,Completed
200840,2024-06-21,5448,1060,8,122.88,0,North,3,Returned
200841,2024-04-18,5088,1012,3,238.99,0,East,6,Completed
200842,2024-08-13,5393,1036,3,252.49,0.2,South,4,Completed
200843,2025-10-10,5473,1069,1,181.58,0.05,East,7,Completed
200844,2025-10-21,5393,1009,6,216.96,0.1,South,4,Completed
200845,2025-03-23,5402,1072,1,73.33,0,West,2,Completed
200846,2024-04-28,5380,1025,1,196.87,0,West,5,Completed
200847,2025-08-27,5160,1008,5,113.28,0.2,West,3,Completed
200848,2025-06-16,5348,1017,3,71.01,0,East,5,Completed
200849,2024-10-30,5162,1019,2,106.65,0,South,2,Completed
200850,2025-09-05,5341,1005,2,78.85,0.05,South,5,Completed
200851,2025-10-08,5294,1062,2,178.51,0.1,West,8,Completed
200852,2024-08-03,5171,1020,6,61.48,0,North,6,Completed
200853,2025-05-14,5398,1023,1,211.09,0.1,South,2,Completed
200854,2025-02-05,5012,1071,3,131.34,0.2,North,3,Completed
200855,2024-10-16,5271,1037,1,135.67,0.15,South,2,Completed
200856,2025-12-27,5386,1007,3,156.44,0.05,West,3,Completed
200857,2024-08-02,5460,1019,3,98.67,0.1,East,4,Completed
200858,2025-11-25,5295,1014,5,36.81,0,West,4,Completed
200859,2024-04-08,5087,1008,2,110.27,0.15,North,4,Completed
200860,2024-06-01,5174,1056,2,321.73,0,West,3,Completed
200861,2025-10-30,5353,1023,4,204.89,0.2,South,2,Completed
200862,2024-10-08,5238,1049,2,22.93,0,East,2,Completed
200863,2024-08-18,5329,1066,2,163.04,0.05,East,5,Completed
200864,2025-01-28,5407,1024,3,116.54,0,South,2,Completed
200865,2024-07-08,5033,1069,3,180.37,0,North,5,Completed
200866,2024-03-06,5272,1063,2,230.81,0.1,North,2,Completed
200867,2025-11-05,5386,1027,1,105.16,0.05,West,4,Returned
200868,2024-05-05,5410,1041,2,44.38,0.05,South,3,Completed
200869,2024-03-27,5386,1005,2,81.67,0,West,,Cancelled
200870,2024-09-11,5217,1001,8,170.0,0.05,North,4,Completed
200871,2025-08-13,5228,1018,1,342.14,0.15,East,4,Completed
200872,2025-12-05,5262,1027,4,105.27,0,South,3,Completed
200873,2024-05-17,5427,1028,1,245.79,0,North,4,Completed
200874,2024-09-18,5039,1071,3,126.42,0,West,7,Completed
200875,2025-12-12,5347,1055,1,262.89,0.05,South,4,Completed
200876,2025-01-16,5331,1025,3,191.33,0.05,East,5,Completed
200877,2025-01-23,5162,1056,3,316.78,0,South,2,Completed
200878,2024-03-08,5281,1053,1,213.35,0.15,West,2,Completed
200879,2024-10-07,5409,1029,2,193.01,0.2,West,2,Completed
200880,2024-06-28,5474,1016,5,60.9,0.05,East,2,Completed
200881,2025-07-18,5179,1037,1,134.34,0,East,5,Completed
200882,2025-11-25,5093,1045,2,117.1,0.05,North,,Cancelled
200883,2024-09-22,5245,1017,2,72.14,0,North,3,Completed
200884,2024-02-24,5377,1035,3,241.58,0,West,4,Returned
200885,2024-07-06,5215,1059,2,130.94,0,South,7,Completed
200886,2024-11-08,5267,1030,1,142.57,0,North,5,Completed
200887,2024-03-19,5325,1011,8,32.74,0,West,5,Completed
200888,2024-01-11,5284,1064,2,101.54,0.05,East,,Cancelled
200889,2025-06-11,5246,1064,3,93.89,0.05,West,1,Completed
200890,2025-03-11,5098,1001,3,169.08,0,East,7,Completed
200891,2025-12-01,5422,1068,3,205.69,0.2,West,6,Completed
200892,2024-06-28,5269,1029,4,207.42,0.05,North,3,Completed
200893,2025-01-17,5195,1022,1,39.87,0.05,East,,Cancelled
200894,2024-10-24,5436,1016,1,60.38,0,West,4,Completed
200895,2025-10-20,5112,1040,5,287.27,0.15,South,5,Completed
200896,2024-01-07,5030,1046,1,66.18,0,South,6,Completed
200897,2024-12-29,5096,1052,2,322.3,0,West,6,Completed
200898,2025-05-14,5211,1016,4,58.38,0,South,3,Completed
200899,2024-07-05,5187,1055,1,276.32,0.2,East,3,Completed
200900,2025-03-20,5072,1046,5,67.13,0.1,West,3,Completed
200901,2025-03-07,5069,1051,6,236.55,0,East,3,Completed
200902,2024-05-01,5341,1035,2,239.69,0.1,South,3,Completed
200903,2025-05-28,5392,1052,3,305.95,0.1,North,7,Completed
200904,2024-05-09,5406,1003,2,251.77,0.1,East,4,Completed
200905,2025-09-03,5176,1055,2,270.41,0,North,5,Completed
200906,2025-06-07,5127,1020,1,57.87,0,North,4,Completed
200907,2024-07-22,5342,1055,4,278.89,0,South,4,Completed
200908,2024-08-22,5097,1020,2,57.33,0,East,2,Completed
200909,2024-04-03,5010,1026,2,67.88,0.05,West,8,Completed
200910,2025-03-12,5114,1044,2,135.37,0.05,North,3,Completed
200911,2025-12-29,5144,1045,1,105.49,0,North,1,Completed
200912,2024-08-05,5382,1042,1,16.6,0.05,East,3,Completed
200913,2024-12-08,5252,1047,1,203.13,0,West,6,Completed
200914,2025-01-05,5170,1047,2,195.03,0.05,North,3,Completed
200915,2024-03-30,5300,1050,1,73.28,0.1,South,4,Returned
200916,2024-07-16,5468,1025,6,201.13,0,North,3,Completed
200917,2024-07-25,5372,1061,1,148.71,0,South,4,Completed
200918,2024-12-21,5457,1072,2,81.49,0.1,East,1,Returned
200919,2025-05-30,5215,1068,1,213.24,0,South,3,Completed
200920,2025-12-11,5490,1008,4,116.44,0,West,4,Completed
200921,2025-03-24,5039,1022,2,37.76,0.1,West,3,Completed
200922,2024-06-12,5095,1001,3,173.06,0,West,4,Completed
200923,2024-09-22,5258,1068,1,202.54,0.1,East,2,Completed
200924,2024-08-31,5024,1069,3,168.39,0.15,East,2,Completed
200925,2025-10-19,5448,1007,10,149.86,0,North,,Cancelled
200926,2025-10-09,5333,1045,2,115.03,0,South,4,Completed
200927,2025-02-22,5370,1018,1,326.86,0.2,West,1,Returned
200928,2024-10-13,5183,1029,10,208.08,0.05,North,5,Completed
200929,2025-12-05,5400,1014,3,35.26,0.15,West,4,Completed
200930,2024-08-13,5419,1057,1,72.32,0.05,South,3,Completed
200931,2025-03-20,5229,1030,6,132.18,0,North,2,Completed
200932,2024-07-12,5442,1023,8,194.91,0,North,3,Completed
200933,2025-02-07,5454,1023,1,198.61,0,North,3,Completed
200934,2024-04-12,5331,1052,1,301.03,0.1,East,2,Completed
200935,2024-04-22,5197,1003,4,245.33,0.05,East,3,Completed
200936,2024-05-26,5043,1035,3,218.63,0.1,East,5,Returned
200937,2025-12-25,5278,1044,1,145.83,0.1,West,5,Completed
200938,2025-05-05,5158,1043,1,96.25,0.05,East,2,Completed
200939,2024-04-15,5423,1006,1,201.79,0.15,North,1,Completed
200940,2024-08-20,5115,1004,1,147.58,0.05,West,6,Completed
200941,2025-05-18,5197,1015,1,250.6,0,East,3,Completed
200942,2024-05-01,5316,1043,6,89.16,0,North,2,Completed
200943,2024-12-08,5220,1068,3,205.5,0,West,3,Completed
200944,2024-12-22,5419,1037,1,135.24,0,South,3,Completed
200945,2024-01-03,5465,1010,10,85.56,0.1,South,2,Completed
200946,2024-03-09,5229,1062,2,173.12,0.1,North,3,Completed
200947,2025-01-29,5066,1024,2,122.48,0,West,4,Completed
200948,2024-05-21,5326,1043,3,93.71,0,South,3,Completed
200949,2025-06-29,5274,1064,1,101.34,0,South,4,Completed
200950,2025-12-20,5398,1029,2,204.86,0,South,3,Completed
200951,2024-04-22,5243,1018,2,336.78,0.1,North,5,Completed
200952,2024-05-27,5151,1059,2,133.26,0.15,South,2,Completed
200953,2024-05-21,5115,1008,3,119.42,0,West,4,Completed
200954,2024-02-25,5218,1048,3,321.47,0,North,6,Completed
200955,2025-01-09,5016,1019,1,109.75,0,East,3,Completed
200956,2025-04-26,5392,1024,3,112.52,0.05,North,3,Completed
200957,2025-10-22,5173,1057,1,72.53,0,West,1,Completed
200958,2025-05-30,5385,1023,2,212.01,0,South,3,Completed
200959,2025-08-08,5365,1034,3,132.04,0,South,8,Completed
200960,2024-05-08,5268,1049,2,23.78,0,East,5,Completed
200961,2025-09-11,5500,1072,4,75.56,0,West,4,Completed
200962,2024-06-17,5424,1049,2,23.41,0,South,2,Completed
200963,2024-01-29,5186,1043,1,91.21,0,North,1,Completed
200964,2024-07-11,5466,1040,3,265.44,0,East,8,Completed
200965,2025-07-31,5290,1006,2,193.38,0,South,,Cancelled
200966,2024-12-31,5159,1002,8,72.59,0.05,South,3,Completed
200967,2025-12-20,5183,1017,1,75.8,0.15,North,3,Completed
200968,2024-01-25,5397,1020,2,62.37,0.05,East,3,Completed
200969,2024-03-21,5078,1060,1,128.27,0.1,West,5,Returned
200970,2024-06-13,5335,1019,2,106.75,0.2,East,,Cancelled
200971,2025-04-03,5268,1044,1,145.18,0,East,3,Completed
200972,2024-09-01,5457,1050,3,73.6,0,East,4,Completed
200973,2024-01-16,5255,1013,5,135.75,0.05,East,5,Completed
200974,2024-04-06,5045,1064,1,93.17,0,East,4,Completed
200975,2024-03-13,5181,1012,4,225.77,0,East,3,Completed
200976,2025-10-27,5449,1057,6,69.05,0.2,West,3,Returned
200977,2025-02-22,5147,1052,6,315.62,0,West,5,Completed
200978,2025-01-17,5488,1041,2,49.12,0,West,8,Completed
200979,2024-09-07,5022,1008,2,110.09,0,East,3,Completed
200980,2024-03-15,5292,1052,5,314.89,0.05,West,3,Completed
200981,2024-04-21,5274,1060,3,128.86,0.15,South,5,Completed
200982,2024-12-02,5103,1052,2,309.29,0.05,East,5,Completed
200983,2025-04-10,5059,1036,1,251.53,0,North,3,Completed
200984,2024-03-04,5017,1049,2,24.03,0,North,1,Returned
200985,2025-12-01,5445,1003,1,248.6,0,West,3,Completed
200986,2025-12-30,5042,1039,2,192.13,0,East,2,Completed
200987,2025-03-14,5028,1012,4,222.17,0,East,3,Completed
200988,2025-12-06,5244,1069,8,182.48,0,West,4,Completed
200989,2025-07-28,5422,1002,3,75.96,0,West,4,Completed
200990,2024-01-15,5166,1041,2,49.04,0,East,2,Completed
200991,2024-09-26,5497,1053,1,214.79,0,North,2,Completed
200992,2024-02-07,5231,1013,10,128.82,0,East,2,Completed
200993,2024-12-22,5194,1028,1,273.12,0.05,East,3,Completed
200994,2024-11-05,5187,1003,2,267.21,0.15,East,4,Returned
200995,2025-02-24,5234,1053,4,218.52,0,West,3,Completed
200996,2025-04-14,5475,1023,1,201.6,0.05,West,3,Completed
200997,2025-10-11,5433,1056,3,347.99,0.15,North,8,Completed
200998,2024-04-01,5413,1014,3,34.65,0,North,5,Completed
200999,2024-04-12,5475,1070,2,233.03,0.1,West,5,Completed
201000,2025-04-10,5109,1029,1,207.37,0.15,East,3,Completed
201001,2025-02-26,5407,1060,3,120.62,0.1,South,7,Returned
201002,2025-06-03,5401,1029,5,204.56,0,East,5,Completed
201003,2024-01-05,5213,1031,2,235.2,0,North,3,Returned
201004,2025-09-06,5419,1067,1,221.98,0.05,South,4,Completed
201005,2025-09-23,5201,1025,4,201.93,0.1,West,2,Completed
201006,2024-06-26,5326,1050,1,74.37,0,South,4,Completed
201007,2024-05-01,5065,1065,4,66.59,0.1,West,3,Completed
201008,2024-11-26,5284,1021,1,116.79,0,East,4,Completed
201009,2024-03-21,5015,1070,1,242.26,0.1,South,4,Completed
201010,2024-07-10,5399,1046,5,70.97,0,East,3,Completed
201011,2024-09-23,5400,1049,1,24.51,0.15,West,4,Completed
201012,2024-04-23,5297,1014,3,33.7,0,East,6,Completed
201013,2025-05-21,5048,1010,6,85.03,0,South,5,Completed
201014,2025-05-13,5212,1010,1,88.18,0.05,South,,Cancelled
201015,2024-06-13,5161,1058,1,208.52,0,West,4,Completed
201016,2024-12-17,5017,1016,2,58.94,0.05,North,,Cancelled
201017,2024-09-17,5082,1067,1,210.31,0,East,4,Returned
201018,2025-01-08,5079,1028,1,248.81,0,North,4,Completed
201019,2024-10-01,5482,1017,1,77.79,0,South,4,Completed
201020,2025-03-22,5240,1064,2,94.5,0,North,4,Completed
201021,2025-02-06,5455,1036,4,236.51,0.05,South,2,Completed
201022,2025-03-19,5370,1063,2,231.54,0.1,West,4,Returned
201023,2025-03-15,5311,1050,2,80.18,0.15,East,3,Completed
201024,2025-06-07,5456,1005,2,85.13,0.05,South,7,Completed
201025,2025-02-11,5272,1046,1,73.29,0,North,3,Completed
201026,2025-11-03,5038,1028,1,241.87,0,West,4,Completed
201027,2024-08-06,5368,1043,4,95.45,0.15,North,3,Completed
201028,2025-06-23,5309,1028,2,272.82,0.1,West,5,Completed
201029,2025-08-10,5344,1010,2,87.52,0.1,East,3,Returned
201030,2025-05-20,5101,1007,10,150.02,0,East,2,Completed
201031,2024-08-30,5168,1050,1,80.54,0.05,West,8,Completed
201032,2024-10-18,5467,1060,8,122.77,0,North,4,Completed
201033,2024-03-12,5173,1003,4,253.92,0,West,3,Completed
201034,2024-03-22,5178,1052,1,316.72,0.05,East,4,Completed
201035,2025-10-18,5233,1064,1,100.12,0,East,,Cancelled
201036,2024-02-18,5015,1029,1,205.13,0.2,South,4,Completed
201037,2024-03-31,5116,1022,6,40.22,0,West,8,Completed
201038,2024-09-22,5479,1007,1,153.66,0,West,3,Returned
201039,2024-10-03,5353,1049,6,22.94,0.05,South,3,Completed
201040,2025-10-14,5076,1053,1,208.07,0.05,South,4,Completed
201041,2024-11-25,5500,1036,2,255.52,0,West,4,Completed
201042,2024-09-05,5181,1072,3,73.23,0,East,8,Completed
201043,2024-01-14,5031,1028,2,257.67,0,South,3,Completed
201044,2025-06-10,5417,1068,4,200.01,0,North,2,Completed
201045,2024-05-13,5259,1014,2,36.3,0.2,North,4,Completed
201046,2024-07-11,5400,1052,2,339.67,0.05,West,4,Completed
201047,2025-04-17,5053,1019,3,110.6,0,North,2,Completed
201048,2025-11-08,5015,1061,2,151.25,0,South,3,Completed
201049,2025-02-10,5109,1020,2,57.94,0,East,2,Completed
201050,2025-03-08,5333,1049,1,23.42,0,South,4,Completed
201051,2024-04-21,5266,1056,3,320.83,0.2,East,1,Completed
201052,2024-09-01,5019,1035,1,236.88,0,South,4,Completed
201053,2024-04-13,5201,1051,4,245.88,0.05,West,2,Completed
201054,2025-10-14,5105,1045,3,106.25,0.1,West,3,Completed
201055,2024-11-08,5359,1062,3,185.59,0,South,2,Completed
201056,2024-05-25,5171,1059,3,126.36,0,North,,Cancelled
201057,2024-03-19,5499,1034,4,135.5,0,South,3,Completed
201058,2024-09-10,5001,1063,1,227.67,0,South,3,Completed
201059,2025-05-30,5117,1068,1,196.16,0,North,5,Completed
201060,2024-12-25,5232,1063,1,218.67,0,West,,Cancelled
201061,2024-11-04,5007,1046,5,73.88,0.1,East,6,Completed
201062,2024-04-25,5306,1062,2,173.19,0.05,North,3,Completed
201063,2024-12-31,5113,1019,1,111.67,0.1,North,3,Completed
201064,2024-07-17,5382,1012,2,219.99,0,East,4,Returned
201065,2025-06-23,5279,1058,6,202.27,0,South,4,Completed
201066,2024-11-12,5484,1036,2,257.67,0.1,North,2,Completed
201067,2025-08-03,5408,1059,4,142.71,0,South,,Cancelled
201068,2025-04-22,5256,1019,2,106.07,0,East,2,Completed
201069,2024-03-07,5250,1037,1,133.72,0,South,4,Completed
201070,2024-11-09,5028,1063,2,209.71,0.1,East,2,Completed
201071,2025-05-29,5450,1037,4,130.25,0,West,3,Completed
201072,2025-03-18,5376,1026,1,65.96,0,West,3,Completed
201073,2025-03-08,5416,1050,6,81.17,0.15,East,4,Completed
201074,2025-11-26,5089,1056,4,344.19,0,North,3,Completed
201075,2024-07-23,5214,1071,1,129.23,0.05,South,4,Completed
201076,2024-04-08,5193,1056,2,351.31,0,West,4,Completed
201077,2025-03-13,5240,1046,8,74.39,0,North,1,Completed
201078,2024-03-31,5393,1054,3,248.56,0,South,4,Completed
201079,2025-08-02,5066,1070,1,217.2,0.1,West,4,Completed
201080,2025-04-16,5237,1067,1,237.94,0,East,2,Completed
201081,2024-10-24,5305,1013,3,121.85,0.15,West,4,Completed
201082,2025-12-19,5262,1007,1,157.51,0.1,South,2,Completed
201083,2024-11-04,5346,1020,3,62.02,0.15,South,4,Completed
201084,2024-03-09,5103,1015,3,224.55,0,East,2,Completed
201085,2025-06-01,5243,1004,1,151.08,0,North,8,Completed
201086,2025-07-13,5420,1031,3,251.11,0,East,2,Completed
201087,2024-07-08,5075,1003,3,260.94,0,West,4,Completed
201088,2025-05-06,5103,1061,3,150.15,0.2,East,4,Completed
201089,2025-12-15,5201,1050,2,73.56,0.1,West,3,Completed
201090,2024-01-12,5062,1050,1,78.58,0.05,West,3,Completed
201091,2024-05-22,5465,1046,3,75.01,0,South,3,Completed
201092,2024-08-03,5439,1065,3,61.85,0,North,4,Completed
201093,2025-04-15,5181,1044,4,143.52,0,East,3,Completed
201094,2025-10-22,5202,1009,8,202.25,0.05,West,4,Completed
201095,2024-09-22,5260,1068,1,197.28,0.2,South,4,Completed
201096,2024-02-16,5207,1009,3,215.35,0,North,3,Completed
201097,2024-11-27,5348,1061,10,154.76,0.1,East,2,Completed
201098,2025-01-28,5461,1023,2,203.38,0,West,2,Completed
201099,2025-03-28,5434,1010,3,94.48,0.1,North,3,Completed
201100,2025-01-21,5358,1058,3,198.68,0.05,North,3,Completed
201101,2024-08-18,5348,1037,1,142.98,0.1,East,2,Completed
201102,2025-10-06,5299,1004,1,145.91,0,West,,Cancelled
201103,2025-02-21,5003,1047,5,206.51,0,North,7,Completed
201104,2025-05-23,5373,1068,1,201.22,0.1,West,3,Completed
201105,2024-05-21,5461,1072,2,81.12,0.05,West,4,Completed
201106,2024-11-01,5066,1067,2,225.15,0,West,1,Completed
201107,2024-09-14,5421,1038,2,204.37,0.15,East,3,Completed
201108,2025-06-14,5274,1031,2,232.15,0,South,4,Returned
201109,2024-09-26,5057,1061,1,144.52,0,East,6,Completed
201110,2024-07-28,5031,1018,3,328.4,0.15,South,6,Completed
201111,2024-03-15,5121,1064,2,102.86,0.05,West,5,Completed
201112,2025-03-02,5178,1010,3,90.2,0,East,7,Completed
201113,2024-04-16,5139,1006,2,202.22,0.05,West,3,Completed
201114,2024-01-22,5436,1030,1,132.43,0.1,West,4,Returned
201115,2025-07-19,5195,1003,2,248.05,0,East,4,Completed
201116,2024-04-28,5282,1018,5,316.22,0.2,East,2,Completed
201117,2024-08-31,5224,1008,2,119.63,0,West,6,Completed
201118,2025-08-04,5407,1069,4,167.77,0.15,South,1,Completed
201119,2025-03-25,5030,1017,1,77.28,0,South,3,Completed
201120,2025-09-12,5150,1017,3,71.66,0.05,North,7,Completed
201121,2025-12-23,5106,1064,2,95.09,0.15,East,4,Completed
201122,2025-07-18,5483,1047,3,195.78,0.05,North,4,Completed
201123,2024-02-25,5258,1014,2,34.6,0.2,East,2,Completed
201124,2025-06-17,5467,1018,3,316.42,0,North,5,Completed
201125,2024-08-28,5073,1005,3,77.2,0,West,3,Completed
201126,2024-10-11,5018,1035,1,220.13,0.2,North,5,Completed
201127,2024-01-20,5197,1064,2,94.91,0,East,2,Completed
201128,2024-02-23,5221,1069,1,183.03,0.1,North,6,Completed
201129,2024-09-25,5387,1044,3,136.02,0.1,West,5,Completed
201130,2024-02-28,5223,1055,2,285.9,0.2,East,3,Completed
201131,2025-04-19,5481,1069,3,168.0,0.1,West,7,Completed
201132,2024-05-15,5240,1031,1,239.02,0.05,North,8,Returned
201133,2024-10-29,5395,1070,2,224.09,0.05,East,4,Completed
201134,2024-05-07,5401,1002,3,77.67,0.1,East,3,Completed
201135,2024-01-10,5009,1057,8,72.2,0,North,2,Completed
201136,2024-10-10,5030,1011,2,34.44,0.2,South,3,Returned
201137,2024-09-22,5403,1036,1,235.92,0.05,South,4,Completed
201138,2024-04-27,5026,1030,1,136.74,0.05,North,3,Completed
201139,2024-03-03,5284,1030,10,129.26,0.2,East,,Cancelled
201140,2025-07-07,5433,1046,3,66.83,0,North,3,Completed
201141,2024-08-30,5262,1010,2,91.69,0.1,South,2,Completed
201142,2024-05-26,5219,1037,3,145.91,0,North,6,Completed
201143,2024-10-28,5192,1061,1,158.56,0,North,6,Completed
201144,2025-09-15,5014,1014,1,35.74,0.1,East,5,Completed
201145,2024-08-08,5365,1045,2,107.05,0.05,South,5,Completed
201146,2024-03-20,5333,1011,10,36.92,0.05,South,,Cancelled
201147,2025-03-04,5323,1071,1,131.99,0.15,South,4,Completed
201148,2025-06-16,5338,1068,1,195.86,0.1,East,3,Completed
201149,2024-08-24,5125,1047,3,195.1,0,South,5,Completed
201150,2025-01-05,5451,1053,2,202.38,0,North,3,Completed
201151,2025-03-04,5118,1058,4,218.01,0.2,North,3,Completed
201152,2025-11-21,5466,1053,1,200.39,0,East,3,Completed
201153,2025-03-07,5042,1053,1,216.08,0,East,2,Completed
201154,2024-01-16,5093,1059,2,138.26,0.1,North,3,Completed
201155,2024-02-04,5052,1017,1,71.63,0,West,4,Completed
201156,2025-03-08,5272,1050,2,79.12,0.05,North,2,Completed
201157,2025-08-28,5460,1044,1,131.27,0.1,East,6,Completed
201158,2025-02-22,5487,1058,3,213.56,0,West,4,Completed
201159,2025-08-26,5376,1024,6,121.34,0,West,4,Returned
201160,2025-01-23,5190,1059,1,130.81,0.1,South,5,Completed
201161,2025-05-20,5119,1039,2,184.79,0.15,North,5,Completed
201162,2024-11-26,5219,1037,4,129.47,0.2,North,7,Completed
201163,2025-03-16,5452,1027,2,104.03,0.05,North,3,Completed
201164,2024-10-07,5061,1037,1,145.28,0,North,3,Completed
201165,2024-08-25,5311,1014,1,36.17,0,East,5,Completed
201166,2025-07-06,5015,1006,1,212.43,0,South,3,Completed
201167,2025-03-31,5145,1055,4,257.35,0,East,4,Completed
201168,2025-03-31,5433,1016,2,55.87,0,North,3,Returned
201169,2024-12-28,5343,1015,3,223.87,0,South,2,Completed
201170,2025-04-09,5172,1036,2,253.64,0.1,East,3,Completed
201171,2025-03-19,5474,1005,3,77.99,0.05,East,4,Completed
201172,2025-10-11,5429,1005,1,85.08,0.05,East,2,Completed
201173,2025-04-26,5101,1034,4,134.27,0.1,East,2,Completed
201174,2025-06-12,5449,1012,3,213.99,0,West,4,Completed
201175,2024-02-09,5107,1023,1,202.66,0,East,4,Completed
201176,2025-11-03,5248,1068,5,210.86,0.1,South,,Cancelled
201177,2025-05-16,5343,1063,2,222.0,0,South,2,Completed
201178,2025-03-05,5058,1037,1,130.77,0.05,North,,Cancelled
201179,2025-11-07,5238,1041,3,48.49,0.1,East,3,Completed
201180,2025-09-07,5413,1063,1,222.75,0,North,6,Completed
201181,2024-03-03,5401,1053,1,203.67,0.05,East,5,Completed
201182,2024-09-23,5218,1052,1,314.52,0.1,North,5,Returned
201183,2025-02-23,5158,1058,5,214.14,0.05,East,2,Completed
201184,2024-05-12,5496,1043,1,98.37,0.1,West,2,Completed
201185,2024-12-27,5361,1043,2,94.93,0.05,North,3,Completed
201186,2025-07-02,5102,1021,3,109.92,0,East,3,Completed
201187,2025-07-20,5212,1028,8,242.21,0,South,7,Completed
201188,2025-02-11,5053,1065,1,61.53,0,North,4,Completed
201189,2024-02-04,5353,1032,1,232.41,0.1,South,2,Completed
201190,2024-03-27,5380,1035,2,240.24,0.1,West,1,Completed
201191,2025-09-11,5381,1070,1,224.95,0.05,North,5,Returned
201192,2024-11-27,5440,1040,3,272.08,0,North,2,Completed
201193,2025-01-20,5497,1061,1,151.45,0.2,North,3,Completed
201194,2025-06-02,5465,1069,1,170.96,0,South,3,Completed
201195,2025-04-08,5280,1014,10,33.47,0,East,3,Completed
201196,2025-10-20,5289,1014,1,32.81,0.05,West,4,Completed
201197,2025-08-30,5107,1063,1,221.78,0.05,East,4,Completed
201198,2024-03-01,5291,1030,1,134.93,0,South,2,Completed
201199,2024-01-06,5165,1053,1,205.72,0.05,South,3,Completed
201200,2024-11-25,5492,1031,2,253.68,0.05,East,5,Completed
201201,2025-03-11,5472,1014,2,33.16,0.1,South,5,Completed
201202,2025-03-24,5086,1026,1,66.15,0.15,North,4,Completed
201203,2024-05-23,5269,1063,2,216.75,0,North,3,Completed
201204,2025-06-19,5151,1035,5,223.31,0.05,South,3,Completed
201205,2025-09-20,5351,1027,2,109.26,0.05,North,,Cancelled
201206,2024-05-18,5108,1043,3,92.49,0,East,2,Completed
201207,2024-01-06,5241,1009,1,211.91,0.05,West,3,Completed
201208,2025-08-31,5032,1060,2,117.96,0.05,North,4,Completed
201209,2024-10-08,5476,1025,6,205.81,0,East,3,Completed
201210,2024-09-17,5393,1052,3,324.92,0,South,2,Completed
201211,2024-07-01,5111,1036,1,249.85,0.1,East,5,Completed
201212,2025-09-22,5170,1036,2,256.06,0,North,8,Completed
201213,2024-05-26,5047,1019,5,110.63,0,North,1,Completed
201214,2025-03-11,5262,1057,1,65.76,0.05,South,4,Completed
201215,2025-12-24,5194,1050,1,77.33,0.05,East,6,Completed
201216,2024-06-19,5432,1028,4,269.31,0.1,South,,Cancelled
201217,2025-05-16,5287,1057,1,72.69,0,North,4,Completed
201218,2025-01-09,5092,1004,4,151.46,0,South,4,Completed
201219,2025-01-26,5449,1025,6,192.15,0.2,West,3,Completed
201220,2025-08-23,5100,1001,1,158.88,0,West,6,Completed
201221,2024-02-04,5311,1035,3,248.1,0,East,4,Completed
201222,2025-08-08,5141,1008,5,123.34,0.15,West,4,Completed
201223,2025-04-29,5252,1023,3,190.33,0.05,West,3,Completed
201224,2025-12-23,5314,1020,5,59.07,0,North,5,Completed
201225,2025-10-14,5029,1057,1,67.18,0.15,West,5,Completed
201226,2024-12-06,5336,1003,5,267.55,0,South,6,Completed
201227,2025-06-12,5301,1047,3,206.13,0,West,1,Completed
201228,2024-05-31,5099,1065,1,63.63,0,North,2,Completed
201229,2024-06-26,5259,1053,5,201.03,0.15,North,4,Completed
201230,2025-04-22,5061,1044,3,138.19,0.05,North,2,Completed
201231,2024-03-29,5047,1024,3,119.43,0.2,North,5,Completed
201232,2025-04-16,5112,1048,3,321.47,0,South,4,Completed
201233,2024-05-15,5462,1025,2,194.27,0,West,4,Completed
201234,2024-07-11,5212,1029,1,190.01,0.2,South,3,Completed
201235,2024-12-29,5048,1063,2,221.1,0.05,South,4,Completed
201236,2024-02-07,5426,1022,2,38.58,0,North,,Cancelled
201237,2024-12-21,5360,1056,3,326.05,0,East,7,Completed
201238,2024-04-02,5283,1035,1,226.14,0,South,6,Completed
201239,2025-05-01,5265,1024,2,113.68,0,South,4,Completed
201240,2025-12-19,5018,1042,2,16.02,0.15,North,3,Completed
201241,2024-07-10,5173,1013,1,122.91,0,West,1,Returned
201242,2025-08-30,5415,1059,2,140.38,0,North,3,Completed
201243,2025-05-09,5192,1044,1,145.56,0.2,North,5,Completed
201244,2024-04-20,5462,1065,4,64.69,0.2,West,1,Completed
201245,2024-11-03,5263,1022,8,36.77,0.15,South,8,Returned
201246,2024-05-13,5385,1018,4,304.8,0,South,5,Completed
201247,2025-04-14,5073,1045,2,107.78,0.05,West,2,Completed
201248,2024-07-08,5158,1011,1,33.57,0,East,4,Completed
201249,2024-01-06,5433,1048,2,315.53,0,North,4,Completed
201250,2025-11-15,5468,1061,2,158.31,0,North,3,Completed
201251,2025-02-13,5163,1018,5,331.17,0.1,East,3,Completed
201252,2024-03-14,5202,1069,3,162.82,0.2,West,6,Completed
201253,2025-01-12,5092,1031,2,249.25,0,South,3,Completed
201254,2024-05-21,5040,1030,1,130.61,0,South,3,Completed
201255,2024-06-03,5093,1055,2,254.75,0.1,North,7,Completed
201256,2024-06-16,5216,1023,2,208.37,0,West,3,Completed
201257,2025-11-02,5376,1013,4,125.09,0,West,4,Completed
201258,2024-01-12,5197,1059,8,139.3,0,East,3,Completed
201259,2025-09-10,5133,1015,6,245.3,0.05,West,4,Completed
201260,2025-01-08,5433,1069,1,179.08,0,North,6,Completed
201261,2024-01-08,5041,1020,6,57.37,0.05,East,5,Completed
201262,2025-03-21,5373,1059,1,134.44,0,West,3,Completed
201263,2024-09-15,5456,1048,3,289.35,0.1,South,3,Completed
201264,2025-03-03,5151,1046,1,71.52,0.05,South,3,Completed
201265,2025-02-09,5019,1069,1,178.36,0,South,4,Completed
201266,2024-12-19,5221,1036,3,257.4,0,North,,Cancelled
201267,2025-08-05,5428,1068,1,192.09,0,East,8,Completed
201268,2025-01-26,5327,1013,3,130.31,0,East,3,Completed
201269,2024-07-07,5206,1003,1,273.34,0.05,East,,Cancelled
201270,2024-04-29,5429,1056,2,337.7,0.2,East,4,Completed
201271,2025-12-11,5407,1032,2,235.49,0,South,3,Completed
201272,2024-10-10,5383,1024,1,110.77,0,West,3,Completed
201273,2024-07-31,5003,1053,2,199.87,0,North,4,Completed
201274,2024-04-09,5500,1041,1,44.23,0,West,3,Completed
201275,2025-08-25,5365,1059,3,134.2,0.05,South,4,Completed
201276,2024-11-23,5176,1044,2,143.17,0,North,2,Completed
201277,2025-11-20,5358,1022,2,38.59,0.05,North,2,Completed
201278,2024-12-19,5250,1072,3,75.47,0.05,South,5,Completed
201279,2024-01-31,5232,1060,2,123.26,0.05,West,3,Completed
201280,2024-10-17,5392,1003,2,274.62,0,North,2,Completed
201281,2024-04-09,5311,1016,1,57.02,0,East,6,Completed
201282,2025-07-17,5393,1052,4,325.19,0,South,3,Completed
201283,2025-11-11,5186,1014,8,33.85,0.1,North,4,Returned
201284,2025-02-17,5201,1029,2,194.79,0.1,West,6,Completed
201285,2024-10-22,5091,1052,4,327.53,0.1,West,4,Completed
201286,2025-08-17,5051,1050,10,78.37,0,West,4,Completed
201287,2024-03-23,5071,1065,3,64.05,0.15,South,3,Completed
201288,2025-12-01,5292,1061,2,157.66,0.1,West,4,Completed
201289,2024-07-16,5283,1066,1,175.96,0,South,2,Completed
201290,2024-11-26,5480,1026,1,66.85,0,East,3,Completed
201291,2024-09-04,5351,1057,10,65.71,0.05,North,4,Completed
201292,2024-09-07,5170,1021,8,108.02,0,North,4,Completed
201293,2025-04-26,5444,1067,1,217.11,0,South,4,Completed
201294,2024-01-25,5062,1069,4,180.24,0,West,5,Completed
201295,2025-01-07,5372,1006,6,202.44,0.05,South,5,Completed
201296,2024-09-25,5054,1019,2,108.28,0.1,East,3,Completed
201297,2024-05-25,5337,1044,4,131.69,0,North,4,Returned
201298,2025-12-27,5038,1059,1,131.09,0,West,3,Completed
201299,2025-12-17,5404,1058,1,197.2,0,North,4,Completed
201300,2025-01-14,5014,1029,3,201.48,0,East,4,Completed
201301,2025-12-31,5157,1061,1,154.04,0.1,West,2,Completed
201302,2024-09-20,5150,1050,1,75.08,0,North,4,Completed
201303,2025-06-04,5133,1047,10,204.85,0,West,2,Completed
201304,2025-08-24,5177,1020,1,62.48,0,South,3,Completed
201305,2025-05-08,5087,1068,5,212.71,0,North,3,Completed
201306,2024-08-17,5159,1027,3,104.31,0.1,South,2,Completed
201307,2025-08-06,5256,1059,6,140.58,0.1,East,5,Returned
201308,2024-07-26,5269,1030,1,145.77,0.05,North,3,Completed
201309,2025-07-01,5139,1071,2,131.99,0,West,3,Completed
201310,2024-09-07,5268,1032,3,232.28,0.05,East,3,Completed
201311,2024-06-30,5354,1059,3,127.57,0.05,North,2,Completed
201312,2024-05-15,5426,1009,1,213.2,0,North,4,Completed
201313,2025-07-03,5238,1013,1,121.06,0.1,East,3,Returned
201314,2025-05-02,5227,1011,2,34.65,0,North,4,Completed
201315,2024-04-24,5298,1056,2,336.57,0.05,North,4,Completed
201316,2024-01-01,5387,1059,2,136.88,0,West,3,Completed
201317,2024-10-17,5248,1066,1,162.5,0.15,South,,Cancelled
201318,2025-05-30,5141,1072,2,81.83,0.2,West,3,Completed
201319,2025-04-26,5164,1066,1,171.62,0.1,West,2,Completed
201320,2024-12-16,5442,1057,2,71.62,0,North,5,Completed
201321,2025-05-28,5110,1040,4,279.99,0,North,6,Completed
201322,2024-11-27,5108,1020,4,62.38,0.1,East,4,Completed
201323,2025-06-12,5081,1042,3,17.35,0.1,North,,Cancelled
201324,2024-09-26,5138,1030,5,131.53,0,East,3,Completed
201325,2025-04-05,5182,1041,2,43.89,0.1,West,7,Completed
201326,2024-12-28,5029,1053,1,200.06,0,West,5,Completed
201327,2025-11-08,5104,1027,1,107.15,0,South,5,Completed
201328,2025-07-27,5167,1072,4,76.82,0.05,West,3,Completed
201329,2024-06-13,5039,1032,2,227.0,0.1,West,8,Completed
201330,2025-12-05,5024,1050,3,81.83,0,East,,Cancelled
201331,2024-03-01,5301,1049,3,23.71,0,West,6,Completed
201332,2024-05-17,5057,1061,1,154.76,0.2,East,5,Returned
201333,2025-08-26,5448,1020,1,57.73,0,North,4,Completed
201334,2025-07-24,5391,1034,1,142.92,0,West,1,Completed
201335,2025-01-04,5403,1041,2,44.96,0.15,South,3,Returned
201336,2024-12-07,5236,1047,10,204.47,0,West,7,Completed
201337,2025-10-19,5072,1016,2,55.2,0,West,4,Completed
201338,2025-01-17,5468,1066,2,167.99,0,North,5,Completed
201339,2025-05-18,5405,1069,1,163.9,0,West,2,Completed
201340,2025-06-28,5286,1015,2,239.02,0.15,South,3,Completed
201341,2024-03-15,5333,1025,2,198.69,0,South,6,Completed
201342,2025-10-28,5379,1020,1,59.33,0.05,South,5,Completed
201343,2024-01-22,5379,1056,1,328.09,0.05,South,1,Completed
201344,2024-06-03,5166,1055,1,264.88,0.05,East,3,Completed
201345,2025-08-11,5341,1026,5,66.84,0.1,South,2,Returned
201346,2024-11-11,5076,1027,1,114.49,0.05,South,5,Completed
201347,2024-03-11,5277,1045,1,107.9,0,East,3,Completed
201348,2024-08-26,5218,1035,1,222.45,0,North,6,Returned
201349,2025-01-19,5226,1016,5,56.41,0.15,West,1,Completed
201350,2024-07-22,5225,1052,2,304.36,0.1,North,2,Completed
201351,2024-05-04,5468,1067,1,230.89,0.15,North,3,Completed
201352,2024-07-14,5163,1054,1,256.3,0.05,East,3,Completed
201353,2024-01-17,5484,1059,4,140.78,0,North,3,Completed
201354,2024-03-07,5485,1040,5,291.03,0,South,2,Completed
201355,2025-04-27,5330,1050,8,80.95,0.1,South,1,Completed
201356,2024-06-30,5434,1032,1,233.57,0,North,5,Completed
201357,2025-11-07,5032,1027,3,108.52,0.1,North,2,Completed
201358,2025-11-15,5266,1020,5,57.1,0,East,3,Completed
201359,2025-10-02,5157,1052,5,301.71,0.05,West,1,Completed
201360,2024-02-05,5015,1061,1,151.04,0,South,5,Completed
201361,2024-06-22,5370,1068,1,190.68,0.15,West,8,Completed
201362,2025-04-20,5058,1061,5,143.24,0.05,North,,Cancelled
201363,2024-11-14,5309,1001,5,160.33,0,West,4,Completed
201364,2025-05-04,5490,1013,4,121.93,0.05,West,4,Completed
201365,2024-08-18,5413,1019,3,102.35,0.1,North,4,Completed
201366,2024-09-13,5128,1029,3,207.96,0,West,4,Completed
201367,2025-08-14,5267,1067,1,219.05,0.15,North,,Cancelled
201368,2025-08-16,5192,1019,5,109.33,0.1,North,4,Completed
201369,2024-07-05,5407,1026,3,63.97,0.1,South,3,Completed
201370,2025-05-10,5006,1062,1,192.31,0.15,West,3,Completed
201371,2025-09-28,5110,1059,2,137.3,0.1,North,4,Completed
201372,2024-07-09,5173,1044,4,139.72,0,West,4,Completed
201373,2025-06-15,5343,1044,4,130.41,0,South,4,Completed
201374,2025-04-13,5049,1030,1,131.2,0.1,East,3,Completed
201375,2025-07-20,5232,1056,1,332.98,0.15,West,,Cancelled
201376,2024-07-18,5204,1066,3,161.42,0.1,East,5,Completed
201377,2025-07-30,5270,1020,2,58.63,0.1,North,2,Completed
201378,2024-06-19,5485,1068,1,204.65,0,South,4,Completed
201379,2025-07-07,5432,1020,3,57.99,0.15,South,,Cancelled
201380,2024-10-30,5492,1052,2,320.14,0,East,3,Completed
201381,2024-01-01,5370,1039,3,176.1,0.05,West,5,Completed
201382,2024-03-01,5305,1009,1,201.71,0,West,8,Completed
201383,2025-02-04,5500,1032,3,218.93,0,West,5,Completed
201384,2024-10-09,5037,1029,2,198.22,0.1,South,4,Completed
201385,2024-05-25,5106,1057,4,65.76,0,East,3,Completed
201386,2024-08-25,5053,1061,1,154.96,0,North,3,Completed
201387,2024-10-05,5037,1044,1,134.5,0.1,South,,Cancelled
201388,2025-03-12,5321,1060,5,126.86,0.05,South,5,Completed
201389,2024-04-15,5116,1067,3,234.46,0.2,West,3,Completed
201390,2025-12-19,5436,1064,2,103.24,0.05,West,,Cancelled
201391,2024-09-14,5144,1036,1,239.22,0.05,North,3,Completed
201392,2025-12-31,5007,1013,1,129.56,0,East,4,Completed
201393,2025-07-28,5054,1063,2,233.1,0.05,East,4,Completed
201394,2025-08-27,5022,1014,3,32.86,0,East,7,Completed
201395,2025-08-17,5123,1047,6,199.05,0,East,5,Completed
201396,2025-04-16,5178,1057,2,71.93,0.15,East,4,Completed
201397,2025-11-16,5399,1056,1,338.34,0,East,3,Returned
201398,2024-01-30,5150,1053,5,214.42,0,North,3,Completed
201399,2024-10-10,5499,1032,1,242.21,0,South,3,Completed
201400,2024-08-02,5407,1021,5,118.44,0.05,South,5,Completed
201401,2025-05-26,5400,1023,1,206.66,0.05,West,5,Completed
201402,2024-11-09,5117,1041,3,45.73,0.05,North,3,Completed
201403,2024-07-26,5096,1049,3,25.06,0,West,6,Completed
201404,2024-06-21,5387,1021,1,120.91,0.05,West,4,Completed
201405,2025-07-27,5287,1038,2,205.49,0.05,North,2,Completed
201406,2024-09-26,5307,1052,2,306.01,0,West,3,Completed
201407,2025-09-20,5433,1038,1,212.17,0.2,North,1,Completed
201408,2025-11-14,5281,1020,1,61.17,0,West,,Cancelled
201409,2024-08-19,5113,1032,4,221.95,0,North,7,Completed
201410,2025-03-25,5440,1062,2,179.33,0.05,North,5,Completed
201411,2025-10-04,5298,1052,6,311.3,0,North,5,Completed
201412,2025-03-17,5187,1034,6,134.93,0.15,East,3,Completed
201413,2024-11-25,5491,1018,10,323.25,0,South,2,Completed
201414,2025-12-26,5470,1065,1,66.39,0.1,East,4,Completed
201415,2024-08-17,5368,1071,2,129.07,0,North,3,Completed
201416,2024-06-24,5224,1009,2,221.58,0.05,West,3,Completed
201417,2024-03-06,5362,1019,1,106.23,0.1,West,7,Completed
201418,2025-12-31,5373,1004,2,145.77,0.1,West,3,Completed
201419,2024-11-13,5339,1058,3,208.58,0,South,6,Completed
201420,2024-05-27,5485,1053,10,215.59,0.05,South,8,Completed
201421,2025-08-24,5028,1046,10,70.92,0.05,East,5,Completed
201422,2024-09-11,5376,1025,4,208.53,0.2,West,,Cancelled
201423,2024-05-02,5016,1064,1,101.17,0,East,4,Completed
201424,2025-01-25,5413,1053,1,195.35,0,North,3,Completed
201425,2024-09-15,5363,1056,1,321.13,0,East,8,Completed
201426,2024-12-13,5325,1011,1,36.39,0,West,1,Completed
201427,2025-11-30,5286,1008,1,116.39,0.2,South,1,Completed
201428,2024-01-29,5197,1040,2,258.44,0,East,2,Completed
201429,2024-07-05,5326,1064,10,100.94,0,South,2,Completed
201430,2025-03-27,5192,1023,5,191.49,0,North,5,Completed
201431,2025-07-04,5016,1005,4,85.73,0,East,7,Returned
201432,2025-11-30,5056,1045,2,112.04,0.15,East,4,Completed
201433,2025-04-10,5314,1044,2,137.93,0,North,2,Returned
201434,2024-12-12,5284,1009,1,210.64,0.2,East,5,Completed
201435,2024-03-01,5022,1046,6,74.36,0.1,East,4,Returned
201436,2025-06-16,5430,1013,3,129.1,0.15,South,4,Completed
201437,2025-07-13,5268,1051,1,254.34,0,East,3,Completed
201438,2025-02-17,5321,1055,1,257.16,0,South,4,Completed
201439,2024-11-09,5313,1050,4,78.84,0,East,1,Completed
201440,2024-07-11,5426,1006,1,214.46,0.05,North,,Cancelled
201441,2025-10-18,5278,1023,1,212.49,0,West,3,Completed
201442,2024-02-23,5181,1069,3,173.51,0,East,5,Completed
201443,2025-11-28,5261,1048,6,325.91,0,South,6,Completed
201444,2024-03-15,5365,1041,2,47.53,0.05,South,1,Completed
201445,2025-12-06,5196,1027,1,111.89,0.15,North,6,Completed
201446,2025-02-03,5170,1023,2,188.81,0.1,North,2,Completed
201447,2025-03-08,5127,1034,3,134.75,0.15,North,7,Completed
201448,2025-02-23,5335,1035,2,226.66,0,East,6,Completed
201449,2024-09-16,5419,1063,3,228.13,0,South,3,Completed
201450,2024-03-13,5340,1029,1,195.77,0.15,North,2,Completed
201451,2024-09-19,5168,1022,3,37.19,0.05,West,,Cancelled
201452,2025-08-06,5147,1037,4,144.34,0,West,2,Completed
201453,2025-05-24,5045,1072,2,77.2,0,East,2,Completed
201454,2024-07-07,5020,1050,3,76.4,0,East,3,Completed
201455,2025-03-28,5379,1019,1,108.88,0.15,South,2,Completed
201456,2024-02-14,5108,1041,8,49.56,0,East,6,Completed
201457,2024-07-24,5180,1060,1,129.24,0,North,3,Returned
201458,2025-10-04,5116,1024,3,120.98,0,West,1,Completed
201459,2024-10-21,5126,1068,1,189.77,0.2,West,4,Completed
201460,2025-07-01,5210,1067,3,218.87,0.1,South,1,Completed
201461,2025-12-01,5462,1014,2,36.05,0.05,West,5,Completed
201462,2025-10-05,5062,1029,2,204.19,0,West,3,Completed
201463,2024-10-16,5293,1050,2,74.44,0.15,West,3,Completed
201464,2025-10-13,5129,1045,6,112.6,0,South,3,Completed
201465,2025-10-14,5074,1037,8,133.27,0,West,2,Completed
201466,2025-03-18,5379,1003,1,267.59,0,South,4,Completed
201467,2024-05-08,5117,1052,2,317.86,0.15,North,3,Completed
201468,2025-03-30,5376,1058,2,211.11,0,West,,Cancelled
201469,2024-07-29,5069,1068,3,212.74,0.05,East,4,Completed
201470,2025-04-19,5402,1047,4,205.51,0,West,2,Completed
201471,2024-04-21,5073,1061,2,159.05,0.15,West,6,Completed
201472,2024-07-23,5212,1007,2,155.27,0,South,4,Completed
201473,2024-01-25,5093,1057,2,67.14,0.05,North,5,Completed
201474,2025-10-18,5289,1020,4,59.0,0,West,3,Completed
201475,2025-05-13,5445,1017,6,78.05,0.05,West,6,Completed
201476,2024-03-07,5347,1013,1,120.73,0.15,South,5,Completed
201477,2024-07-26,5161,1046,8,66.73,0,West,4,Completed
201478,2025-05-01,5162,1058,1,214.74,0,South,2,Completed
201479,2024-06-16,5451,1020,2,57.07,0.05,North,4,Completed
201480,2025-12-07,5241,1036,1,261.19,0,West,6,Completed
201481,2024-05-18,5050,1006,2,210.98,0,East,4,Returned
201482,2025-03-27,5419,1047,1,213.95,0.15,South,7,Completed
201483,2024-12-13,5291,1045,5,106.84,0,South,,Cancelled
201484,2024-06-02,5154,1051,6,236.49,0.2,South,4,Completed
201485,2024-12-29,5150,1011,4,36.44,0,North,3,Completed
201486,2024-09-15,5087,1047,1,212.54,0.05,North,3,Completed
201487,2024-02-23,5464,1022,3,40.68,0,West,3,Completed
201488,2025-11-06,5140,1059,2,142.87,0,East,4,Completed
201489,2024-11-05,5377,1003,6,245.08,0,West,4,Completed
201490,2024-12-09,5357,1049,2,23.88,0.2,East,4,Completed
201491,2024-09-24,5068,1045,2,118.01,0,West,6,Completed
201492,2025-06-05,5044,1041,1,48.42,0,South,3,Returned
201493,2024-03-07,5091,1048,4,322.51,0.1,West,1,Completed
201494,2025-09-24,5007,1044,2,147.19,0.2,East,4,Completed
201495,2025-09-19,5170,1014,3,35.75,0,North,2,Completed
201496,2024-01-04,5047,1012,3,232.84,0,North,3,Completed
201497,2024-07-16,5321,1068,1,203.91,0.2,South,2,Completed
201498,2025-03-29,5148,1008,1,111.46,0,South,2,Completed
201499,2025-12-17,5278,1025,4,208.86,0,West,5,Completed
201500,2025-02-08,5117,1021,3,115.0,0.05,North,3,Completed
201501,2024-12-19,5219,1033,2,162.36,0.05,North,3,Completed
201502,2024-03-07,5387,1021,2,108.43,0.15,West,5,Completed
201503,2025-11-21,5221,1011,3,35.79,0,North,2,Completed
201504,2025-12-15,5302,1047,3,195.65,0,West,5,Completed
201505,2025-05-06,5231,1046,1,71.07,0,East,5,Completed
201506,2024-02-13,5117,1022,2,37.38,0.15,North,5,Completed
201507,2025-04-19,5484,1052,2,330.89,0,North,3,Completed
201508,2024-05-22,5487,1004,2,146.08,0.15,West,3,Completed
201509,2024-06-03,5223,1023,1,197.71,0,East,2,Completed
201510,2024-01-23,5173,1026,1,69.19,0.1,West,3,Completed
201511,2025-09-13,5098,1063,2,212.84,0.15,East,7,Completed
201512,2024-04-18,5031,1046,1,68.75,0,South,2,Completed
201513,2024-08-09,5483,1064,1,94.31,0,North,4,Completed
201514,2025-09-18,5351,1055,1,278.69,0,North,5,Completed
201515,2025-01-13,5443,1017,2,74.51,0,West,3,Completed
201516,2025-12-05,5484,1042,5,17.64,0,North,8,Completed
201517,2025-07-22,5403,1036,4,259.81,0.05,South,7,Completed
201518,2025-12-26,5401,1030,1,137.59,0.1,East,3,Completed
201519,2025-06-07,5010,1041,2,45.78,0,West,4,Returned
201520,2024-03-09,5237,1035,4,226.6,0.1,East,2,Completed
201521,2025-04-30,5435,1008,3,120.78,0,South,3,Completed
201522,2024-11-23,5075,1035,1,224.33,0.15,West,5,Completed
201523,2024-10-29,5097,1016,3,60.84,0,East,3,Completed
201524,2025-03-09,5405,1049,5,23.2,0,West,3,Completed
201525,2024-03-21,5015,1054,4,255.27,0.2,South,3,Completed
201526,2024-11-17,5081,1057,1,70.98,0,North,3,Completed
201527,2024-11-26,5084,1017,1,76.28,0.15,North,,Cancelled
201528,2024-11-18,5189,1019,2,104.4,0,East,3,Completed
201529,2025-09-19,5092,1042,1,16.89,0,South,4,Completed
201530,2024-02-27,5453,1066,3,177.08,0,North,2,Completed
201531,2024-06-16,5053,1067,1,237.54,0.1,North,,Cancelled
201532,2025-02-26,5174,1011,1,32.76,0,West,3,Completed
201533,2025-12-12,5405,1051,4,244.41,0.1,West,2,Completed
201534,2024-08-20,5467,1034,3,130.19,0.05,North,5,Completed
201535,2024-02-13,5116,1062,4,191.93,0.15,West,2,Completed
201536,2025-01-31,5164,1042,3,17.32,0,West,3,Completed
201537,2025-07-17,5343,1054,1,248.12,0,South,3,Completed
201538,2025-08-18,5179,1011,2,34.25,0.1,East,2,Returned
201539,2024-09-29,5004,1037,2,132.29,0,South,4,Completed
201540,2024-11-30,5172,1026,2,65.78,0.05,East,3,Returned
201541,2025-02-19,5496,1066,1,159.44,0,West,7,Completed
201542,2025-08-06,5106,1026,1,63.77,0.05,East,4,Completed
201543,2025-04-19,5156,1047,3,211.73,0.05,North,3,Completed
201544,2024-11-13,5262,1004,4,147.2,0.15,South,7,Completed
201545,2025-04-13,5199,1042,3,16.73,0,North,,Cancelled
201546,2025-11-14,5288,1037,1,144.31,0.05,North,5,Completed
201547,2024-01-12,5318,1007,6,155.22,0,East,,Cancelled
201548,2024-04-09,5291,1021,1,113.77,0,South,6,Completed
201549,2025-03-03,5039,1036,1,235.07,0,West,2,Completed
201550,2024-05-03,5234,1027,3,103.05,0.05,West,7,Returned
201551,2024-01-15,5244,1023,3,210.43,0,West,4,Completed
201552,2024-01-24,5140,1035,2,222.93,0.1,East,1,Completed
201553,2024-01-31,5348,1049,2,23.11,0,East,1,Completed
201554,2025-11-03,5460,1006,4,198.3,0,East,3,Completed
201555,2024-01-25,5411,1035,8,238.95,0,West,5,Completed
201556,2025-07-30,5333,1006,2,203.71,0.2,South,2,Completed
201557,2024-10-20,5435,1007,3,157.05,0,South,2,Completed
201558,2025-07-18,5338,1048,1,304.48,0.05,East,4,Completed
201559,2024-12-21,5191,1060,1,128.34,0.05,East,4,Completed
201560,2025-03-18,5209,1047,1,212.77,0,South,4,Completed
201561,2025-11-27,5231,1070,1,238.64,0.05,East,4,Completed
201562,2025-07-07,5307,1044,3,140.16,0.15,West,8,Completed
201563,2025-12-10,5406,1027,4,116.54,0.15,East,4,Completed
201564,2025-08-12,5267,1014,6,33.17,0.05,North,2,Completed
201565,2025-05-15,5364,1043,3,95.29,0.1,West,3,Completed
201566,2024-08-12,5337,1051,3,261.41,0.05,North,2,Completed
201567,2024-06-08,5330,1059,5,126.01,0,South,5,Completed
201568,2025-05-22,5259,1014,1,33.52,0.2,North,3,Completed
201569,2025-07-08,5423,1027,8,102.86,0,North,3,Completed
201570,2025-11-27,5107,1024,1,114.33,0.2,East,3,Completed
201571,2025-12-15,5207,1002,2,72.49,0,North,4,Completed
201572,2025-10-12,5471,1062,1,170.49,0,North,3,Completed
201573,2025-12-18,5016,1033,4,158.47,0.1,East,3,Completed
201574,2025-12-02,5301,1045,1,111.9,0,West,6,Completed
201575,2025-07-10,5244,1033,1,155.75,0.1,West,2,Completed
201576,2024-09-04,5195,1044,2,139.79,0,East,4,Completed
201577,2025-09-20,5232,1028,1,270.06,0,West,5,Completed
201578,2025-03-31,5479,1065,1,66.06,0,West,5,Completed
201579,2024-09-16,5275,1007,3,165.73,0,South,3,Completed
201580,2024-10-24,5084,1006,2,216.25,0.05,North,2,Completed
201581,2024-09-12,5247,1063,4,234.09,0.1,West,5,Completed
201582,2024-07-06,5023,1039,5,182.77,0.05,North,4,Completed
201583,2024-04-13,5414,1015,1,239.97,0.2,North,1,Completed
201584,2025-12-16,5255,1047,3,198.39,0.15,East,4,Completed
201585,2024-02-04,5215,1061,2,141.91,0,South,3,Completed
201586,2025-05-01,5486,1046,6,74.05,0.15,West,2,Completed
201587,2025-08-07,5083,1012,1,227.88,0.05,West,4,Completed
201588,2025-11-03,5245,1009,2,203.65,0.05,North,2,Completed
201589,2024-01-12,5069,1051,2,246.81,0,East,3,Completed
201590,2024-11-06,5272,1002,1,77.79,0.15,North,5,Returned
201591,2025-05-04,5097,1061,1,152.85,0,East,4,Completed
201592,2024-05-29,5412,1010,5,92.6,0,East,3,Completed
201593,2024-09-09,5038,1022,2,40.39,0.05,West,5,Completed
201594,2025-03-18,5209,1008,1,111.39,0,South,4,Completed
201595,2025-04-05,5192,1051,5,234.29,0.1,North,4,Completed
201596,2025-02-20,5405,1066,4,170.03,0,West,3,Completed
201597,2025-03-19,5396,1010,2,91.96,0.05,South,5,Completed
201598,2025-01-13,5396,1006,1,216.72,0.05,South,3,Completed
201599,2025-09-11,5429,1069,1,173.58,0.15,East,3,Completed
201600,2025-11-29,5447,1072,3,77.11,0.05,West,2,Completed
201601,2025-06-29,5251,1044,3,134.73,0,East,3,Completed
201602,2024-08-21,5148,1066,6,169.32,0.15,South,3,Completed
201603,2024-12-09,5157,1025,2,197.98,0,West,4,Completed
201604,2025-12-05,5394,1018,3,323.44,0,West,3,Completed
201605,2025-08-18,5409,1060,1,118.98,0.1,West,3,Completed
201606,2024-07-06,5307,1044,4,136.92,0,West,4,Returned
201607,2025-07-04,5478,1059,1,128.14,0,West,3,Completed
201608,2024-01-04,5282,1051,4,245.88,0,East,7,Completed
201609,2025-06-07,5282,1036,1,244.8,0,East,8,Completed
201610,2025-05-02,5305,1014,1,32.99,0,West,5,Completed
201611,2024-03-12,5028,1006,2,211.42,0,East,6,Completed
201612,2024-07-28,5352,1055,3,257.41,0,West,8,Completed
201613,2024-10-18,5369,1036,1,249.33,0.05,West,3,Completed
201614,2024-08-30,5283,1046,2,68.12,0,South,5,Completed
201615,2024-07-27,5423,1050,1,77.73,0,North,4,Completed
201616,2025-05-12,5499,1035,1,225.58,0,South,4,Completed
201617,2024-08-13,5457,1023,1,198.84,0.05,East,6,Completed
201618,2025-04-01,5435,1050,1,79.12,0,South,3,Completed
201619,2025-09-21,5379,1050,1,74.12,0.1,South,4,Completed
201620,2024-12-16,5224,1068,2,209.91,0.05,West,4,Completed
201621,2025-12-21,5191,1019,4,100.81,0.05,East,3,Completed
201622,2024-12-27,5112,1041,1,45.24,0,South,4,Completed
201623,2025-12-03,5241,1004,1,152.01,0.05,West,5,Returned
201624,2025-01-03,5200,1045,2,117.95,0.1,North,2,Completed
201625,2024-08-22,5131,1045,6,107.17,0,South,2,Completed
201626,2025-09-05,5300,1067,1,220.59,0,South,1,Completed
201627,2025-12-25,5118,1012,1,213.49,0.05,North,2,Returned
201628,2025-04-08,5478,1033,1,160.45,0,West,2,Completed
201629,2024-06-19,5210,1040,1,257.83,0,South,4,Completed
201630,2024-10-22,5402,1023,8,193.73,0.15,West,5,Completed
201631,2024-03-09,5101,1010,1,90.0,0.1,East,5,Completed
201632,2024-07-02,5284,1048,6,288.77,0,East,5,Completed
201633,2025-06-09,5393,1035,2,230.11,0.15,South,2,Completed
201634,2024-05-15,5241,1020,3,61.85,0,West,3,Completed
201635,2025-12-28,5233,1023,1,207.04,0.05,East,1,Completed
201636,2024-01-01,5194,1018,2,332.15,0,East,4,Completed
201637,2025-06-21,5372,1052,3,332.88,0.05,South,4,Completed
201638,2024-09-14,5429,1052,2,321.09,0.05,East,5,Completed
201639,2025-09-06,5106,1010,5,94.25,0,East,,Cancelled
201640,2024-11-02,5196,1049,1,22.62,0,North,3,Completed
201641,2025-04-05,5327,1019,4,107.3,0.1,East,3,Completed
201642,2024-01-17,5126,1019,6,103.93,0,West,4,Returned
201643,2025-04-19,5191,1027,8,104.67,0,East,4,Completed
201644,2025-01-18,5052,1038,2,217.94,0,West,3,Completed
201645,2024-12-29,5307,1038,2,226.92,0,West,5,Completed
201646,2024-12-05,5035,1046,6,75.11,0,South,2,Completed
201647,2024-10-03,5365,1072,2,76.14,0.05,South,3,Completed
201648,2024-12-21,5172,1059,1,134.91,0,East,2,Completed
201649,2025-03-19,5225,1063,1,229.06,0.1,North,4,Completed
201650,2025-01-21,5035,1020,3,60.72,0.1,South,2,Completed
201651,2024-04-05,5391,1026,1,62.32,0,West,1,Completed
201652,2025-03-04,5069,1025,2,191.01,0.1,East,4,Completed
201653,2024-01-01,5131,1027,1,112.84,0,South,,Cancelled
201654,2024-08-12,5403,1009,10,210.71,0.15,South,2,Completed
201655,2025-09-23,5236,1044,2,146.97,0,West,4,Completed
201656,2025-10-08,5281,1043,2,98.77,0.05,West,4,Completed
201657,2025-08-31,5350,1036,1,245.0,0.1,West,3,Completed
201658,2024-11-03,5482,1066,3,177.62,0,South,3,Completed
201659,2024-04-19,5442,1033,2,147.66,0.1,North,7,Completed
201660,2024-04-10,5238,1020,2,58.92,0,East,4,Completed
201661,2024-09-05,5154,1011,2,32.78,0.15,South,3,Completed
201662,2025-03-22,5456,1008,2,123.06,0,South,3,Completed
201663,2024-11-11,5190,1016,5,62.04,0,South,4,Completed
201664,2024-08-28,5208,1056,3,318.25,0,North,3,Completed
201665,2024-04-13,5193,1011,4,34.88,0,West,3,Completed
201666,2024-02-22,5048,1020,1,63.38,0,South,3,Completed
201667,2025-11-13,5352,1046,1,69.12,0.15,West,1,Completed
201668,2024-02-10,5299,1011,4,33.24,0,West,3,Completed
201669,2024-09-30,5252,1014,3,36.14,0.05,West,3,Completed
201670,2025-09-12,5034,1060,1,122.48,0.1,West,3,Completed
201671,2024-02-02,5115,1037,1,137.06,0,West,3,Completed
201672,2024-11-09,5488,1066,3,174.5,0,West,2,Completed
201673,2025-11-13,5434,1040,1,261.44,0,North,2,Completed
201674,2024-05-31,5301,1016,2,55.39,0,West,5,Completed
201675,2025-08-16,5353,1041,2,49.43,0,South,4,Completed
201676,2025-08-24,5344,1071,3,129.68,0.15,East,3,Completed
201677,2024-12-19,5201,1025,1,193.59,0.15,West,2,Completed
201678,2025-11-05,5255,1060,4,121.46,0.15,East,,Cancelled
201679,2025-12-25,5418,1042,1,16.89,0.15,West,4,Completed
201680,2024-09-13,5004,1022,2,36.52,0.2,South,6,Completed
201681,2025-09-10,5123,1066,1,161.03,0,East,1,Completed
201682,2025-12-29,5005,1047,3,191.57,0,West,5,Completed
201683,2024-07-25,5497,1065,1,67.5,0.05,North,3,Completed
201684,2025-06-25,5272,1051,3,243.99,0.05,North,,Cancelled
201685,2025-04-10,5487,1006,3,216.99,0,West,,Cancelled
201686,2024-10-18,5234,1006,2,211.63,0.05,West,3,Completed
201687,2025-04-19,5450,1054,3,250.94,0,West,4,Returned
201688,2024-11-03,5231,1034,5,141.09,0.1,East,4,Returned
201689,2024-01-05,5203,1034,1,137.21,0.2,West,3,Completed
201690,2024-03-18,5221,1007,1,158.55,0.1,North,3,Completed
201691,2025-09-06,5257,1040,2,274.72,0.05,West,4,Completed
201692,2024-08-28,5400,1015,2,226.99,0.1,West,4,Returned
201693,2024-03-22,5008,1055,1,257.0,0,West,7,Completed
201694,2024-06-22,5375,1034,3,145.29,0,East,2,Completed
201695,2024-04-09,5084,1047,1,206.74,0.2,North,4,Completed
201696,2024-05-04,5040,1020,1,61.81,0,South,5,Completed
201697,2024-07-02,5484,1035,2,241.24,0,North,5,Completed
201698,2024-05-05,5239,1066,3,164.81,0.1,South,2,Completed
201699,2024-07-12,5091,1050,1,81.11,0,West,5,Completed
201700,2024-03-05,5407,1012,2,232.05,0.05,South,2,Completed
201701,2024-01-31,5474,1045,2,106.39,0.1,East,4,Completed
201702,2024-08-05,5416,1052,3,324.66,0,East,4,Completed
201703,2025-11-03,5500,1030,4,137.05,0.05,West,3,Returned
201704,2024-02-12,5189,1026,1,62.09,0.05,East,4,Completed
201705,2025-03-01,5191,1044,1,138.2,0,East,2,Completed
201706,2025-07-28,5050,1067,3,225.53,0,East,4,Completed
201707,2024-05-02,5390,1044,1,135.6,0.1,South,3,Completed
201708,2024-10-27,5421,1055,1,276.61,0.15,East,8,Completed
201709,2025-01-23,5357,1034,1,146.62,0.1,East,,Cancelled
201710,2025-01-07,5500,1068,1,188.89,0,West,8,Completed
201711,2025-12-29,5168,1024,1,116.96,0.05,West,2,Completed
201712,2024-09-27,5059,1013,1,129.32,0,North,4,Completed
201713,2024-02-20,5041,1030,5,138.53,0.05,East,5,Completed
201714,2025-08-14,5416,1071,2,129.71,0.15,East,2,Completed
201715,2024-11-15,5207,1006,2,197.97,0.05,North,1,Returned
201716,2025-08-25,5036,1013,5,133.14,0,East,3,Completed
201717,2024-06-11,5055,1034,2,130.72,0.1,West,2,Completed
201718,2025-10-07,5333,1014,2,33.0,0.1,South,5,Completed
201719,2024-09-01,5421,1066,1,163.03,0.05,East,,Cancelled
201720,2025-05-19,5407,1025,1,204.21,0,South,2,Completed
201721,2024-12-18,5271,1038,10,215.88,0,South,3,Completed
201722,2025-12-24,5316,1016,3,62.18,0,North,3,Completed
201723,2025-12-08,5098,1033,1,145.72,0.05,East,4,Completed
201724,2024-08-24,5068,1006,3,208.81,0.1,West,,Cancelled
201725,2024-10-10,5069,1028,2,265.25,0.05,East,,Cancelled
201726,2025-02-27,5425,1002,1,76.5,0,East,5,Completed
201727,2024-11-28,5445,1048,2,299.28,0.05,West,,Cancelled
201728,2025-10-12,5340,1026,2,67.59,0,North,7,Completed
201729,2025-05-15,5125,1063,2,220.64,0,South,,Cancelled
201730,2024-03-02,5082,1008,2,110.17,0,East,3,Completed
201731,2024-06-30,5146,1036,1,248.03,0.1,South,4,Completed
201732,2025-10-21,5179,1039,1,190.88,0.15,East,7,Completed
201733,2025-05-06,5139,1021,6,110.99,0,West,3,Completed
201734,2025-06-05,5113,1071,1,125.04,0,North,3,Completed
201735,2025-11-05,5051,1035,1,220.23,0,West,7,Completed
201736,2024-10-16,5055,1031,1,259.73,0.2,West,5,Completed
201737,2024-07-06,5295,1068,10,213.01,0,West,3,Completed
201738,2025-03-05,5354,1071,1,120.76,0,North,3,Completed
201739,2024-09-14,5392,1055,1,267.49,0,North,5,Completed
201740,2024-04-08,5309,1046,3,69.07,0.15,West,5,Completed
201741,2024-09-03,5183,1061,2,151.48,0,North,4,Completed
201742,2024-08-24,5053,1018,1,323.11,0,North,5,Completed
201743,2025-03-27,5053,1071,1,125.04,0,North,1,Completed
201744,2024-05-03,5006,1053,3,216.39,0.15,West,,Cancelled
201745,2024-08-30,5048,1044,1,140.6,0,South,5,Completed
201746,2024-02-15,5481,1031,1,254.24,0,West,4,Completed
201747,2024-08-09,5475,1063,5,222.64,0,West,2,Completed
201748,2024-01-01,5295,1036,2,245.58,0,West,4,Completed
201749,2025-10-04,5014,1013,3,133.35,0,East,2,Completed
201750,2024-07-19,5024,1023,1,189.24,0,East,3,Completed
201751,2024-02-02,5317,1018,6,326.91,0,North,6,Completed
201752,2024-06-06,5154,1056,4,327.58,0,South,2,Completed
201753,2024-06-28,5018,1069,5,179.19,0,North,2,Completed
201754,2024-04-21,5079,1054,3,264.06,0,North,4,Completed
201755,2025-08-28,5453,1068,6,211.15,0.2,North,2,Returned
201756,2025-11-07,5305,1069,8,175.78,0,West,5,Completed
201757,2024-09-23,5143,1041,6,48.87,0.1,North,2,Completed
201758,2025-07-02,5152,1049,1,25.03,0.05,East,2,Completed
201759,2025-12-18,5028,1030,5,135.94,0.05,East,4,Completed
201760,2024-02-24,5365,1018,2,306.28,0,South,6,Completed
201761,2024-03-16,5261,1070,2,229.23,0,South,3,Completed
201762,2024-05-19,5171,1071,1,132.64,0,North,2,Completed
201763,2025-12-16,5405,1029,2,185.3,0.05,West,4,Completed
201764,2024-11-25,5280,1011,3,33.98,0.2,East,1,Completed
201765,2025-11-11,5006,1004,5,144.79,0.1,West,2,Completed
201766,2024-03-25,5381,1011,2,34.43,0.1,North,6,Completed
201767,2024-02-28,5332,1048,3,316.81,0.05,North,8,Completed
201768,2025-11-19,5161,1049,6,24.9,0.05,West,3,Completed
201769,2024-05-31,5044,1070,2,227.87,0,South,6,Completed
201770,2024-06-28,5040,1020,1,56.18,0.05,South,3,Completed
201771,2025-03-21,5021,1065,1,66.88,0,East,6,Completed
201772,2025-10-13,5194,1045,2,112.51,0.05,East,3,Completed
201773,2024-08-29,5289,1016,4,62.28,0.05,West,3,Completed
201774,2024-11-13,5026,1047,4,189.95,0,North,4,Completed
201775,2024-02-24,5321,1061,1,152.48,0.05,South,3,Completed
201776,2025-10-01,5182,1003,8,261.42,0.15,West,2,Completed
201777,2024-02-18,5032,1035,5,234.14,0,North,6,Returned
201778,2024-01-06,5469,1068,3,204.9,0.2,South,4,Completed
201779,2024-09-11,5243,1064,2,98.99,0.1,North,1,Completed
201780,2024-06-07,5138,1032,1,233.07,0,East,4,Completed
201781,2025-02-21,5268,1040,1,282.51,0.15,East,2,Completed
201782,2025-03-17,5370,1068,1,190.43,0.1,West,6,Completed
201783,2024-10-25,5421,1050,3,81.43,0,East,,Cancelled
201784,2024-02-13,5192,1038,4,210.15,0.1,North,4,Completed
201785,2024-07-15,5096,1038,6,202.37,0,West,,Cancelled
201786,2025-02-25,5194,1040,5,289.64,0.05,East,4,Completed
201787,2024-08-19,5470,1003,2,260.59,0.05,East,2,Completed
201788,2024-05-17,5142,1043,4,96.98,0,North,1,Completed
201789,2024-10-25,5352,1008,6,119.89,0,West,3,Completed
201790,2024-09-20,5425,1068,5,207.08,0,East,5,Completed
201791,2024-04-02,5413,1014,3,35.64,0.05,North,5,Completed
201792,2025-09-13,5279,1007,1,161.22,0,South,,Cancelled
201793,2024-05-17,5253,1028,1,270.71,0,East,5,Completed
201794,2024-03-26,5371,1010,3,92.58,0.05,South,3,Returned
201795,2025-04-17,5200,1013,5,131.68,0.1,North,,Cancelled
201796,2024-01-11,5269,1002,1,77.32,0,North,4,Returned
201797,2024-04-24,5172,1054,4,241.0,0.05,East,4,Completed
201798,2025-10-14,5171,1061,1,159.5,0,North,2,Completed
201799,2024-01-04,5372,1054,3,260.64,0,South,3,Returned
201800,2024-03-19,5454,1008,1,116.34,0,North,5,Completed
201801,2025-07-06,5147,1014,1,33.97,0.05,West,1,Completed
201802,2024-07-18,5072,1053,3,208.83,0.15,West,3,Completed
201803,2025-04-07,5038,1031,1,238.41,0,West,1,Completed
201804,2024-05-13,5382,1038,2,222.76,0.1,East,4,Completed
201805,2024-08-31,5399,1044,2,144.02,0,East,1,Completed
201806,2024-04-29,5356,1013,2,135.26,0.1,East,7,Completed
201807,2025-06-16,5448,1008,2,117.55,0,North,5,Returned
201808,2025-01-30,5391,1004,2,157.75,0,West,2,Completed
201809,2024-09-17,5090,1028,2,258.37,0.1,North,2,Returned
201810,2025-05-12,5293,1014,2,35.3,0.1,West,2,Completed
201811,2024-09-27,5108,1068,8,196.14,0,East,4,Completed
201812,2025-04-03,5407,1068,2,210.54,0,South,6,Completed
201813,2024-05-19,5378,1068,1,204.14,0.05,West,2,Completed
201814,2025-04-07,5053,1048,1,308.45,0.1,North,8,Completed
201815,2024-10-23,5298,1009,1,224.27,0,North,8,Completed
201816,2025-02-16,5299,1022,3,38.86,0.05,West,5,Completed
201817,2025-11-03,5294,1049,2,24.43,0.05,West,4,Completed
201818,2024-04-01,5348,1059,1,132.31,0.05,East,3,Returned
201819,2024-05-30,5488,1032,1,227.89,0,West,3,Completed
201820,2024-06-28,5317,1025,1,207.8,0.1,North,2,Returned
201821,2025-03-16,5400,1019,2,104.04,0.15,West,4,Completed
201822,2024-06-07,5286,1061,1,159.37,0.1,South,1,Completed
201823,2024-08-09,5227,1023,8,201.02,0.1,North,2,Completed
201824,2025-10-27,5344,1047,8,212.05,0,East,5,Completed
201825,2024-01-04,5429,1037,8,130.81,0.15,East,2,Returned
201826,2024-12-15,5356,1056,4,328.78,0.1,East,5,Completed
201827,2025-03-20,5279,1019,1,106.27,0.05,South,3,Completed
201828,2024-08-09,5323,1010,2,91.59,0,South,4,Completed
201829,2025-06-25,5075,1025,1,190.21,0.15,West,5,Completed
201830,2025-02-12,5398,1035,1,227.63,0.1,South,3,Completed
201831,2024-01-31,5321,1006,1,190.97,0.1,South,4,Completed
201832,2025-09-06,5264,1056,5,313.82,0,West,5,Completed
201833,2025-05-30,5391,1050,1,78.13,0,West,5,Completed
201834,2024-02-19,5422,1004,2,155.86,0,West,,Cancelled
201835,2025-10-06,5042,1038,5,212.46,0,East,5,Completed
201836,2024-07-19,5442,1067,8,227.63,0.05,North,1,Completed
201837,2025-10-14,5189,1029,1,194.62,0,East,3,Completed
201838,2025-04-04,5084,1008,3,114.64,0.1,North,2,Returned
201839,2024-01-20,5071,1045,1,115.31,0.15,South,5,Completed
201840,2024-02-18,5473,1050,2,72.75,0.15,East,,Cancelled
201841,2024-01-24,5399,1034,2,130.45,0.05,East,2,Completed
201842,2024-08-25,5104,1059,1,132.17,0.15,South,7,Completed
201843,2025-02-14,5104,1045,2,105.05,0,South,5,Completed
201844,2025-11-25,5461,1022,3,36.35,0,West,5,Completed
201845,2025-11-16,5122,1066,2,178.15,0.05,West,3,Completed
201846,2025-04-03,5098,1028,3,250.29,0,East,1,Completed
201847,2025-08-15,5493,1022,1,38.3,0,West,8,Completed
201848,2024-10-09,5049,1056,1,340.54,0,East,5,Completed
201849,2025-07-01,5204,1061,1,155.88,0,East,4,Completed
201850,2024-03-17,5088,1024,1,115.36,0,East,5,Completed
201851,2024-04-14,5275,1024,1,114.3,0.15,South,4,Completed
201852,2025-12-04,5175,1063,1,231.84,0,South,6,Completed
201853,2024-04-27,5277,1032,1,222.58,0.05,East,1,Completed
201854,2024-01-24,5118,1058,3,210.35,0.05,North,3,Completed
201855,2025-04-09,5475,1016,1,58.57,0.15,West,6,Completed
201856,2024-01-16,5266,1019,1,99.68,0.05,East,5,Completed
201857,2025-10-06,5093,1029,3,193.38,0,North,6,Completed
201858,2024-12-09,5188,1002,2,72.12,0,West,4,Completed
201859,2025-06-19,5376,1010,6,90.42,0,West,3,Completed
201860,2025-08-31,5204,1059,2,137.76,0.05,East,,Cancelled
201861,2025-09-30,5121,1056,1,312.16,0.05,West,2,Completed
201862,2024-12-04,5457,1005,8,78.4,0.05,East,5,Completed
201863,2025-06-03,5222,1033,3,155.25,0,South,,Cancelled
201864,2025-07-20,5434,1066,3,166.87,0,North,4,Completed
201865,2025-12-12,5235,1005,1,78.46,0.15,East,4,Completed
201866,2025-05-04,5230,1050,4,72.35,0.05,East,4,Completed
201867,2024-03-20,5141,1049,1,25.58,0.05,West,,Cancelled
201868,2025-05-19,5254,1069,1,182.54,0.05,West,3,Completed
201869,2024-05-12,5368,1020,2,61.59,0,North,5,Completed
201870,2025-11-28,5273,1041,2,47.6,0,East,2,Completed
201871,2024-01-31,5027,1035,5,230.01,0.1,North,4,Completed
201872,2025-08-05,5170,1059,3,141.51,0,North,2,Completed
201873,2025-01-18,5383,1044,1,138.15,0.05,West,3,Completed
201874,2025-09-18,5072,1046,3,67.33,0.05,West,4,Completed
201875,2025-02-04,5295,1035,1,234.67,0.15,West,6,Completed
201876,2024-12-14,5294,1014,1,36.51,0.05,West,2,Completed
201877,2025-05-09,5390,1044,8,147.19,0,South,2,Completed
201878,2025-12-12,5485,1029,2,192.79,0.1,South,2,Completed
201879,2024-04-18,5482,1065,2,69.31,0,South,3,Completed
201880,2025-07-26,5135,1050,3,79.72,0.1,East,3,Completed
201881,2024-01-08,5134,1029,3,200.46,0,North,4,Completed
201882,2024-04-25,5296,1010,3,86.16,0,South,5,Returned
201883,2024-10-02,5171,1031,1,242.8,0,North,2,Completed
201884,2024-04-20,5151,1059,1,138.57,0,South,3,Completed
201885,2025-03-05,5454,1028,5,249.42,0.05,North,3,Completed
201886,2024-02-16,5436,1041,3,44.75,0.2,West,6,Completed
201887,2024-10-17,5411,1014,4,34.01,0,West,,Cancelled
201888,2025-09-22,5234,1050,10,77.26,0.05,West,4,Completed
201889,2025-05-04,5310,1017,2,75.91,0,North,4,Completed
201890,2025-02-15,5393,1045,1,116.51,0,South,5,Completed
201891,2024-02-29,5220,1054,5,254.25,0.05,West,,Cancelled
201892,2025-07-05,5387,1058,1,206.54,0,West,3,Completed
201893,2025-07-08,5173,1036,3,242.78,0,West,6,Completed
201894,2024-07-01,5404,1037,1,130.82,0.05,North,2,Completed
201895,2024-12-06,5355,1055,6,254.91,0,South,2,Completed
201896,2025-10-16,5158,1048,3,326.25,0,East,2,Completed
201897,2024-11-29,5450,1015,1,231.92,0,West,1,Completed
201898,2025-07-22,5105,1055,3,263.41,0,West,4,Completed
201899,2025-01-30,5316,1050,10,77.02,0,North,5,Completed
201900,2025-03-09,5480,1029,3,207.34,0,East,4,Completed
201901,2024-05-12,5077,1001,2,157.07,0.1,North,3,Completed
201902,2025-06-22,5108,1009,4,219.2,0.1,East,2,Completed
201903,2024-03-05,5069,1025,3,203.65,0.15,East,4,Completed
201904,2024-03-01,5320,1012,1,219.14,0,West,3,Completed
201905,2025-07-20,5082,1027,1,109.25,0,East,4,Completed
201906,2024-06-30,5045,1059,5,131.53,0,East,5,Completed
201907,2025-10-04,5186,1072,1,78.12,0,North,1,Completed
201908,2025-06-07,5073,1012,5,223.14,0.1,West,4,Completed
201909,2025-02-05,5124,1014,5,36.71,0.1,South,4,Completed
201910,2025-04-13,5090,1009,1,217.05,0.1,North,6,Completed
201911,2024-01-30,5336,1024,1,116.48,0.05,South,4,Completed
201912,2024-06-24,5380,1053,3,210.16,0.1,West,,Cancelled
201913,2025-10-17,5300,1010,2,94.17,0,South,3,Completed
201914,2025-08-14,5187,1032,2,240.71,0,East,3,Completed
201915,2025-10-22,5063,1063,3,212.89,0,North,3,Completed
201916,2025-08-07,5127,1003,5,275.68,0.05,North,3,Completed
201917,2024-07-03,5367,1015,3,239.27,0.1,East,1,Returned
201918,2025-03-26,5293,1023,1,210.8,0,West,3,Completed
201919,2024-04-25,5270,1064,3,94.06,0.1,North,7,Completed
201920,2024-09-05,5485,1067,1,237.53,0.05,South,2,Completed
201921,2024-02-25,5187,1051,1,238.64,0.15,East,4,Completed
201922,2025-06-15,5311,1060,5,125.12,0,East,4,Completed
201923,2025-11-14,5370,1048,1,303.98,0.05,West,1,Completed
201924,2024-07-25,5429,1006,10,201.07,0,East,2,Completed
201925,2024-04-22,5294,1042,2,17.72,0.15,West,6,Completed
201926,2024-01-24,5293,1012,3,238.93,0,West,7,Completed
201927,2025-11-10,5384,1045,1,114.28,0,East,5,Completed
201928,2025-09-18,5099,1008,6,123.26,0.05,North,2,Completed
201929,2024-04-05,5352,1064,1,100.31,0,West,5,Completed
201930,2024-06-10,5060,1027,3,109.09,0.1,South,3,Completed
201931,2024-02-24,5339,1018,4,305.85,0.05,South,3,Completed
201932,2024-07-04,5054,1017,3,72.24,0,East,3,Completed
201933,2025-03-24,5381,1068,1,207.11,0.05,North,1,Returned
201934,2025-03-17,5293,1025,1,191.71,0,West,4,Completed
201935,2025-06-17,5341,1039,4,173.56,0,South,3,Completed
201936,2025-11-30,5405,1072,2,80.98,0.15,West,4,Completed
201937,2024-06-02,5168,1018,2,334.99,0,West,2,Completed
201938,2024-12-24,5434,1047,4,208.05,0,North,4,Completed
201939,2025-11-13,5413,1028,2,260.83,0.1,North,5,Completed
201940,2024-08-22,5398,1013,1,126.81,0,South,,Cancelled
201941,2024-11-30,5184,1071,2,121.12,0.1,South,5,Completed
201942,2024-06-08,5133,1010,10,88.72,0.15,West,3,Completed
201943,2024-08-24,5083,1062,1,184.14,0,West,3,Completed
201944,2025-03-17,5370,1011,3,33.06,0,West,6,Completed
201945,2024-12-16,5272,1014,8,36.34,0,North,4,Completed
201946,2025-12-19,5004,1029,1,186.63,0,South,4,Completed
201947,2025-05-23,5465,1052,4,317.95,0,South,5,Completed
201948,2025-01-14,5319,1009,3,207.43,0.2,West,3,Completed
201949,2024-09-14,5089,1032,1,220.61,0.1,North,3,Completed
201950,2025-07-22,5057,1006,1,194.14,0.1,East,2,Completed
201951,2025-07-21,5413,1053,2,217.71,0,North,3,Completed
201952,2024-02-13,5217,1067,2,228.87,0.1,North,3,Completed
201953,2024-04-20,5076,1004,3,146.99,0,South,,Cancelled
201954,2025-04-08,5022,1053,1,201.59,0.1,East,7,Completed
201955,2025-01-04,5417,1037,8,132.25,0,North,,Cancelled
201956,2024-04-26,5206,1023,1,192.33,0.05,East,4,Completed
201957,2025-04-02,5271,1046,2,66.4,0,South,2,Completed
201958,2024-07-22,5003,1043,4,96.0,0.1,North,,Cancelled
201959,2024-09-17,5081,1057,5,66.04,0,North,3,Completed
201960,2024-09-03,5033,1068,3,189.14,0,North,8,Completed
201961,2025-03-11,5207,1054,8,241.39,0.05,North,1,Completed
201962,2025-04-02,5060,1007,3,152.61,0,South,1,Completed
201963,2025-08-22,5336,1034,4,143.78,0.05,South,4,Completed
201964,2025-08-10,5359,1035,1,220.31,0.2,South,5,Completed
201965,2025-09-17,5022,1033,1,156.05,0.05,East,4,Completed
201966,2025-09-12,5255,1051,2,232.33,0,East,3,Completed
201967,2025-02-28,5225,1016,2,57.93,0,North,3,Completed
201968,2024-08-09,5051,1020,8,60.22,0,West,3,Completed
201969,2024-11-26,5426,1023,1,200.9,0.05,North,4,Completed
201970,2025-09-17,5149,1015,1,249.25,0.1,West,2,Completed
201971,2024-01-27,5221,1018,1,338.32,0,North,5,Completed
201972,2025-02-24,5055,1012,1,212.84,0.05,West,5,Completed
201973,2024-04-07,5322,1034,6,146.48,0.05,West,2,Completed
201974,2025-09-01,5190,1066,10,176.52,0.05,South,6,Completed
201975,2024-01-23,5043,1057,2,73.27,0.05,East,6,Completed
201976,2024-03-13,5261,1004,6,149.11,0.15,South,,Cancelled
201977,2024-05-03,5071,1021,5,115.09,0,South,6,Completed
201978,2025-06-03,5293,1057,6,65.27,0.05,West,1,Completed
201979,2025-03-04,5277,1006,2,212.96,0,East,5,Completed
201980,2024-11-02,5195,1011,1,32.85,0.05,East,2,Completed
201981,2025-11-21,5457,1064,1,100.78,0,East,4,Completed
201982,2025-04-19,5259,1020,2,60.98,0.15,North,5,Completed
201983,2024-09-30,5341,1007,2,152.74,0.1,South,5,Completed
201984,2024-04-25,5405,1055,1,275.83,0.15,West,2,Completed
201985,2025-07-25,5146,1071,3,131.68,0,South,3,Completed
201986,2024-07-05,5409,1051,1,243.57,0.05,West,4,Completed
201987,2025-01-27,5428,1049,3,23.9,0.15,East,3,Completed
201988,2024-06-04,5262,1040,1,259.59,0.05,South,2,Completed
201989,2025-08-16,5478,1046,4,71.04,0,West,2,Completed
201990,2024-09-29,5258,1029,2,198.92,0.05,East,6,Completed
201991,2025-02-08,5071,1034,10,137.14,0.1,South,4,Completed
201992,2025-09-30,5218,1003,1,277.2,0,North,2,Completed
201993,2025-01-01,5459,1032,10,218.05,0.05,South,5,Completed
201994,2024-04-20,5105,1053,2,192.83,0,West,2,Completed
201995,2024-09-17,5128,1006,2,211.31,0,West,4,Completed
201996,2025-01-03,5466,1022,1,36.5,0,East,2,Returned
201997,2024-11-21,5050,1055,5,263.04,0.05,East,5,Completed
201998,2024-03-05,5214,1052,3,338.85,0.15,South,1,Completed
201999,2025-12-17,5265,1017,2,77.04,0.1,South,4,Completed
202000,2025-02-14,5490,1001,2,155.22,0,West,3,Completed
202001,2024-08-19,5265,1014,3,35.22,0.15,South,7,Completed
202002,2025-09-23,5280,1055,3,277.79,0.15,East,4,Completed
202003,2025-03-26,5357,1071,2,130.21,0.05,East,6,Completed
202004,2025-08-25,5168,1044,1,131.93,0.05,West,4,Completed
202005,2024-02-29,5370,1024,4,111.74,0.2,West,6,Completed
202006,2024-12-25,5456,1006,2,209.97,0,South,2,Completed
202007,2025-07-22,5306,1069,1,171.34,0,North,4,Completed
202008,2025-06-11,5065,1013,1,126.08,0.05,West,1,Completed
202009,2024-05-19,5013,1039,10,172.31,0,South,6,Completed
202010,2025-07-24,5193,1036,2,241.61,0,West,3,Completed
202011,2024-11-14,5083,1002,5,73.82,0,West,4,Completed
202012,2024-11-11,5015,1058,8,206.91,0,South,4,Completed
202013,2024-09-05,5218,1017,2,79.42,0.1,North,5,Completed
202014,2025-03-04,5438,1024,1,117.45,0,North,4,Completed
202015,2024-02-24,5178,1030,6,144.07,0,East,2,Completed
202016,2024-07-04,5078,1038,4,224.18,0,West,,Cancelled
202017,2024-11-14,5356,1061,4,148.17,0.05,East,2,Completed
202018,2025-12-27,5091,1036,1,258.22,0.15,West,,Cancelled
202019,2025-06-30,5418,1033,3,143.48,0.2,West,6,Completed
202020,2024-04-20,5275,1002,2,76.37,0,South,8,Completed
202021,2024-03-22,5066,1026,3,65.71,0.15,West,5,Completed
202022,2025-04-01,5007,1035,3,243.83,0.1,East,4,Completed
202023,2024-05-30,5218,1010,6,89.94,0,North,2,Completed
202024,2024-12-16,5389,1062,2,178.72,0.05,North,5,Completed
202025,2025-07-21,5025,1060,4,129.82,0,East,7,Completed
202026,2024-05-10,5090,1040,2,273.64,0.1,North,6,Completed
202027,2024-02-18,5186,1035,8,237.85,0,North,3,Completed
202028,2024-05-29,5240,1044,5,132.45,0,North,2,Completed
202029,2024-10-19,5479,1058,3,219.37,0.1,West,4,Completed
202030,2025-04-06,5318,1011,4,33.56,0.1,East,3,Completed
202031,2025-05-16,5329,1022,1,38.44,0.1,East,4,Completed
202032,2025-05-01,5420,1010,1,93.07,0.05,East,1,Completed
202033,2024-09-09,5402,1050,1,74.01,0.1,West,3,Completed
202034,2024-11-28,5406,1030,2,139.99,0,East,2,Completed
202035,2024-11-08,5435,1030,5,142.88,0.15,South,5,Completed
202036,2025-02-09,5264,1009,2,199.19,0.05,West,3,Completed
202037,2024-09-17,5089,1036,3,239.56,0,North,1,Completed
202038,2025-07-01,5273,1027,3,111.33,0,East,3,Completed
202039,2024-04-19,5402,1071,3,132.03,0.1,West,4,Completed
202040,2024-05-30,5124,1016,8,56.76,0.05,South,4,Completed
202041,2025-08-23,5198,1055,4,280.06,0.15,West,4,Completed
202042,2025-05-07,5157,1041,1,45.5,0,West,3,Completed
202043,2025-01-20,5071,1033,4,162.72,0.15,South,4,Completed
202044,2025-12-28,5494,1049,1,25.14,0.15,South,4,Completed
202045,2024-06-15,5304,1058,1,197.49,0.1,East,2,Completed
202046,2025-05-26,5331,1071,6,133.35,0,East,2,Completed
202047,2025-06-11,5089,1067,3,215.73,0.05,North,2,Returned
202048,2024-01-16,5023,1015,1,223.53,0,North,4,Completed
202049,2025-01-23,5237,1056,6,338.38,0.05,East,4,Completed
202050,2025-01-30,5286,1062,2,174.15,0.1,South,3,Completed
202051,2024-03-04,5048,1037,1,145.09,0.05,South,4,Returned
202052,2025-08-26,5329,1011,1,34.35,0,East,5,Completed
202053,2025-10-18,5439,1071,1,134.99,0,North,3,Completed
202054,2024-02-05,5347,1013,3,127.36,0.2,South,5,Completed
202055,2024-01-04,5469,1024,4,122.18,0.15,South,4,Completed
202056,2024-12-05,5225,1010,3,95.04,0,North,4,Completed
202057,2024-04-04,5217,1035,6,229.43,0,North,6,Completed
202058,2025-12-21,5363,1012,10,220.23,0,East,5,Completed
202059,2024-04-12,5278,1042,4,16.25,0.15,West,4,Completed
202060,2025-09-21,5022,1067,4,221.98,0.1,East,4,Completed
202061,2024-05-24,5151,1071,3,125.6,0.05,South,3,Completed
202062,2025-06-24,5236,1002,2,78.15,0.05,West,4,Completed
202063,2025-11-29,5242,1068,2,197.69,0.05,East,3,Completed
202064,2024-07-03,5303,1055,5,284.66,0.05,North,1,Completed
202065,2024-05-09,5305,1031,1,252.48,0,West,8,Completed
202066,2025-08-14,5233,1067,5,218.33,0,East,2,Completed
202067,2025-08-08,5438,1001,1,163.23,0,North,3,Completed
202068,2025-04-16,5161,1016,1,60.46,0,West,3,Completed
202069,2024-03-17,5198,1024,3,116.25,0.1,West,3,Completed
202070,2024-05-21,5312,1052,1,339.33,0,West,3,Completed
202071,2025-04-05,5301,1010,3,94.02,0.2,West,4,Completed
202072,2024-05-15,5188,1035,2,229.49,0.05,West,5,Completed
202073,2025-03-21,5024,1041,1,44.7,0.1,East,5,Completed
202074,2024-01-01,5188,1064,1,93.11,0.1,West,3,Completed
202075,2025-02-23,5474,1044,1,144.67,0,East,3,Completed
202076,2024-06-30,5443,1061,6,157.74,0.05,West,6,Completed
202077,2024-02-29,5144,1001,2,170.71,0.15,North,2,Completed
202078,2025-04-08,5353,1034,1,136.16,0,South,7,Completed
202079,2024-01-07,5474,1048,1,310.62,0,East,4,Completed
202080,2024-04-03,5486,1008,2,111.17,0,West,3,Completed
202081,2025-11-03,5414,1014,1,36.35,0,North,5,Completed
202082,2024-02-24,5117,1057,1,68.82,0,North,5,Completed
202083,2025-11-27,5304,1041,8,48.06,0,East,8,Completed
202084,2025-08-10,5045,1065,2,63.78,0,East,5,Completed
202085,2025-04-24,5073,1067,2,234.25,0,West,3,Completed
202086,2024-10-12,5305,1033,4,157.74,0,West,,Cancelled
202087,2024-05-24,5492,1066,1,168.73,0,East,,Cancelled
202088,2024-02-06,5110,1010,1,90.32,0,North,4,Completed
202089,2024-03-11,5114,1024,1,119.68,0.2,North,4,Completed
202090,2025-06-20,5225,1033,4,161.38,0,North,3,Completed
202091,2024-10-06,5031,1052,2,318.96,0.1,South,,Cancelled
202092,2024-08-12,5302,1071,10,134.16,0.15,West,,Cancelled
202093,2025-07-14,5258,1025,1,196.93,0.1,East,8,Completed
202094,2025-02-19,5465,1039,2,172.45,0,South,5,Returned
202095,2025-12-22,5475,1036,2,242.42,0.05,West,3,Completed
202096,2024-07-29,5204,1021,3,108.04,0,East,7,Completed
202097,2024-04-19,5462,1042,3,15.73,0,West,8,Completed
202098,2024-04-12,5053,1030,10,137.93,0,North,,Cancelled
202099,2025-09-07,5199,1013,1,124.7,0,North,,Cancelled
202100,2025-11-29,5483,1057,3,70.34,0,North,3,Completed
202101,2024-08-27,5318,1048,6,325.54,0,East,4,Completed
202102,2025-11-13,5001,1011,2,36.01,0,South,4,Completed
202103,2024-01-11,5447,1008,2,122.18,0.1,West,2,Completed
202104,2024-08-07,5057,1044,6,136.13,0.15,East,5,Completed
202105,2025-03-26,5352,1034,3,134.26,0,West,7,Completed
202106,2025-03-29,5253,1013,5,128.89,0,East,7,Completed
202107,2025-10-21,5363,1047,1,190.57,0.1,East,1,Completed
202108,2025-11-24,5202,1037,8,128.95,0.1,West,4,Completed
202109,2024-01-04,5297,1016,1,56.45,0,East,1,Completed
202110,2024-03-06,5314,1037,1,130.39,0.05,North,2,Completed
202111,2025-09-22,5335,1044,1,136.12,0.05,East,5,Completed
202112,2025-12-03,5466,1048,1,291.21,0,East,1,Completed
202113,2025-08-06,5494,1063,1,224.57,0,South,,Cancelled
202114,2024-03-01,5483,1071,2,123.28,0,North,5,Completed
202115,2025-05-05,5459,1031,3,258.41,0,South,2,Completed
202116,2024-11-10,5100,1037,8,132.7,0,West,1,Completed
202117,2025-01-21,5252,1059,5,126.14,0,West,2,Completed
202118,2024-03-15,5179,1002,10,70.84,0,East,3,Completed
202119,2025-04-15,5147,1014,1,33.27,0,West,7,Completed
202120,2024-08-12,5360,1020,1,56.39,0.15,East,5,Completed
202121,2025-10-20,5017,1006,2,200.25,0.05,North,1,Returned
202122,2025-07-23,5392,1070,2,217.95,0,North,6,Returned
202123,2025-02-06,5046,1050,4,72.16,0.05,North,6,Completed
202124,2024-12-08,5172,1059,10,142.93,0.05,East,3,Completed
202125,2024-03-30,5439,1024,3,112.7,0.1,North,3,Completed
202126,2025-03-05,5119,1031,5,258.26,0.1,North,2,Completed
202127,2025-06-17,5190,1046,1,74.18,0.2,South,4,Completed
202128,2025-03-31,5065,1001,4,158.29,0.1,West,5,Completed
202129,2024-07-12,5004,1024,8,119.85,0,South,4,Completed
202130,2024-12-27,5088,1009,2,212.85,0,East,3,Returned
202131,2025-08-02,5003,1047,1,200.15,0,North,4,Completed
202132,2025-07-17,5171,1071,2,131.2,0,North,4,Completed
202133,2025-12-21,5241,1022,2,39.27,0.05,West,5,Completed
202134,2024-08-30,5396,1044,4,145.22,0.05,South,1,Completed
202135,2025-06-04,5193,1020,2,59.75,0,West,3,Returned
202136,2024-02-24,5452,1040,10,281.31,0,North,3,Completed
202137,2024-06-30,5001,1007,3,160.14,0.05,South,5,Completed
202138,2025-11-09,5118,1018,1,312.56,0,North,,Cancelled
202139,2024-05-14,5143,1028,5,243.73,0.1,North,8,Returned
202140,2025-08-14,5490,1047,1,192.14,0,West,4,Completed
202141,2024-02-06,5007,1017,10,77.85,0,East,2,Completed
202142,2024-05-13,5437,1017,2,72.15,0.15,West,6,Completed
202143,2024-07-17,5125,1048,4,292.11,0,South,3,Completed
202144,2024-09-16,5025,1053,1,194.34,0.2,East,4,Completed
202145,2025-03-26,5305,1030,2,130.67,0.15,West,4,Completed
202146,2025-12-01,5068,1010,1,88.65,0.05,West,6,Completed
202147,2025-04-25,5352,1010,5,94.72,0,West,4,Completed
202148,2024-08-11,5490,1068,4,210.01,0,West,5,Completed
202149,2024-03-09,5421,1036,2,233.84,0,East,6,Completed
202150,2025-03-05,5481,1016,2,59.03,0,West,3,Completed
202151,2025-02-06,5431,1054,4,253.18,0.15,West,4,Completed
202152,2024-03-27,5477,1020,4,56.32,0,South,4,Completed
202153,2024-11-03,5399,1033,2,162.58,0,East,4,Completed
202154,2024-08-18,5310,1025,2,202.61,0,North,2,Completed
202155,2024-06-21,5098,1017,2,71.78,0.1,East,7,Completed
202156,2025-02-24,5131,1028,6,272.65,0.1,South,4,Completed
202157,2025-11-20,5165,1035,3,237.36,0.15,South,7,Completed
202158,2025-08-31,5274,1064,3,104.06,0.1,South,,Cancelled
202159,2024-11-14,5076,1031,3,248.36,0.05,South,3,Returned
202160,2025-07-27,5113,1026,1,70.14,0,North,8,Completed
202161,2024-07-10,5485,1059,3,130.07,0,South,3,Returned
202162,2024-02-05,5487,1026,1,69.02,0,West,5,Completed
202163,2025-02-19,5271,1064,10,103.22,0,South,5,Completed
202164,2025-05-26,5200,1035,2,245.09,0.05,North,5,Completed
202165,2024-07-23,5138,1043,1,94.36,0,East,5,Completed
202166,2025-08-31,5202,1050,2,76.35,0.1,West,6,Completed
202167,2024-06-30,5065,1011,2,36.52,0.05,West,4,Completed
202168,2025-06-04,5474,1040,2,276.88,0.1,East,3,Completed
202169,2025-08-12,5482,1048,1,292.87,0,South,6,Completed
202170,2024-10-09,5007,1059,2,143.02,0.1,East,3,Completed
202171,2024-10-19,5198,1016,3,58.93,0,West,2,Completed
202172,2025-03-01,5406,1021,1,112.09,0,East,4,Completed
202173,2025-08-03,5029,1058,3,196.26,0,West,6,Completed
202174,2024-01-31,5463,1003,3,275.25,0,South,5,Completed
202175,2024-05-25,5471,1022,1,37.98,0.1,North,6,Returned
202176,2024-11-21,5286,1036,2,240.11,0.2,South,6,Completed
202177,2025-04-16,5222,1065,5,67.02,0.05,South,1,Completed
202178,2025-10-20,5255,1025,5,204.46,0.15,East,,Cancelled
202179,2025-02-24,5355,1068,5,194.04,0.1,South,3,Completed
202180,2025-08-14,5232,1017,3,72.81,0,West,1,Completed
202181,2025-10-23,5143,1008,6,113.83,0.05,North,2,Completed
202182,2024-03-05,5225,1069,6,173.75,0,North,8,Completed
202183,2024-06-04,5019,1004,3,144.44,0.1,South,2,Completed
202184,2024-05-02,5238,1025,3,201.82,0,East,5,Completed
202185,2025-02-11,5394,1028,3,274.38,0,West,6,Completed
202186,2024-07-21,5102,1016,2,58.73,0.1,East,3,Completed
202187,2025-09-07,5465,1004,2,152.65,0.05,South,3,Completed
202188,2025-09-22,5066,1048,5,296.83,0.05,West,2,Completed
202189,2025-10-17,5087,1020,4,60.57,0,North,6,Completed
202190,2024-01-02,5309,1023,5,208.93,0.05,West,5,Completed
202191,2024-08-18,5114,1046,2,69.3,0,North,1,Completed
202192,2024-02-20,5204,1012,2,223.33,0.05,East,3,Completed
202193,2025-06-01,5492,1016,4,55.13,0,East,1,Completed
202194,2025-02-09,5064,1020,3,63.35,0.2,East,2,Completed
202195,2025-11-25,5493,1072,8,82.01,0.1,West,3,Completed
202196,2025-12-25,5407,1056,2,328.62,0,South,2,Completed
202197,2024-05-14,5227,1034,10,146.64,0.2,North,8,Completed
202198,2025-12-30,5073,1021,3,111.84,0.1,West,8,Completed
202199,2025-11-17,5178,1072,2,79.05,0.1,East,4,Completed
202200,2024-07-01,5441,1024,2,110.8,0,South,6,Completed
202201,2025-01-15,5173,1028,6,271.2,0,West,5,Completed
202202,2024-03-09,5246,1032,1,224.87,0,West,5,Completed
202203,2024-08-29,5142,1014,3,34.92,0,North,3,Completed
202204,2024-11-27,5063,1072,5,80.14,0,North,2,Completed
202205,2025-06-04,5339,1008,3,120.83,0,South,3,Completed
202206,2024-03-05,5188,1050,1,75.66,0,West,3,Completed
202207,2025-10-03,5038,1023,2,206.16,0,West,2,Completed
202208,2024-12-03,5290,1044,1,131.58,0.15,South,4,Completed
202209,2025-08-28,5304,1028,2,247.66,0,East,3,Completed
202210,2024-01-19,5001,1018,2,301.69,0,South,4,Completed
202211,2024-04-08,5334,1064,3,93.24,0,West,2,Completed
202212,2025-09-27,5125,1056,2,328.77,0.05,South,4,Completed
202213,2024-08-08,5268,1061,2,145.11,0.15,East,5,Completed
202214,2024-05-15,5395,1024,2,114.9,0.1,East,3,Completed
202215,2025-07-01,5296,1068,3,194.42,0,South,4,Completed
202216,2024-07-26,5107,1040,1,267.53,0.1,East,2,Completed
202217,2025-11-19,5489,1066,2,162.16,0,East,2,Completed
202218,2025-08-23,5082,1016,5,58.49,0.1,East,3,Completed
202219,2024-10-17,5145,1059,3,133.26,0,East,4,Completed
202220,2024-11-12,5203,1040,4,266.44,0,West,3,Completed
202221,2024-04-01,5231,1040,1,270.95,0.15,East,8,Completed
202222,2024-02-03,5132,1043,1,91.31,0,East,2,Completed
202223,2024-10-05,5302,1050,3,76.45,0.2,West,2,Completed
202224,2024-05-20,5326,1046,2,66.58,0,South,3,Completed
202225,2024-07-02,5239,1002,1,74.0,0.05,South,4,Completed
202226,2024-08-28,5219,1039,5,192.67,0.05,North,,Cancelled
202227,2025-08-06,5318,1072,3,75.25,0,East,4,Completed
202228,2024-12-04,5127,1039,5,178.05,0.15,North,2,Completed
202229,2024-03-15,5364,1033,1,154.53,0,West,4,Completed
202230,2025-12-23,5126,1032,1,221.61,0.05,West,,Cancelled
202231,2025-02-23,5295,1035,2,237.99,0.05,West,4,Completed
202232,2024-02-18,5075,1029,2,201.66,0,West,4,Completed
202233,2025-10-19,5112,1069,2,168.21,0.15,South,3,Completed
202234,2025-08-07,5054,1002,1,77.79,0,East,5,Completed
202235,2024-11-04,5246,1042,2,17.03,0,West,5,Returned
202236,2025-04-28,5190,1044,1,130.62,0.1,South,1,Completed
202237,2025-08-03,5155,1036,1,235.96,0.15,West,4,Completed
202238,2024-01-29,5291,1007,3,150.27,0,South,2,Completed
202239,2024-12-07,5376,1060,5,123.73,0.05,West,2,Completed
202240,2025-10-05,5299,1044,2,146.68,0,West,8,Completed
202241,2024-03-11,5041,1028,2,250.12,0,East,3,Completed
202242,2024-03-27,5199,1029,6,184.71,0.05,North,2,Completed
202243,2024-07-14,5456,1024,1,110.1,0.05,South,5,Completed
202244,2025-04-13,5100,1040,1,259.78,0,West,3,Completed
202245,2025-08-16,5340,1058,3,210.92,0.05,North,5,Completed
202246,2024-02-03,5277,1004,6,149.3,0.15,East,4,Completed
202247,2025-01-25,5073,1036,8,256.74,0,West,2,Completed
202248,2025-03-24,5340,1063,1,236.61,0,North,3,Returned
202249,2024-02-29,5431,1041,2,46.05,0.1,West,1,Completed
202250,2025-09-16,5083,1072,2,76.9,0,West,,Cancelled
202251,2024-07-22,5173,1021,2,119.21,0,West,1,Completed
202252,2024-12-04,5009,1018,10,337.24,0,North,2,Completed
202253,2024-09-16,5113,1026,2,62.99,0.1,North,6,Completed
202254,2025-01-08,5402,1059,1,128.45,0.15,West,3,Returned
202255,2024-11-18,5313,1045,3,114.11,0,East,2,Completed
202256,2024-08-24,5041,1023,2,200.19,0,East,2,Completed
202257,2024-05-14,5111,1035,2,246.63,0,East,5,Completed
202258,2024-04-03,5415,1003,1,270.47,0,North,3,Completed
202259,2024-02-29,5452,1048,5,321.23,0,North,4,Completed
202260,2024-04-14,5280,1060,2,122.17,0.05,East,5,Completed
202261,2025-09-29,5212,1014,3,36.55,0.15,South,1,Completed
202262,2024-08-20,5185,1070,6,233.32,0,East,4,Completed
202263,2024-03-06,5174,1065,1,69.34,0,West,5,Completed
202264,2025-02-07,5176,1050,1,77.1,0,North,5,Completed
202265,2025-05-12,5485,1032,1,240.73,0.05,South,5,Completed
202266,2024-03-27,5052,1017,1,80.29,0.05,West,1,Completed
202267,2025-12-05,5357,1045,4,105.62,0.1,East,6,Completed
202268,2025-04-10,5500,1010,5,91.84,0,West,5,Completed
202269,2025-09-04,5478,1029,1,199.0,0.2,West,4,Completed
202270,2024-04-22,5092,1041,1,46.81,0,South,3,Completed
202271,2024-08-13,5131,1032,1,238.3,0,South,2,Completed
202272,2024-06-29,5058,1049,1,24.4,0.1,North,4,Completed
202273,2024-07-18,5436,1025,1,192.14,0.05,West,8,Completed
202274,2025-03-29,5151,1039,4,190.9,0,South,3,Completed
202275,2024-01-13,5307,1043,1,99.07,0,West,4,Completed
202276,2025-12-01,5194,1065,3,62.91,0.15,East,4,Completed
202277,2025-09-30,5255,1033,1,156.27,0,East,2,Completed
202278,2025-02-28,5450,1041,1,46.7,0.15,West,5,Completed
202279,2025-08-03,5082,1046,2,69.29,0.15,East,2,Completed
202280,2024-01-29,5415,1018,2,307.29,0.15,North,3,Completed
202281,2025-02-24,5037,1042,1,17.3,0,South,4,Completed
202282,2025-03-22,5206,1030,3,140.37,0.1,East,2,Completed
202283,2025-11-11,5319,1038,1,202.13,0,West,4,Completed
202284,2024-01-28,5320,1066,2,161.55,0,West,2,Completed
202285,2024-02-11,5336,1069,2,167.2,0.15,South,5,Completed
202286,2024-06-30,5033,1011,1,35.96,0.1,North,3,Completed
202287,2025-11-09,5152,1066,1,160.45,0,East,3,Returned
202288,2025-05-26,5214,1069,1,179.17,0,South,,Cancelled
202289,2024-11-30,5057,1068,2,213.79,0,East,5,Completed
202290,2024-02-13,5429,1001,1,172.79,0.15,East,3,Completed
202291,2025-05-06,5327,1068,1,207.29,0,East,3,Completed
202292,2025-02-12,5206,1037,4,136.4,0,East,2,Completed
202293,2024-04-24,5152,1024,3,110.23,0,East,2,Completed
202294,2024-11-08,5094,1003,1,252.32,0,East,2,Completed
202295,2024-10-15,5498,1015,6,238.85,0.15,East,6,Completed
202296,2024-04-02,5444,1015,3,244.67,0,South,4,Completed
202297,2025-08-12,5305,1036,1,253.37,0,West,2,Completed
202298,2024-02-28,5282,1003,2,268.49,0,East,5,Completed
202299,2024-03-04,5362,1001,6,164.88,0.1,West,2,Completed
202300,2024-04-08,5203,1025,3,191.73,0,West,3,Completed
202301,2025-07-17,5272,1031,6,235.47,0.05,North,3,Completed
202302,2025-11-06,5415,1022,4,38.01,0,North,4,Completed
202303,2025-04-13,5222,1021,6,110.15,0.15,South,4,Completed
202304,2025-05-28,5456,1027,2,116.11,0.1,South,2,Completed
202305,2024-03-26,5248,1053,3,218.24,0.15,South,6,Completed
202306,2024-06-30,5385,1052,1,313.07,0,South,5,Completed
202307,2024-07-13,5001,1010,2,94.21,0,South,4,Completed
202308,2025-11-20,5079,1013,2,125.59,0.2,North,2,Completed
202309,2025-06-25,5378,1009,3,222.8,0.1,West,1,Completed
202310,2025-05-19,5488,1062,3,184.37,0,West,3,Completed
202311,2024-01-07,5298,1022,6,39.99,0.05,North,5,Completed
202312,2025-09-28,5127,1010,3,85.22,0.2,North,6,Completed
202313,2024-12-26,5356,1015,2,241.12,0.15,East,,Cancelled
202314,2024-12-24,5278,1039,1,194.42,0.05,West,5,Completed
202315,2025-01-20,5078,1051,8,242.4,0,West,2,Completed
202316,2025-08-11,5446,1046,1,68.92,0,South,3,Completed
202317,2024-12-17,5290,1021,3,116.79,0.05,South,1,Completed
202318,2024-05-19,5228,1039,3,185.91,0,East,2,Completed
202319,2025-03-09,5317,1053,10,204.38,0,North,4,Completed
202320,2025-07-29,5249,1003,4,266.77,0,North,3,Completed
202321,2025-12-03,5287,1046,2,66.81,0,North,3,Completed
202322,2024-11-05,5411,1065,2,65.17,0,West,7,Completed
202323,2025-02-12,5176,1027,2,116.63,0.05,North,3,Completed
202324,2024-01-29,5300,1069,1,165.92,0.1,South,4,Completed
202325,2024-01-11,5413,1051,1,261.37,0.1,North,2,Completed
202326,2024-02-10,5072,1059,1,127.05,0.05,West,5,Completed
202327,2025-07-01,5092,1035,2,224.96,0,South,4,Completed
202328,2024-07-13,5277,1072,4,75.48,0,East,5,Completed
202329,2025-09-25,5283,1031,2,253.8,0.1,South,2,Completed
202330,2024-08-30,5178,1054,6,252.77,0,East,1,Completed
202331,2024-02-17,5001,1028,3,254.88,0.1,South,4,Completed
202332,2025-10-22,5446,1046,6,69.64,0.2,South,2,Completed
202333,2025-03-24,5134,1025,3,194.66,0.15,North,,Cancelled
202334,2025-05-29,5230,1007,6,160.71,0.15,East,4,Completed
202335,2025-10-20,5083,1054,1,247.29,0.05,West,3,Completed
202336,2024-02-18,5353,1016,6,62.12,0,South,2,Completed
202337,2025-02-06,5305,1006,3,205.54,0.2,West,6,Completed
202338,2024-06-17,5420,1048,1,319.13,0,East,2,Completed
202339,2025-09-17,5467,1045,5,118.28,0,North,5,Completed
202340,2024-05-07,5095,1024,1,117.49,0,West,4,Completed
202341,2024-09-21,5226,1004,2,153.76,0,West,4,Completed
202342,2025-09-03,5167,1048,2,321.89,0,West,5,Completed
202343,2024-11-16,5274,1029,4,190.72,0.2,South,4,Completed
202344,2024-06-19,5112,1014,5,32.46,0.05,South,3,Completed
202345,2024-04-03,5066,1024,1,115.08,0.1,West,6,Returned
202346,2025-10-10,5328,1019,2,102.19,0,South,,Cancelled
202347,2024-09-09,5329,1070,2,222.91,0.1,East,3,Completed
202348,2024-06-23,5093,1040,2,266.96,0.1,North,3,Completed
202349,2025-05-15,5258,1042,1,16.4,0,East,1,Completed
202350,2025-01-06,5437,1007,1,153.72,0,West,3,Completed
202351,2025-10-15,5392,1047,4,211.45,0,North,5,Completed
202352,2024-04-24,5437,1038,5,215.94,0,West,4,Completed
202353,2024-07-23,5293,1059,5,126.63,0.05,West,2,Completed
202354,2024-02-01,5262,1069,1,164.07,0,South,5,Completed
202355,2024-09-02,5353,1026,2,63.49,0.05,South,7,Completed
202356,2025-06-02,5263,1061,1,141.97,0.15,South,5,Completed
202357,2025-05-01,5246,1070,1,218.9,0.05,West,4,Completed
202358,2024-05-05,5161,1024,1,117.87,0,West,6,Completed
202359,2025-05-09,5374,1029,4,196.36,0,West,6,Completed
202360,2025-12-03,5183,1055,1,270.77,0.15,North,5,Completed
202361,2024-06-15,5227,1049,2,25.62,0.15,North,2,Completed
202362,2024-05-19,5417,1051,2,250.1,0.15,North,3,Completed
202363,2024-02-23,5498,1044,2,142.22,0.1,East,2,Completed
202364,2024-12-14,5273,1071,2,122.81,0.05,East,7,Completed
202365,2024-06-16,5363,1044,1,141.76,0.05,East,3,Completed
202366,2025-10-28,5148,1022,1,39.6,0.15,South,3,Completed
202367,2025-08-19,5385,1059,1,132.39,0.15,South,5,Completed
202368,2025-10-12,5252,1043,2,100.1,0.05,West,5,Completed
202369,2024-07-02,5432,1007,2,162.27,0.05,South,4,Completed
202370,2024-05-20,5460,1010,2,94.29,0.05,East,3,Completed
202371,2024-01-15,5042,1060,4,128.76,0.05,East,3,Returned
202372,2024-09-29,5169,1013,1,134.19,0,East,4,Completed
202373,2024-04-17,5201,1067,3,215.67,0.05,West,3,Completed
202374,2025-07-03,5386,1056,1,353.5,0,West,3,Completed
202375,2024-10-08,5276,1011,1,36.13,0,West,,Cancelled
202376,2024-04-17,5378,1022,2,36.52,0,West,6,Completed
202377,2025-08-22,5474,1055,4,275.33,0,East,4,Completed
202378,2025-07-05,5382,1065,4,67.61,0,East,5,Completed
202379,2024-07-18,5343,1041,2,44.58,0.1,South,4,Completed
202380,2024-01-11,5404,1011,5,35.03,0,North,3,Completed
202381,2024-12-23,5069,1041,3,44.21,0,East,4,Completed
202382,2024-04-13,5424,1069,3,169.5,0,South,6,Completed
202383,2025-04-17,5154,1028,1,264.59,0,South,5,Completed
202384,2025-01-23,5255,1027,1,105.68,0,East,3,Completed
202385,2025-08-04,5369,1052,2,303.02,0.1,West,1,Completed
202386,2024-11-25,5171,1070,10,226.09,0.1,North,,Cancelled
202387,2025-04-06,5188,1038,1,210.61,0,West,3,Completed
202388,2025-08-04,5300,1063,2,211.17,0.15,South,3,Completed
202389,2025-11-06,5202,1006,2,203.64,0,West,3,Completed
202390,2025-07-11,5438,1021,10,113.57,0.05,North,3,Completed
202391,2024-06-30,5128,1038,2,201.93,0,West,4,Completed
202392,2024-02-05,5212,1010,3,94.88,0.05,South,3,Returned
202393,2024-12-08,5457,1027,4,108.38,0.15,East,3,Completed
202394,2024-05-07,5500,1048,3,293.76,0.05,West,8,Completed
202395,2024-05-26,5005,1034,1,144.43,0,West,6,Completed
202396,2025-11-23,5135,1034,1,133.33,0.1,East,3,Completed
202397,2025-08-12,5109,1003,4,257.29,0,East,4,Completed
202398,2025-08-06,5441,1001,2,159.39,0.1,South,4,Completed
202399,2024-11-23,5233,1035,2,225.43,0.15,East,5,Completed
202400,2025-04-09,5169,1069,2,181.94,0,East,1,Completed
202401,2025-07-20,5496,1055,10,279.83,0.1,West,,Cancelled
202402,2024-02-05,5430,1035,8,241.06,0.05,South,6,Completed
202403,2024-07-29,5260,1064,2,104.46,0.1,South,2,Completed
202404,2025-02-18,5120,1028,2,249.85,0,East,2,Completed
202405,2025-09-29,5005,1002,8,74.48,0,West,4,Returned
202406,2024-07-09,5215,1003,2,270.16,0,South,7,Completed
202407,2024-03-10,5474,1034,1,145.09,0.15,East,4,Completed
202408,2025-04-06,5371,1046,1,66.73,0.1,South,1,Completed
202409,2025-12-07,5354,1064,3,95.03,0,North,3,Completed
202410,2025-07-18,5400,1031,1,249.79,0,West,2,Completed
202411,2024-05-27,5325,1019,2,106.46,0,West,5,Completed
202412,2025-02-03,5244,1020,5,57.42,0.05,West,,Cancelled
202413,2024-03-21,5091,1048,5,295.74,0.1,West,,Cancelled
202414,2025-12-11,5008,1034,1,131.17,0,West,5,Completed
202415,2024-07-16,5027,1005,2,79.98,0,North,1,Completed
202416,2025-07-13,5007,1020,3,63.0,0,East,2,Completed
202417,2025-08-31,5018,1005,4,84.36,0,North,4,Completed
202418,2024-07-20,5036,1047,2,197.63,0,East,3,Completed
202419,2024-03-02,5161,1004,1,158.79,0,West,7,Completed
202420,2024-08-09,5014,1060,1,114.96,0.1,East,3,Completed
202421,2024-04-21,5083,1012,4,233.61,0.05,West,3,Completed
202422,2025-05-22,5039,1050,1,74.6,0.1,West,6,Completed
202423,2025-02-21,5364,1036,10,236.56,0,West,5,Completed
202424,2025-04-30,5494,1009,2,208.38,0,South,8,Completed
202425,2024-11-04,5075,1029,4,188.11,0.15,West,2,Completed
202426,2024-01-16,5332,1051,1,238.78,0.15,North,2,Completed
202427,2025-08-20,5489,1003,3,271.99,0,East,6,Completed
202428,2024-08-01,5193,1003,2,254.41,0.05,West,2,Completed
202429,2025-02-22,5067,1061,2,154.52,0.1,East,1,Completed
202430,2024-10-03,5497,1018,4,323.32,0,North,,Cancelled
202431,2024-02-07,5058,1049,1,23.56,0.05,North,7,Completed
202432,2024-06-23,5298,1012,2,234.02,0,North,3,Completed
202433,2025-02-27,5311,1069,2,182.39,0.1,East,4,Completed
202434,2024-08-07,5216,1017,10,75.77,0.15,West,3,Completed
202435,2024-01-25,5234,1034,1,139.13,0.1,West,2,Completed
202436,2025-08-08,5290,1015,1,225.58,0.1,South,3,Completed
202437,2025-02-17,5023,1007,3,164.15,0.05,North,6,Completed
202438,2025-02-06,5499,1026,3,63.62,0,South,3,Completed
202439,2025-07-07,5118,1036,2,261.35,0,North,3,Completed
202440,2025-08-10,5061,1029,2,188.21,0,North,,Cancelled
202441,2024-06-21,5366,1002,1,74.28,0.1,East,7,Completed
202442,2025-01-02,5076,1002,1,71.67,0,South,1,Returned
202443,2025-06-15,5010,1071,4,135.18,0.1,West,3,Completed
202444,2025-09-18,5304,1015,2,245.21,0.05,East,8,Completed
202445,2024-05-01,5063,1033,1,160.16,0.05,North,2,Completed
202446,2024-08-28,5291,1020,2,61.53,0.15,South,4,Completed
202447,2025-09-24,5273,1059,1,131.81,0.1,East,4,Completed
202448,2025-07-14,5432,1011,10,32.66,0,South,1,Completed
202449,2024-10-10,5306,1066,1,159.23,0,North,5,Completed
202450,2024-03-25,5488,1058,2,195.94,0,West,4,Returned
202451,2025-12-11,5331,1048,2,326.42,0.1,East,3,Completed
202452,2024-07-12,5499,1003,4,246.16,0.05,South,2,Completed
202453,2024-10-11,5391,1031,1,260.11,0,West,4,Completed
202454,2025-08-18,5129,1037,1,136.51,0,South,4,Returned
202455,2025-07-17,5049,1008,5,120.56,0.1,East,4,Completed
202456,2025-12-06,5277,1012,6,226.94,0.05,East,4,Completed
202457,2024-01-02,5393,1037,5,138.09,0,South,3,Completed
202458,2024-09-25,5036,1064,6,102.29,0,East,3,Completed
202459,2025-02-25,5498,1025,8,212.63,0,East,1,Completed
202460,2024-06-12,5151,1012,10,216.09,0.05,South,4,Completed
202461,2024-04-28,5055,1071,6,131.8,0.05,West,8,Completed
202462,2024-10-20,5178,1003,5,244.93,0,East,3,Completed
202463,2024-02-26,5089,1029,2,186.71,0,North,3,Completed
202464,2024-03-29,5074,1059,3,129.03,0.1,West,8,Completed
202465,2024-03-11,5066,1055,1,262.72,0.05,West,4,Completed
202466,2025-05-24,5192,1002,2,78.7,0,North,5,Completed
202467,2024-11-15,5375,1034,1,140.85,0.15,East,6,Completed
202468,2024-08-12,5226,1054,1,241.4,0.1,West,4,Completed
202469,2024-01-08,5171,1031,3,261.35,0.1,North,7,Completed
202470,2024-06-01,5159,1063,2,210.66,0.2,South,8,Completed
202471,2024-06-16,5274,1022,4,36.41,0.1,South,,Cancelled
202472,2025-02-07,5235,1024,1,114.28,0,East,5,Completed
202473,2025-12-16,5479,1045,8,108.86,0.15,West,2,Completed
202474,2025-02-22,5475,1057,2,67.11,0.15,West,4,Completed
202475,2024-03-23,5243,1060,2,120.08,0.05,North,1,Completed
202476,2025-06-06,5500,1014,2,36.76,0.2,West,2,Completed
202477,2024-08-02,5161,1035,1,240.43,0,West,3,Completed
202478,2024-06-03,5079,1015,4,229.28,0,North,5,Completed
202479,2024-12-31,5183,1021,4,113.42,0,North,4,Completed
202480,2025-10-20,5411,1037,4,141.25,0,West,3,Completed
202481,2025-07-17,5101,1070,1,238.57,0,East,3,Completed
202482,2024-12-11,5158,1029,4,205.2,0.05,East,5,Completed
202483,2025-06-24,5371,1009,2,198.01,0,South,3,Completed
202484,2024-12-21,5133,1003,4,249.94,0.2,West,2,Completed
202485,2024-11-14,5450,1048,3,317.08,0,West,3,Completed
202486,2025-12-26,5016,1016,1,58.81,0.1,East,1,Completed
202487,2025-05-23,5485,1031,3,246.29,0.05,South,1,Completed
202488,2024-06-16,5030,1026,3,65.74,0,South,5,Completed
202489,2024-03-23,5319,1007,1,151.75,0.15,West,6,Completed
202490,2024-09-03,5244,1015,3,239.5,0.1,West,3,Completed
202491,2025-02-28,5334,1072,3,79.97,0.15,West,6,Completed
202492,2025-12-01,5080,1046,10,72.66,0.2,North,3,Completed
202493,2025-10-13,5298,1037,2,144.96,0.15,North,4,Completed
202494,2025-03-24,5040,1027,1,104.31,0,South,3,Completed
202495,2025-06-25,5086,1072,4,72.49,0.05,North,2,Completed
202496,2024-08-20,5240,1008,8,108.94,0,North,4,Completed
202497,2024-06-07,5057,1061,1,155.25,0.05,East,4,Completed
202498,2025-05-07,5197,1033,1,150.01,0,East,2,Completed
202499,2025-07-27,5230,1054,5,266.85,0,East,4,Completed
202500,2025-01-10,5345,1071,2,119.51,0.2,East,2,Completed
202501,2024-07-17,5132,1038,1,226.44,0.15,East,2,Completed
202502,2025-02-04,5423,1016,4,59.86,0,North,3,Completed
202503,2024-09-22,5181,1059,2,133.63,0,East,4,Completed
202504,2025-09-26,5034,1056,1,350.44,0.1,West,3,Completed
202505,2024-04-01,5384,1019,3,110.61,0.1,East,5,Completed
202506,2024-01-05,5199,1010,1,84.41,0,North,7,Completed
202507,2024-09-21,5417,1067,1,229.81,0.1,North,4,Returned
202508,2024-08-15,5318,1069,1,173.4,0.15,East,2,Completed
202509,2024-04-19,5006,1039,3,190.28,0.1,West,3,Completed
202510,2024-05-30,5118,1006,6,209.75,0,North,5,Completed
202511,2025-02-01,5366,1071,2,122.76,0.1,East,6,Completed
202512,2024-08-26,5315,1043,1,88.84,0,West,2,Completed
202513,2025-05-25,5390,1036,4,247.27,0,South,5,Completed
202514,2024-05-05,5404,1055,1,279.38,0,North,6,Completed
202515,2025-07-13,5057,1018,6,314.65,0.15,East,2,Completed
202516,2025-07-30,5120,1048,1,294.53,0,East,5,Completed
202517,2025-11-18,5328,1006,2,200.96,0,South,2,Completed
202518,2025-03-21,5403,1038,5,207.72,0,South,5,Completed
202519,2024-02-07,5240,1019,2,101.29,0,North,5,Completed
202520,2025-01-05,5238,1016,1,58.83,0.05,East,4,Completed
202521,2025-11-11,5118,1062,1,176.88,0,North,2,Completed
202522,2025-03-28,5009,1024,1,120.61,0,North,4,Completed
202523,2025-01-27,5344,1024,2,119.49,0,East,3,Completed
202524,2024-05-31,5271,1052,1,312.89,0.05,South,1,Returned
202525,2024-09-13,5214,1055,2,277.25,0.15,South,2,Completed
202526,2025-12-24,5485,1009,1,223.5,0.1,South,3,Completed
202527,2025-01-01,5214,1018,1,330.82,0.05,South,5,Completed
202528,2025-02-20,5311,1007,3,157.95,0.1,East,7,Returned
202529,2024-06-29,5202,1030,1,133.13,0,West,1,Completed
202530,2025-12-04,5404,1004,4,152.45,0.1,North,4,Completed
202531,2024-12-01,5381,1011,2,35.93,0.2,North,3,Completed
202532,2025-02-25,5350,1042,3,17.57,0.05,West,3,Completed
202533,2024-09-17,5174,1045,5,117.28,0.05,West,3,Completed
202534,2024-09-22,5401,1068,1,198.68,0,East,5,Completed
202535,2024-07-03,5234,1027,1,104.7,0.15,West,2,Completed
202536,2025-04-20,5390,1010,3,90.84,0,South,7,Completed
202537,2024-06-17,5055,1055,1,272.39,0.05,West,2,Completed
202538,2025-02-17,5138,1071,1,134.3,0,East,5,Completed
202539,2024-07-31,5490,1002,4,78.15,0,West,5,Completed
202540,2024-01-15,5493,1071,10,130.05,0,West,3,Completed
202541,2024-03-03,5425,1010,1,89.21,0,East,6,Completed
202542,2024-03-23,5010,1028,1,242.85,0.15,West,3,Completed
202543,2024-10-25,5006,1005,1,80.78,0,West,3,Completed
202544,2025-08-14,5144,1049,1,23.07,0.1,North,3,Completed
202545,2024-09-04,5228,1056,1,335.46,0,East,5,Returned
202546,2024-09-23,5388,1042,5,16.99,0.05,East,8,Completed
202547,2025-12-16,5167,1014,3,34.49,0,West,2,Completed
202548,2024-07-03,5389,1064,1,93.8,0.15,North,3,Completed
202549,2024-11-01,5179,1007,2,150.05,0,East,,Cancelled
202550,2025-04-08,5221,1054,1,268.98,0,North,4,Completed
202551,2024-07-29,5156,1046,1,71.44,0.1,North,1,Completed
202552,2025-06-01,5371,1001,2,162.35,0.1,South,3,Completed
202553,2024-01-23,5187,1053,2,217.16,0.05,East,4,Completed
202554,2025-09-01,5432,1022,1,37.62,0,South,5,Completed
202555,2025-09-26,5154,1031,1,231.46,0.05,South,2,Completed
202556,2024-12-22,5461,1021,1,121.63,0,West,,Cancelled
202557,2024-03-09,5126,1046,4,73.42,0.15,West,3,Completed
202558,2024-04-26,5499,1008,3,112.74,0.2,South,5,Completed
202559,2024-08-19,5350,1005,2,84.42,0.1,West,3,Completed
202560,2025-09-30,5402,1027,4,104.91,0,West,5,Completed
202561,2025-08-29,5202,1021,1,112.64,0.05,West,5,Completed
202562,2024-05-05,5276,1030,8,133.74,0,West,2,Completed
202563,2025-03-30,5297,1008,4,122.01,0,East,4,Completed
202564,2024-02-27,5315,1018,1,309.24,0,West,3,Completed
202565,2024-10-11,5159,1048,6,311.92,0,South,6,Completed
202566,2025-08-02,5329,1012,2,235.16,0.05,East,4,Completed
202567,2025-04-02,5093,1051,1,237.59,0,North,3,Completed
202568,2024-10-07,5484,1055,1,275.39,0.15,North,3,Completed
202569,2024-05-25,5197,1014,5,34.43,0,East,5,Completed
202570,2025-08-07,5014,1001,3,172.51,0.15,East,3,Completed
202571,2024-03-03,5071,1035,3,239.0,0,South,6,Completed
202572,2024-11-21,5182,1002,1,70.55,0.1,West,4,Completed
202573,2025-11-13,5154,1031,2,259.28,0,South,3,Completed
202574,2025-04-22,5072,1034,1,133.71,0.05,West,2,Completed
202575,2025-05-28,5498,1012,3,235.19,0,East,3,Completed
202576,2024-04-22,5478,1070,3,222.36,0.2,West,4,Completed
202577,2025-03-17,5253,1006,2,216.07,0.05,East,6,Completed
202578,2025-08-26,5388,1022,2,37.55,0,East,4,Completed
202579,2024-12-14,5030,1022,2,37.92,0,South,1,Completed
202580,2025-10-13,5267,1043,4,95.07,0.1,North,5,Completed
202581,2024-11-24,5278,1022,3,37.78,0,West,2,Completed
202582,2024-09-29,5379,1066,1,160.77,0.05,South,3,Completed
202583,2025-01-17,5111,1041,2,44.81,0,East,2,Completed
202584,2024-04-18,5180,1002,2,78.49,0.1,North,3,Completed
202585,2025-04-02,5388,1039,2,177.11,0.05,East,2,Completed
202586,2024-06-22,5007,1012,1,220.38,0,East,4,Completed
202587,2024-01-14,5305,1002,3,77.52,0,West,3,Completed
202588,2025-02-12,5069,1053,6,214.67,0.15,East,1,Completed
202589,2025-03-16,5298,1047,1,205.59,0.1,North,1,Completed
202590,2024-02-21,5119,1010,1,88.13,0,North,2,Completed
202591,2024-05-17,5318,1023,4,212.05,0,East,2,Completed
202592,2025-12-12,5437,1001,8,156.57,0.15,West,3,Completed
202593,2025-02-13,5020,1042,1,16.57,0.05,East,5,Completed
202594,2024-05-12,5243,1056,1,351.51,0.05,North,1,Completed
202595,2024-08-21,5294,1042,1,16.63,0,West,3,Completed
202596,2025-11-20,5076,1029,10,203.25,0.15,South,2,Completed
202597,2024-10-16,5330,1034,8,145.87,0,South,4,Completed
202598,2024-10-09,5200,1045,1,107.72,0.15,North,2,Returned
202599,2025-06-19,5241,1050,8,79.52,0.15,West,3,Completed
202600,2024-09-14,5355,1027,1,114.13,0.2,South,6,Completed
202601,2025-04-29,5415,1009,2,209.3,0.05,North,8,Completed
202602,2025-09-26,5428,1064,1,94.62,0,East,6,Completed
202603,2024-08-12,5147,1072,1,80.08,0,West,2,Completed
202604,2025-03-14,5138,1045,4,110.48,0.05,East,3,Completed
202605,2024-06-18,5292,1002,1,76.7,0.05,West,3,Completed
202606,2025-03-04,5390,1018,1,308.2,0.05,South,4,Completed
202607,2024-03-05,5376,1035,10,228.47,0,West,3,Completed
202608,2025-05-08,5173,1041,1,48.21,0,West,2,Completed
202609,2024-02-03,5400,1003,1,252.61,0.05,West,3,Completed
202610,2025-10-25,5157,1063,3,221.27,0,West,7,Completed
202611,2024-10-09,5268,1034,1,130.72,0.1,East,5,Completed
202612,2025-03-01,5432,1045,2,114.65,0,South,3,Completed
202613,2025-07-20,5120,1052,6,315.67,0.1,East,3,Returned
202614,2025-06-15,5356,1012,2,213.01,0.05,East,1,Completed
202615,2025-12-13,5232,1061,5,150.61,0,West,3,Completed
202616,2025-10-27,5358,1059,2,142.83,0,North,3,Completed
202617,2024-02-04,5386,1055,1,268.96,0.1,West,6,Completed
202618,2024-09-08,5304,1066,2,171.47,0.05,East,1,Completed
202619,2025-12-18,5208,1061,6,143.27,0.05,North,5,Completed
202620,2025-05-01,5216,1053,3,209.03,0.1,West,5,Returned
202621,2025-10-24,5232,1066,1,164.23,0.05,West,4,Completed
202622,2025-01-31,5424,1006,1,198.9,0,South,5,Completed
202623,2025-12-11,5357,1066,5,178.38,0.1,East,1,Completed
202624,2025-10-14,5433,1041,1,45.67,0.05,North,2,Completed
202625,2025-12-12,5425,1016,1,58.01,0.15,East,4,Completed
202626,2025-02-15,5040,1070,2,219.54,0,South,5,Completed
202627,2025-02-15,5391,1009,2,221.59,0.2,West,1,Completed
202628,2025-06-05,5099,1023,1,208.63,0.2,North,7,Completed
202629,2025-07-29,5252,1016,3,60.62,0.2,West,5,Completed
202630,2024-04-02,5120,1060,6,121.04,0,East,5,Completed
202631,2024-06-24,5313,1034,1,141.97,0,East,4,Completed
202632,2024-03-30,5352,1031,1,252.03,0,West,4,Completed
202633,2024-04-25,5355,1003,4,257.84,0.05,South,1,Completed
202634,2024-03-06,5195,1023,4,187.71,0,East,3,Completed
202635,2024-06-15,5311,1068,1,201.52,0.05,East,,Cancelled
202636,2025-11-05,5398,1036,4,256.04,0.05,South,4,Completed
202637,2025-04-22,5421,1010,1,93.75,0,East,1,Completed
202638,2025-10-18,5325,1049,1,25.3,0,West,4,Completed
202639,2024-04-15,5443,1007,5,159.24,0.15,West,4,Completed
202640,2024-04-05,5073,1066,1,158.15,0,West,3,Completed
202641,2025-02-26,5480,1020,1,57.42,0.15,East,4,Completed
202642,2025-06-14,5277,1005,5,80.73,0.15,East,3,Completed
202643,2025-09-07,5271,1022,2,39.57,0.05,South,,Cancelled
202644,2025-06-23,5427,1039,8,171.66,0.05,North,2,Completed
202645,2025-08-01,5260,1044,3,131.54,0.05,South,3,Completed
202646,2025-08-29,5002,1055,3,266.9,0.15,North,2,Completed
202647,2025-02-19,5410,1061,1,143.23,0,South,1,Completed
202648,2025-04-12,5320,1016,4,61.77,0,West,2,Completed
202649,2024-10-14,5462,1034,1,140.41,0.05,West,2,Completed
202650,2025-06-18,5130,1043,5,89.62,0.15,South,1,Completed
202651,2025-11-08,5383,1038,1,224.06,0,West,2,Returned
202652,2025-08-22,5306,1003,6,259.18,0.2,North,3,Completed
202653,2024-09-29,5094,1071,2,130.46,0.1,East,3,Completed
202654,2024-01-01,5193,1058,4,201.92,0,West,5,Completed
202655,2024-02-13,5457,1040,1,264.97,0.1,East,5,Completed
202656,2025-03-26,5359,1069,4,162.58,0,South,3,Completed
202657,2025-06-06,5205,1035,1,235.38,0.15,East,8,Completed
202658,2025-01-13,5128,1067,3,238.31,0,West,7,Completed
202659,2024-02-09,5119,1055,4,275.23,0.05,North,4,Completed
202660,2024-05-12,5146,1010,1,94.98,0.1,South,5,Completed
202661,2024-05-18,5342,1023,8,201.13,0,South,2,Completed
202662,2025-07-31,5493,1053,1,194.74,0,West,3,Completed
202663,2024-06-30,5477,1053,2,208.39,0.05,South,6,Completed
202664,2025-08-25,5308,1020,3,60.05,0.2,North,2,Returned
202665,2025-05-03,5385,1071,2,130.56,0.05,South,3,Completed
202666,2025-03-20,5096,1048,1,295.23,0,West,4,Completed
202667,2025-09-14,5444,1033,1,153.72,0,South,2,Completed
202668,2024-06-07,5392,1011,2,36.47,0,North,,Cancelled
202669,2024-02-20,5149,1039,3,180.55,0,West,5,Completed
202670,2024-11-08,5371,1009,3,220.9,0.15,South,5,Completed
202671,2024-08-10,5289,1010,1,90.47,0.05,West,3,Completed
202672,2025-04-26,5462,1070,3,232.35,0.05,West,5,Completed
202673,2024-06-12,5197,1039,3,178.16,0.05,East,1,Completed
202674,2024-02-26,5318,1020,1,56.1,0.1,East,7,Completed
202675,2025-09-15,5219,1055,1,272.93,0.15,North,,Cancelled
202676,2024-05-08,5318,1052,2,332.49,0.2,East,6,Returned
202677,2025-10-26,5419,1005,2,85.16,0.05,South,,Cancelled
202678,2025-11-05,5044,1061,3,152.51,0,South,3,Completed
202679,2025-03-16,5480,1068,10,208.01,0,East,6,Completed
202680,2024-01-07,5329,1038,4,207.1,0,East,4,Completed
202681,2024-03-15,5163,1029,2,204.86,0.05,East,2,Completed
202682,2025-05-16,5027,1064,3,104.82,0,North,3,Completed
202683,2024-03-29,5116,1054,4,242.05,0,West,4,Completed
202684,2025-08-27,5427,1010,2,84.34,0,North,3,Completed
202685,2024-11-13,5095,1038,2,200.05,0.05,West,3,Completed
202686,2025-03-30,5221,1004,2,158.33,0.15,North,3,Completed
202687,2025-12-09,5034,1001,2,169.46,0,West,2,Completed
202688,2025-12-05,5242,1005,4,81.04,0,East,2,Completed
202689,2025-07-05,5337,1022,1,36.74,0,North,3,Completed
202690,2025-07-25,5310,1010,2,90.13,0,North,2,Completed
202691,2024-11-24,5378,1013,2,133.0,0,West,3,Returned
202692,2025-09-08,5188,1032,6,227.64,0,West,3,Completed
202693,2024-01-12,5026,1037,5,141.36,0.1,North,3,Completed
202694,2025-07-06,5160,1016,1,59.38,0.1,West,5,Completed
202695,2024-07-01,5280,1020,2,60.36,0.05,East,3,Completed
202696,2024-09-01,5083,1006,6,201.37,0.05,West,7,Completed
202697,2025-11-06,5322,1003,2,254.61,0,West,4,Completed
202698,2025-01-26,5174,1012,2,237.2,0.05,West,4,Completed
202699,2024-05-15,5176,1054,6,255.99,0.05,North,3,Completed
202700,2025-06-03,5011,1065,4,65.41,0.1,North,3,Returned
202701,2025-05-09,5495,1072,1,82.16,0,North,,Cancelled
202702,2025-09-05,5367,1016,1,61.01,0.1,East,4,Completed
202703,2024-03-21,5145,1029,3,203.86,0.15,East,3,Completed
202704,2025-07-04,5050,1043,1,90.61,0,East,3,Completed
202705,2024-04-24,5096,1016,2,58.26,0,West,4,Completed
202706,2024-01-19,5082,1019,3,98.64,0,East,3,Completed
202707,2025-12-29,5140,1047,2,209.29,0.05,East,6,Completed
202708,2025-10-17,5348,1018,1,312.99,0.1,East,5,Returned
202709,2024-09-06,5422,1044,2,144.26,0.1,West,8,Completed
202710,2024-07-03,5068,1053,3,217.17,0.05,West,3,Completed
202711,2024-05-21,5500,1002,1,69.75,0.05,West,3,Completed
202712,2025-04-04,5417,1072,6,72.94,0.05,North,6,Completed
202713,2024-08-30,5027,1051,2,230.54,0,North,1,Completed
202714,2025-10-18,5375,1068,3,188.52,0,East,4,Completed
202715,2024-08-09,5062,1002,3,70.16,0.2,West,5,Completed
202716,2024-05-26,5328,1004,1,146.25,0,South,2,Completed
202717,2025-01-14,5483,1059,3,140.78,0,North,4,Completed
202718,2025-02-05,5423,1024,3,108.73,0.05,North,6,Completed
202719,2025-05-19,5238,1045,3,108.82,0,East,4,Returned
202720,2024-02-14,5488,1018,3,312.67,0.2,West,3,Completed
202721,2025-06-10,5169,1029,2,186.53,0.05,East,4,Completed
202722,2025-10-06,5200,1045,1,117.03,0.15,North,5,Completed
202723,2024-06-09,5204,1052,3,306.69,0.05,East,3,Completed
202724,2024-11-18,5254,1007,2,163.9,0,West,2,Completed
202725,2024-11-13,5216,1018,1,319.57,0,West,4,Completed
202726,2025-02-19,5388,1054,1,242.64,0.1,East,3,Completed
202727,2025-01-18,5014,1010,3,86.52,0,East,,Cancelled
202728,2025-03-09,5372,1012,1,222.1,0,South,3,Completed
202729,2024-05-12,5032,1048,1,311.73,0,North,3,Completed
202730,2024-02-27,5291,1034,8,135.73,0.1,South,2,Completed
202731,2025-12-12,5416,1041,6,45.77,0.05,East,3,Returned
202732,2025-10-20,5294,1011,3,34.41,0.05,West,5,Returned
202733,2025-08-17,5154,1052,1,323.32,0.15,South,2,Completed
202734,2024-09-27,5166,1064,2,104.37,0,East,3,Completed
202735,2024-07-09,5240,1007,10,164.63,0.05,North,,Cancelled
202736,2025-07-09,5411,1012,5,214.95,0.1,West,2,Completed
202737,2025-03-18,5014,1047,1,192.58,0.15,East,4,Completed
202738,2024-08-05,5358,1062,1,189.75,0.05,North,3,Completed
202739,2025-07-28,5021,1024,1,120.15,0.1,East,7,Returned
202740,2025-01-20,5459,1059,3,128.85,0,South,3,Completed
202741,2024-08-17,5122,1021,5,108.23,0.05,West,2,Completed
202742,2025-08-12,5094,1003,3,258.0,0,East,2,Completed
202743,2025-06-12,5390,1023,1,200.37,0.2,South,2,Completed
202744,2024-06-01,5303,1068,1,196.85,0.05,North,3,Returned
202745,2024-10-02,5044,1043,1,99.73,0,South,3,Completed
202746,2024-07-25,5224,1009,1,216.74,0,West,3,Completed
202747,2024-08-06,5146,1032,1,242.26,0.1,South,4,Completed
202748,2025-05-19,5078,1017,2,71.65,0,West,6,Completed
202749,2025-02-11,5260,1005,1,85.64,0,South,3,Completed
202750,2025-01-05,5107,1072,2,78.55,0,East,2,Completed
202751,2024-05-18,5258,1039,1,186.21,0.1,East,5,Completed
202752,2024-05-15,5153,1007,1,165.05,0.05,South,3,Returned
202753,2025-06-02,5389,1047,2,203.58,0,North,1,Completed
202754,2024-06-12,5475,1056,1,319.6,0.1,West,3,Completed
202755,2024-09-25,5183,1052,3,318.96,0,North,,Cancelled
202756,2025-10-23,5162,1063,1,236.25,0.15,South,4,Completed
202757,2025-08-11,5293,1063,3,225.34,0.1,West,2,Completed
202758,2025-03-13,5307,1065,3,68.15,0.15,West,1,Completed
202759,2024-05-26,5145,1027,4,105.67,0,East,2,Completed
202760,2025-01-25,5114,1033,1,154.86,0.1,North,7,Completed
202761,2025-11-07,5274,1010,1,90.33,0.05,South,3,Completed
202762,2024-01-05,5129,1003,1,268.61,0,South,8,Completed
202763,2024-05-20,5449,1021,4,117.89,0.2,West,3,Returned
202764,2024-06-25,5255,1039,6,180.53,0,East,3,Completed
202765,2024-03-06,5259,1063,4,234.2,0.05,North,2,Completed
202766,2025-10-20,5231,1068,2,202.4,0,East,5,Completed
202767,2025-06-18,5035,1050,3,74.07,0.2,South,4,Completed
202768,2025-02-14,5295,1048,3,309.59,0.05,West,6,Completed
202769,2024-01-26,5139,1051,1,244.27,0,West,3,Completed
202770,2024-07-16,5397,1050,2,80.54,0.2,East,5,Returned
202771,2024-07-25,5228,1020,1,56.31,0.1,East,6,Completed
202772,2025-01-28,5214,1011,1,34.06,0,South,3,Completed
202773,2025-02-20,5231,1065,1,65.71,0.05,East,,Cancelled
202774,2024-12-01,5205,1042,2,15.89,0,East,7,Completed
202775,2025-03-17,5131,1061,1,149.25,0,South,4,Completed
202776,2025-06-27,5415,1054,1,242.92,0,North,3,Completed
202777,2024-04-19,5131,1042,5,16.23,0.15,South,5,Completed
202778,2024-10-30,5302,1061,4,144.54,0.1,West,3,Completed
202779,2024-01-18,5274,1055,1,269.85,0,South,1,Completed
202780,2024-01-21,5033,1058,2,209.97,0,North,,Cancelled
202781,2024-06-06,5415,1035,2,223.53,0,North,5,Returned
202782,2025-07-07,5171,1007,2,159.8,0,North,6,Completed
202783,2024-08-05,5383,1009,2,209.08,0.05,West,1,Completed
202784,2025-09-02,5311,1061,5,151.74,0.1,East,3,Completed
202785,2024-12-10,5431,1035,2,229.18,0,West,,Cancelled
202786,2025-06-23,5313,1035,1,224.46,0,East,5,Completed
202787,2024-11-02,5194,1063,10,217.46,0,East,,Cancelled
202788,2025-08-09,5328,1029,1,204.3,0,South,5,Completed
202789,2025-11-04,5024,1018,1,311.41,0.1,East,,Cancelled
202790,2024-08-26,5076,1006,2,216.41,0.05,South,,Cancelled
202791,2025-06-17,5072,1043,5,90.95,0,West,3,Completed
202792,2024-04-08,5021,1030,2,134.01,0,East,3,Completed
202793,2024-04-26,5186,1047,1,207.94,0.15,North,8,Completed
202794,2024-06-11,5352,1067,2,213.35,0.1,West,4,Completed
202795,2025-02-09,5403,1067,4,226.01,0,South,2,Completed
202796,2024-06-21,5332,1029,2,192.56,0.1,North,,Cancelled
202797,2025-09-29,5281,1049,1,24.06,0,West,6,Completed
202798,2025-03-30,5108,1013,1,133.7,0,East,2,Completed
202799,2025-01-15,5495,1012,4,235.2,0.15,North,2,Completed
202800,2024-06-02,5277,1065,1,64.36,0,East,3,Completed
202801,2025-09-29,5160,1054,4,271.11,0.15,West,2,Completed
202802,2024-08-13,5236,1019,1,111.3,0.05,West,1,Completed
202803,2024-08-21,5078,1022,4,39.27,0,West,5,Completed
202804,2024-10-06,5220,1041,3,46.54,0.05,West,4,Completed
202805,2025-04-22,5283,1036,2,233.5,0.1,South,,Cancelled
202806,2025-03-06,5406,1057,1,65.41,0.05,East,5,Completed
202807,2025-07-07,5443,1070,1,219.66,0,West,4,Completed
202808,2024-11-24,5181,1009,1,207.36,0.05,East,8,Completed
202809,2024-06-20,5391,1050,2,77.53,0.05,West,3,Completed
202810,2024-01-24,5106,1068,8,198.58,0.05,East,2,Completed
202811,2025-11-28,5304,1052,1,328.01,0.05,East,1,Completed
202812,2024-03-31,5436,1043,4,99.9,0,West,4,Completed
202813,2025-10-21,5277,1067,3,224.3,0.1,East,2,Completed
202814,2025-10-26,5414,1004,1,157.17,0,North,5,Completed
202815,2024-05-01,5306,1005,2,84.12,0,North,4,Completed
202816,2025-07-20,5074,1050,1,79.07,0,West,4,Completed
202817,2025-11-08,5435,1056,6,321.81,0.15,South,3,Completed
202818,2024-12-01,5216,1063,3,230.6,0.15,West,6,Completed
202819,2024-12-12,5499,1025,2,198.46,0.1,South,5,Completed
202820,2025-11-04,5393,1022,1,37.46,0,South,1,Returned
202821,2025-03-26,5433,1041,1,44.41,0,North,3,Completed
202822,2025-06-12,5309,1029,4,191.32,0,West,8,Completed
202823,2024-04-17,5276,1027,1,109.42,0,West,,Cancelled
202824,2024-06-05,5027,1014,10,36.22,0.1,North,2,Returned
202825,2024-04-26,5275,1057,4,71.6,0.1,South,4,Completed
202826,2025-08-19,5381,1005,5,80.65,0,North,1,Completed
202827,2024-08-25,5452,1019,1,102.14,0.1,North,3,Completed
202828,2025-02-25,5150,1034,2,145.45,0,North,,Cancelled
202829,2025-03-13,5119,1055,4,261.11,0,North,,Cancelled
202830,2025-05-06,5069,1041,2,49.06,0.05,East,3,Completed
202831,2025-01-09,5484,1064,6,101.2,0.05,North,2,Completed
202832,2024-04-16,5225,1030,8,132.65,0.1,North,1,Completed
202833,2024-12-05,5290,1012,6,230.68,0.05,South,8,Completed
202834,2024-06-28,5117,1030,2,135.55,0.2,North,4,Completed
202835,2025-07-04,5321,1033,2,161.94,0,South,6,Completed
202836,2025-01-28,5154,1038,3,219.96,0,South,3,Completed
202837,2025-07-11,5324,1046,1,68.55,0.05,East,7,Completed
202838,2025-03-10,5476,1015,1,226.52,0,East,2,Completed
202839,2025-02-18,5263,1013,1,124.56,0.1,South,8,Completed
202840,2024-10-07,5117,1039,2,187.73,0.15,North,3,Completed
202841,2025-12-11,5288,1027,2,116.62,0,North,4,Completed
202842,2025-07-02,5369,1017,3,80.34,0.2,West,5,Completed
202843,2025-03-10,5015,1020,3,61.59,0.2,South,,Cancelled
202844,2025-12-25,5295,1050,1,76.2,0.15,West,3,Completed
202845,2025-03-01,5064,1049,8,25.65,0,East,5,Completed
202846,2024-10-11,5469,1031,8,255.38,0,South,5,Completed
202847,2024-10-02,5069,1029,2,208.33,0,East,4,Completed
202848,2025-07-21,5498,1055,2,279.23,0,East,2,Completed
202849,2025-09-21,5443,1058,1,215.06,0,West,2,Completed
202850,2025-09-23,5151,1004,1,144.38,0.15,South,3,Completed
202851,2025-03-20,5203,1047,1,209.9,0.1,West,2,Returned
202852,2025-05-16,5197,1032,2,230.35,0,East,5,Completed
202853,2025-09-19,5377,1049,2,24.55,0.1,West,3,Completed
202854,2024-09-26,5225,1049,1,23.24,0,North,5,Completed
202855,2024-11-27,5406,1071,1,124.59,0.1,East,4,Completed
202856,2024-10-22,5107,1035,1,232.72,0.05,East,2,Returned
202857,2024-08-22,5467,1069,1,183.46,0.1,North,1,Completed
202858,2024-10-09,5474,1047,3,206.62,0,East,3,Completed
202859,2024-06-01,5425,1026,1,66.94,0.05,East,4,Completed
202860,2024-08-06,5239,1041,5,43.94,0,South,3,Completed
202861,2025-05-22,5125,1057,2,65.18,0.05,South,4,Completed
202862,2024-02-22,5192,1065,3,69.42,0.05,North,2,Completed
202863,2024-11-28,5106,1011,1,34.62,0,East,3,Completed
202864,2024-01-16,5324,1014,2,32.87,0.05,East,4,Completed
202865,2024-11-23,5208,1068,1,209.93,0.1,North,3,Completed
202866,2024-05-26,5281,1001,4,158.68,0.05,West,5,Completed
202867,2024-09-26,5037,1048,3,289.73,0,South,2,Completed
202868,2025-05-29,5028,1024,1,122.03,0.05,East,6,Completed
202869,2024-05-21,5010,1042,3,17.37,0,West,1,Completed
202870,2024-02-07,5210,1062,1,183.43,0,South,2,Completed
202871,2025-03-10,5049,1052,1,306.33,0.1,East,2,Returned
202872,2024-02-08,5070,1036,1,249.85,0.15,South,2,Completed
202873,2025-01-16,5091,1007,3,160.9,0,West,4,Completed
202874,2024-04-26,5024,1010,1,86.44,0,East,2,Completed
202875,2025-01-07,5117,1023,2,208.12,0.2,North,2,Completed
202876,2024-12-09,5376,1033,2,145.84,0,West,3,Completed
202877,2024-11-01,5257,1052,1,333.16,0,West,2,Completed
202878,2025-03-16,5299,1066,1,172.84,0.1,West,4,Completed
202879,2025-03-23,5183,1032,3,239.7,0,North,5,Completed
202880,2025-10-14,5142,1071,1,122.78,0,North,3,Completed
202881,2024-12-08,5397,1012,10,223.77,0.2,East,5,Completed
202882,2024-09-30,5289,1009,5,207.37,0.2,West,3,Completed
202883,2024-03-03,5328,1066,2,162.88,0,South,5,Completed
202884,2024-09-12,5190,1029,2,190.75,0,South,3,Completed
202885,2025-02-07,5486,1035,1,224.57,0,West,4,Completed
202886,2024-05-10,5353,1053,5,216.26,0.05,South,5,Completed
202887,2024-07-26,5079,1038,3,213.57,0.2,North,4,Completed
202888,2024-12-12,5153,1014,1,35.31,0,South,7,Completed
202889,2025-10-02,5487,1026,1,69.92,0,West,3,Completed
202890,2025-05-27,5281,1043,1,93.64,0.05,West,2,Completed
202891,2024-05-30,5375,1069,2,175.89,0.05,East,5,Completed
202892,2025-11-04,5389,1070,1,233.21,0.15,North,3,Completed
202893,2025-06-11,5052,1051,3,238.0,0,West,3,Completed
202894,2024-05-13,5107,1061,2,156.63,0,East,1,Completed
202895,2025-07-03,5049,1036,4,259.87,0.2,East,1,Completed
202896,2025-01-30,5459,1018,2,341.42,0,South,8,Completed
202897,2025-08-29,5204,1026,4,63.51,0,East,4,Completed
202898,2025-08-15,5430,1019,3,108.02,0,South,,Cancelled
202899,2024-07-29,5177,1052,1,306.25,0,South,7,Returned
202900,2024-01-12,5441,1039,4,191.04,0,South,2,Completed
202901,2024-07-04,5342,1015,3,230.48,0,South,3,Completed
202902,2025-04-07,5318,1053,1,207.35,0.05,East,,Cancelled
202903,2024-08-13,5112,1043,1,89.94,0.2,South,3,Completed
202904,2024-04-26,5396,1004,3,148.49,0.05,South,4,Completed
202905,2024-07-18,5390,1011,1,34.6,0,South,4,Completed
202906,2025-11-03,5427,1062,8,188.21,0,North,3,Completed
202907,2025-12-08,5423,1070,3,238.8,0.2,North,3,Completed
202908,2024-03-16,5111,1005,6,80.17,0,East,,Cancelled
202909,2025-08-15,5500,1037,3,142.33,0.05,West,1,Completed
202910,2024-02-09,5160,1021,2,120.1,0.15,West,6,Completed
202911,2024-02-03,5207,1070,1,214.68,0.05,North,3,Completed
202912,2024-09-21,5063,1026,3,66.64,0,North,6,Completed
202913,2024-11-22,5031,1027,2,110.57,0.05,South,4,Completed
202914,2024-07-29,5249,1013,2,132.77,0,North,2,Returned
202915,2025-05-22,5360,1012,5,214.88,0.1,East,4,Completed
202916,2024-05-18,5475,1003,2,249.27,0.15,West,7,Completed
202917,2024-10-23,5285,1012,1,236.74,0.05,South,3,Completed
202918,2025-12-14,5070,1063,6,220.72,0,South,5,Completed
202919,2025-01-24,5189,1063,2,215.1,0.05,East,5,Completed
202920,2025-10-14,5041,1005,3,86.26,0,East,2,Completed
202921,2024-06-22,5296,1037,1,144.18,0,South,2,Completed
202922,2024-12-09,5122,1011,1,34.41,0.05,West,4,Completed
202923,2025-02-20,5199,1009,4,224.35,0,North,2,Completed
202924,2024-11-15,5336,1064,1,95.89,0.05,South,4,Returned
202925,2025-08-20,5034,1060,3,122.65,0,West,6,Completed
202926,2025-09-11,5219,1050,2,74.27,0.15,North,1,Completed
202927,2025-08-28,5190,1014,3,34.45,0,South,,Cancelled
202928,2024-08-01,5481,1052,4,306.53,0,West,8,Completed
202929,2025-04-11,5230,1012,2,222.53,0.1,East,3,Completed
202930,2024-01-09,5133,1049,3,25.23,0,West,4,Completed
202931,2024-08-15,5141,1015,4,250.6,0.05,West,3,Completed
202932,2024-02-11,5093,1034,2,131.08,0.1,North,1,Completed
202933,2025-02-22,5496,1053,1,218.47,0,West,5,Completed
202934,2025-07-03,5249,1018,2,321.74,0,North,2,Completed
202935,2024-05-23,5180,1021,2,115.72,0,North,3,Completed
202936,2025-04-27,5275,1036,1,262.91,0,South,4,Completed
202937,2024-01-02,5153,1005,1,78.8,0.1,South,4,Completed
202938,2025-01-16,5060,1030,1,133.32,0,South,4,Returned
202939,2024-07-17,5423,1041,4,44.73,0,North,5,Completed
202940,2024-01-08,5272,1017,2,77.71,0,North,4,Completed
202941,2025-07-23,5490,1063,3,215.14,0,West,,Cancelled
202942,2024-01-18,5066,1070,1,231.7,0,West,6,Completed
202943,2024-09-05,5365,1043,3,90.17,0.15,South,5,Completed
202944,2025-11-02,5390,1013,2,127.31,0,South,5,Completed
202945,2025-07-17,5322,1017,1,76.31,0.05,West,4,Completed
202946,2024-08-15,5012,1050,2,78.43,0.15,North,7,Completed
202947,2025-04-20,5345,1030,4,130.69,0.05,East,5,Completed
202948,2024-09-13,5318,1057,6,68.29,0.1,East,4,Returned
202949,2025-07-19,5164,1043,2,93.15,0,West,4,Completed
202950,2025-07-11,5358,1003,1,243.9,0.15,North,3,Completed
202951,2025-08-03,5494,1056,3,318.0,0,South,4,Completed
202952,2024-01-16,5279,1055,3,268.13,0,South,3,Completed
202953,2025-01-15,5232,1035,1,222.65,0,West,3,Completed
202954,2025-03-04,5475,1029,1,197.36,0.05,West,2,Completed
202955,2025-06-08,5113,1003,2,264.36,0,North,4,Completed
202956,2024-10-29,5435,1051,2,257.37,0.1,South,2,Completed
202957,2025-06-28,5411,1002,1,78.18,0.1,West,2,Completed
202958,2024-01-05,5155,1066,1,159.86,0,West,2,Completed
202959,2024-09-09,5170,1044,2,139.47,0,North,,Cancelled
202960,2024-10-15,5162,1059,2,129.0,0,South,3,Completed
202961,2024-01-16,5415,1049,1,23.31,0,North,5,Completed
202962,2025-09-27,5114,1019,3,100.99,0,North,2,Completed
202963,2025-10-17,5043,1042,4,16.16,0.05,East,3,Completed
202964,2025-09-11,5467,1018,1,326.5,0.15,North,2,Completed
202965,2025-05-12,5081,1013,1,122.01,0,North,3,Completed
202966,2025-07-08,5209,1060,1,125.14,0,South,4,Returned
202967,2025-01-26,5461,1052,2,300.75,0.2,West,2,Completed
202968,2024-02-03,5065,1046,1,67.55,0,West,,Cancelled
202969,2025-06-28,5024,1039,4,174.75,0,East,3,Completed
202970,2024-04-18,5344,1007,3,160.01,0,East,3,Completed
202971,2025-09-10,5250,1011,1,35.63,0,South,4,Completed
202972,2025-01-20,5221,1013,5,131.64,0,North,3,Completed
202973,2025-06-10,5253,1009,2,197.45,0.05,East,3,Completed
202974,2024-08-20,5319,1019,4,109.38,0,West,2,Completed
202975,2024-03-25,5381,1030,3,145.14,0,North,,Cancelled
202976,2024-10-18,5274,1010,1,93.49,0.1,South,3,Completed
202977,2025-09-21,5401,1016,4,59.45,0,East,6,Completed
202978,2025-11-17,5472,1011,2,35.64,0.2,South,3,Completed
202979,2025-11-05,5177,1023,5,190.87,0,South,5,Completed
202980,2024-03-29,5082,1071,3,119.89,0,East,4,Completed
202981,2024-06-08,5409,1008,1,115.63,0,West,4,Completed
202982,2024-01-25,5475,1057,4,66.53,0.05,West,3,Completed
202983,2025-12-01,5078,1026,2,62.56,0.05,West,2,Completed
202984,2024-10-18,5420,1067,2,223.93,0,East,2,Completed
202985,2025-09-12,5434,1020,1,61.57,0,North,3,Completed
202986,2025-08-06,5173,1032,2,238.78,0.05,West,4,Completed
202987,2024-05-26,5038,1027,2,109.68,0.05,West,3,Completed
202988,2024-05-09,5314,1027,4,106.25,0.05,North,,Cancelled
202989,2024-07-25,5252,1071,2,120.16,0,West,8,Completed
202990,2025-06-20,5459,1027,1,112.0,0.1,South,1,Completed
202991,2024-06-16,5199,1046,2,70.16,0,North,5,Completed
202992,2024-03-06,5113,1048,2,300.89,0.2,North,3,Completed
202993,2025-05-15,5493,1032,2,240.44,0,West,,Cancelled
202994,2025-02-24,5198,1061,2,148.85,0,West,2,Completed
202995,2025-12-26,5417,1037,1,139.75,0,North,3,Completed
202996,2025-08-15,5491,1053,2,206.91,0,South,3,Completed
202997,2025-11-19,5057,1019,2,104.58,0,East,3,Completed
202998,2025-09-03,5253,1023,3,203.43,0.1,East,,Cancelled
202999,2024-09-20,5300,1028,1,245.88,0,South,2,Completed
203000,2024-01-05,5224,1048,4,307.89,0,West,4,Completed
203001,2024-10-20,5439,1001,10,163.29,0.1,North,6,Returned
203002,2025-06-16,5192,1015,3,227.79,0,North,4,Completed
203003,2024-04-05,5272,1018,2,339.96,0.1,North,7,Completed
203004,2024-07-16,5397,1032,3,214.92,0,East,4,Completed
203005,2024-11-20,5361,1035,6,241.23,0,North,3,Completed
203006,2025-02-20,5203,1026,3,68.59,0.1,West,5,Completed
203007,2024-01-05,5219,1026,10,68.95,0.15,North,1,Completed
203008,2025-11-23,5486,1007,2,155.34,0,West,3,Completed
203009,2024-07-27,5494,1070,4,226.71,0,South,4,Completed
203010,2024-06-19,5012,1066,3,167.87,0.05,North,5,Returned
203011,2025-01-25,5044,1027,1,111.15,0.05,South,3,Completed
203012,2024-01-25,5223,1018,2,324.49,0,East,5,Completed
203013,2024-05-29,5059,1025,2,210.38,0.15,North,7,Completed
203014,2025-10-30,5192,1007,5,165.66,0,North,,Cancelled
203015,2024-04-22,5150,1051,4,252.05,0.05,North,4,Completed
203016,2024-02-19,5031,1070,2,232.19,0.05,South,4,Completed
203017,2024-09-18,5019,1037,1,133.0,0,South,3,Completed
203018,2024-12-14,5198,1066,1,168.38,0,West,4,Completed
203019,2025-10-23,5141,1066,1,168.02,0,West,2,Completed
203020,2024-04-15,5320,1002,2,72.28,0,West,2,Returned
203021,2025-07-16,5431,1058,1,194.48,0.15,West,6,Completed
203022,2025-02-18,5405,1014,2,35.56,0.05,West,3,Returned
203023,2024-04-05,5053,1056,2,353.28,0,North,4,Completed
203024,2024-03-28,5217,1015,2,234.92,0.1,North,4,Completed
203025,2024-07-25,5365,1067,1,234.6,0,South,4,Completed
203026,2024-12-06,5443,1004,2,148.16,0,West,,Cancelled
203027,2024-03-09,5330,1070,2,217.9,0,South,3,Completed
203028,2024-09-10,5187,1031,3,235.51,0.1,East,2,Completed
203029,2024-04-06,5205,1019,4,106.09,0,East,1,Completed
203030,2024-10-01,5170,1070,2,238.91,0,North,1,Returned
203031,2024-01-07,5448,1026,2,69.59,0,North,3,Completed
203032,2025-03-16,5246,1050,4,75.22,0,West,4,Completed
203033,2024-06-17,5416,1008,5,112.98,0,East,2,Completed
203034,2025-07-11,5123,1001,1,164.79,0.15,East,4,Completed
203035,2024-01-09,5242,1017,4,79.31,0,East,5,Completed
203036,2025-05-01,5487,1062,6,172.45,0.2,West,6,Completed
203037,2024-05-23,5257,1038,3,213.85,0,West,3,Completed
203038,2024-01-09,5001,1008,1,120.81,0,South,4,Completed
203039,2024-07-17,5143,1019,1,107.68,0,North,1,Completed
203040,2025-12-09,5379,1062,10,184.14,0,South,6,Completed
203041,2024-05-03,5365,1055,2,266.6,0,South,4,Completed
203042,2025-02-12,5223,1045,2,113.62,0,East,4,Completed
203043,2024-08-28,5194,1068,4,204.16,0,East,3,Completed
203044,2024-05-21,5083,1037,2,132.19,0.1,West,,Cancelled
203045,2025-12-12,5235,1026,4,68.39,0.05,East,3,Completed
203046,2025-04-14,5320,1002,3,71.91,0,West,1,Completed
203047,2025-05-19,5059,1043,2,100.09,0,North,1,Completed
203048,2024-02-14,5360,1013,3,126.73,0.15,East,1,Completed
203049,2025-02-14,5017,1018,2,311.85,0,North,3,Completed
203050,2025-07-23,5173,1059,1,134.75,0,West,4,Returned
203051,2024-04-01,5184,1063,1,221.74,0.05,South,2,Completed
203052,2024-09-05,5130,1050,3,81.81,0.15,South,,Cancelled
203053,2025-11-26,5199,1037,4,132.39,0,North,7,Completed
203054,2025-12-10,5487,1064,3,94.16,0,West,4,Completed
203055,2025-07-05,5159,1051,5,235.53,0.05,South,4,Completed
203056,2024-10-24,5343,1017,4,78.05,0.05,South,4,Completed
203057,2025-02-04,5011,1070,1,224.54,0.05,North,1,Completed
203058,2025-07-26,5045,1004,1,152.86,0.1,East,2,Completed
203059,2024-02-28,5489,1026,3,63.94,0,East,6,Completed
203060,2025-01-25,5433,1028,4,268.38,0.15,North,2,Completed
203061,2024-02-08,5030,1008,2,112.02,0.05,South,4,Completed
203062,2024-01-04,5267,1015,1,250.95,0.1,North,2,Completed
203063,2024-12-09,5330,1030,1,144.52,0,South,4,Completed
203064,2025-09-28,5093,1007,1,151.97,0,North,3,Completed
203065,2024-09-05,5218,1012,2,230.69,0.05,North,4,Completed
203066,2024-05-23,5416,1011,3,32.78,0,East,,Cancelled
203067,2025-04-14,5437,1039,10,191.05,0.1,West,6,Returned
203068,2024-03-16,5467,1029,5,208.1,0,North,,Cancelled
203069,2024-08-05,5349,1071,3,128.98,0,South,3,Completed
203070,2025-09-25,5104,1058,10,208.97,0,South,2,Completed
203071,2025-11-14,5158,1018,1,331.29,0.2,East,3,Completed
203072,2025-02-19,5015,1014,2,32.88,0.05,South,3,Completed
203073,2025-11-04,5204,1017,4,79.91,0,East,3,Completed
203074,2024-01-26,5270,1046,3,73.21,0.15,North,2,Completed
203075,2024-06-25,5474,1052,1,318.8,0,East,5,Completed
203076,2025-08-06,5264,1002,1,70.41,0.05,West,3,Completed
203077,2024-06-22,5419,1042,6,17.59,0.05,South,4,Completed
203078,2025-04-19,5312,1001,2,165.43,0.1,West,2,Completed
203079,2025-09-29,5166,1044,2,147.29,0,East,5,Completed
203080,2024-01-26,5195,1038,1,226.32,0.05,East,4,Completed
203081,2024-03-15,5163,1004,8,158.3,0,East,2,Returned
203082,2024-12-03,5485,1050,2,81.5,0.05,South,2,Completed
203083,2025-02-09,5491,1046,1,66.86,0.05,South,2,Completed
203084,2025-03-14,5158,1068,5,189.43,0,East,4,Completed
203085,2024-10-03,5095,1034,3,137.18,0.05,West,5,Completed
203086,2025-10-16,5252,1045,1,105.14,0,West,2,Completed
203087,2024-05-06,5101,1003,5,244.31,0,East,4,Completed
203088,2025-05-20,5201,1005,2,80.19,0.2,West,4,Completed
203089,2024-07-04,5177,1020,5,57.47,0,South,2,Completed
203090,2025-01-28,5288,1003,1,260.51,0.1,North,2,Completed
203091,2024-09-24,5482,1018,6,318.52,0.05,South,3,Completed
203092,2025-01-07,5413,1058,8,201.13,0.1,North,1,Completed
203093,2025-05-21,5415,1042,3,17.31,0.1,North,3,Returned
203094,2025-02-21,5485,1048,6,316.85,0,South,4,Completed
203095,2025-01-05,5253,1027,1,106.2,0,East,4,Completed
203096,2025-11-02,5144,1049,2,25.11,0.05,North,3,Completed
203097,2024-07-22,5448,1066,5,174.06,0.05,North,4,Completed
203098,2025-11-08,5439,1030,2,136.54,0.05,North,2,Returned
203099,2024-08-09,5214,1064,2,96.27,0,South,2,Completed
203100,2025-04-29,5441,1059,2,141.54,0.15,South,3,Completed
203101,2025-09-16,5082,1053,3,200.76,0.05,East,6,Completed
203102,2025-09-03,5374,1056,5,312.48,0,West,4,Completed
203103,2024-03-02,5157,1041,3,47.04,0.05,West,3,Completed
203104,2024-02-22,5085,1002,1,76.82,0.15,North,5,Completed
203105,2025-12-14,5291,1006,1,214.64,0.1,South,5,Completed
203106,2024-10-03,5303,1041,6,49.67,0.05,North,1,Completed
203107,2024-03-05,5288,1004,1,145.31,0.2,North,1,Completed
203108,2024-11-03,5068,1001,1,165.36,0,West,,Cancelled
203109,2024-12-17,5160,1027,1,111.01,0.15,West,5,Completed
203110,2024-08-17,5352,1030,3,134.81,0.1,West,2,Completed
203111,2024-04-24,5370,1013,3,124.37,0.05,West,6,Completed
203112,2024-07-08,5206,1046,4,70.06,0,East,4,Returned
203113,2025-11-14,5464,1024,3,115.43,0.05,West,4,Completed
203114,2024-12-22,5284,1045,8,115.76,0,East,8,Completed
203115,2025-08-21,5409,1011,1,36.49,0,West,3,Completed
203116,2024-11-16,5425,1046,1,66.41,0,East,5,Completed
203117,2024-07-09,5070,1061,1,145.42,0,South,3,Completed
203118,2024-03-29,5049,1018,4,318.51,0,East,4,Completed
203119,2025-03-11,5446,1022,1,35.94,0.1,South,3,Completed
203120,2025-11-01,5061,1066,1,177.21,0.05,North,3,Completed
203121,2025-09-09,5120,1011,1,33.52,0.1,East,4,Completed
203122,2025-03-22,5173,1010,8,84.25,0,West,3,Completed
203123,2024-05-26,5316,1070,1,234.66,0.05,North,3,Returned
203124,2024-06-26,5347,1013,1,133.44,0.1,South,,Cancelled
203125,2025-06-27,5272,1072,1,81.73,0,North,,Cancelled
203126,2025-10-27,5337,1038,1,206.68,0.05,North,3,Completed
203127,2025-07-20,5024,1019,3,101.99,0,East,3,Completed
203128,2025-03-28,5393,1048,1,292.77,0.05,South,3,Completed
203129,2024-10-19,5303,1004,1,159.82,0,North,2,Completed
203130,2025-03-22,5154,1032,2,215.75,0.15,South,1,Returned
203131,2025-11-11,5335,1021,2,117.0,0,East,,Cancelled
203132,2025-02-21,5165,1003,2,275.12,0.15,South,4,Completed
203133,2024-03-06,5200,1044,1,131.94,0,North,3,Returned
203134,2024-02-24,5351,1011,2,33.17,0.1,North,2,Completed
203135,2025-02-10,5282,1032,1,219.64,0,East,3,Completed
203136,2024-04-26,5399,1062,2,185.61,0.05,East,3,Completed
203137,2024-12-20,5227,1038,3,202.27,0.1,North,6,Completed
203138,2024-10-07,5029,1033,1,143.48,0.2,West,5,Completed
203139,2024-09-06,5194,1067,2,215.76,0,East,7,Completed
203140,2024-02-26,5327,1045,1,115.83,0,East,1,Completed
203141,2024-10-05,5333,1007,4,153.03,0.1,South,4,Completed
203142,2024-10-31,5236,1045,2,108.35,0.1,West,3,Completed
203143,2024-02-15,5259,1013,1,122.03,0.05,North,2,Completed
203144,2024-04-12,5025,1041,1,47.13,0,East,2,Completed
203145,2024-08-28,5002,1013,2,123.73,0,North,1,Completed
203146,2025-12-02,5282,1026,5,66.38,0.05,East,4,Completed
203147,2024-08-15,5327,1053,1,210.68,0.05,East,4,Completed
203148,2024-09-08,5333,1062,3,181.61,0,South,4,Completed
203149,2025-03-14,5332,1063,1,211.98,0,North,3,Completed
203150,2024-02-21,5368,1013,6,126.98,0,North,,Cancelled
203151,2025-01-08,5138,1072,1,77.74,0.05,East,4,Completed
203152,2024-08-09,5054,1024,2,109.72,0,East,5,Completed
203153,2025-09-29,5386,1011,3,36.64,0,West,3,Completed
203154,2025-09-23,5242,1019,1,106.63,0.1,East,3,Completed
203155,2024-08-29,5256,1011,3,35.54,0.1,East,4,Completed
203156,2024-05-24,5257,1054,1,244.08,0,West,5,Completed
203157,2025-03-27,5392,1049,6,24.1,0,North,3,Completed
203158,2025-06-21,5101,1070,1,218.37,0.2,East,2,Completed
203159,2025-11-14,5352,1037,1,135.62,0,West,3,Completed
203160,2024-07-28,5254,1055,1,257.38,0.2,West,5,Completed
203161,2025-12-01,5214,1013,3,122.91,0,South,4,Completed
203162,2025-06-28,5058,1051,1,238.53,0.15,North,1,Completed
203163,2024-11-16,5129,1050,10,77.13,0,South,3,Completed
203164,2025-01-21,5012,1028,4,242.48,0,North,4,Completed
203165,2025-02-15,5250,1030,3,135.05,0,South,8,Completed
203166,2025-12-24,5383,1019,3,100.8,0.05,West,,Cancelled
203167,2025-01-27,5479,1008,1,122.01,0,West,1,Completed
203168,2025-08-15,5381,1019,2,105.47,0,North,3,Completed
203169,2024-07-16,5064,1067,2,226.38,0,East,8,Completed
203170,2025-05-06,5206,1007,2,163.46,0.05,East,4,Completed
203171,2025-08-13,5336,1033,1,155.61,0.05,South,1,Completed
203172,2024-04-19,5083,1018,1,317.93,0.05,West,3,Completed
203173,2025-06-13,5214,1046,2,67.05,0.05,South,7,Completed
203174,2025-03-19,5496,1002,1,77.73,0.1,West,6,Completed
203175,2024-09-06,5161,1053,2,197.26,0.1,West,3,Completed
203176,2024-12-26,5490,1047,1,199.58,0.15,West,3,Completed
203177,2024-08-11,5157,1053,2,207.97,0,West,6,Completed
203178,2025-02-05,5270,1007,8,149.81,0.05,North,2,Completed
203179,2025-05-26,5422,1002,10,77.17,0,West,4,Completed
203180,2024-08-15,5059,1050,3,73.28,0,North,5,Completed
203181,2025-09-20,5040,1061,1,155.18,0.05,South,1,Completed
203182,2024-09-05,5353,1008,1,112.92,0,South,4,Completed
203183,2024-08-18,5171,1065,2,68.6,0.2,North,4,Completed
203184,2024-05-06,5470,1071,5,122.54,0.2,East,4,Completed
203185,2024-12-16,5075,1042,4,16.96,0,West,5,Completed
203186,2024-03-09,5166,1072,5,80.7,0.15,East,5,Completed
203187,2024-07-02,5445,1054,1,246.57,0.1,West,2,Returned
203188,2024-05-04,5416,1005,2,78.73,0.05,East,3,Completed
203189,2025-07-22,5423,1027,1,105.68,0,North,1,Completed
203190,2025-04-26,5125,1002,2,76.98,0.1,South,4,Completed
203191,2025-12-13,5334,1055,2,272.22,0.1,West,2,Completed
203192,2025-07-29,5143,1005,3,83.32,0.15,North,,Cancelled
203193,2025-10-13,5236,1062,1,187.42,0.05,West,2,Completed
203194,2024-03-06,5206,1066,1,167.27,0.2,East,7,Completed
203195,2025-05-04,5232,1004,1,157.0,0.05,West,8,Completed
203196,2024-11-08,5362,1024,1,120.68,0,West,3,Completed
203197,2024-08-23,5353,1068,1,194.64,0.05,South,5,Completed
203198,2024-11-11,5223,1041,1,47.75,0.05,East,3,Returned
203199,2024-10-30,5138,1022,2,36.56,0.15,East,8,Completed
203200,2025-12-10,5016,1021,4,107.65,0.1,East,4,Completed
203201,2024-12-25,5225,1053,6,212.24,0,North,3,Completed
203202,2025-03-02,5034,1044,1,135.03,0.1,West,,Cancelled
203203,2024-12-25,5159,1064,2,103.65,0.1,South,3,Completed
203204,2025-10-13,5164,1040,4,279.98,0.2,West,4,Completed
203205,2025-01-29,5261,1023,3,189.48,0.1,South,4,Completed
203206,2024-11-23,5163,1050,1,81.86,0.05,East,1,Completed
203207,2024-09-04,5490,1023,3,204.71,0,West,8,Completed
203208,2024-06-20,5308,1023,1,190.06,0.05,North,3,Completed
203209,2025-10-02,5428,1009,4,215.66,0,East,5,Completed
203210,2024-11-08,5407,1030,3,134.16,0.15,South,3,Completed
203211,2025-06-08,5345,1023,1,208.36,0,East,4,Completed
203212,2024-08-31,5276,1030,2,145.86,0,West,4,Completed
203213,2024-02-08,5224,1033,4,149.01,0,West,3,Completed
203214,2024-06-29,5373,1072,3,75.73,0,West,1,Completed
203215,2024-12-14,5138,1027,1,104.92,0.15,East,5,Completed
203216,2025-09-28,5287,1067,3,236.07,0.15,North,,Cancelled
203217,2024-09-11,5432,1002,4,78.74,0.05,South,3,Completed
203218,2025-09-07,5108,1042,5,15.77,0,East,3,Completed
203219,2025-06-19,5411,1071,1,128.58,0.05,West,3,Completed
203220,2025-04-11,5282,1066,1,172.84,0,East,4,Completed
203221,2025-06-12,5342,1049,2,24.46,0.05,South,,Cancelled
203222,2024-01-17,5133,1059,1,140.74,0.1,West,1,Completed
203223,2025-08-21,5443,1056,5,350.18,0.05,West,2,Completed
203224,2025-06-20,5494,1028,8,272.79,0.1,South,2,Completed
203225,2025-01-02,5201,1062,3,177.62,0,West,4,Completed
203226,2024-01-21,5259,1055,2,262.59,0.05,North,6,Completed
203227,2024-07-28,5350,1024,1,117.12,0.2,West,4,Completed
203228,2024-12-01,5223,1067,10,218.95,0.15,East,6,Completed
203229,2025-02-22,5331,1043,3,91.42,0.1,East,3,Completed
203230,2025-12-30,5024,1018,1,324.19,0,East,2,Completed
203231,2025-08-24,5426,1069,1,168.9,0,North,1,Completed
203232,2024-02-27,5067,1043,3,92.56,0,East,,Cancelled
203233,2025-03-14,5362,1063,4,216.86,0.15,West,8,Completed
203234,2024-09-12,5037,1053,1,212.58,0,South,5,Completed
203235,2025-11-18,5445,1007,1,147.9,0,West,5,Completed
203236,2024-05-24,5012,1011,2,32.85,0.05,North,5,Completed
203237,2024-01-02,5333,1027,3,107.81,0.05,South,6,Completed
203238,2025-04-15,5463,1063,2,233.7,0,South,3,Completed
203239,2024-02-22,5213,1019,3,102.64,0,North,,Cancelled
203240,2025-10-05,5145,1028,2,254.03,0.1,East,5,Completed
203241,2024-04-17,5126,1030,3,132.9,0,West,3,Completed
203242,2025-05-03,5216,1012,3,237.66,0,West,5,Completed
203243,2024-11-04,5454,1058,2,204.83,0,North,4,Completed
203244,2025-02-01,5456,1018,2,329.77,0.05,South,3,Completed
203245,2025-09-11,5462,1071,2,134.73,0.1,West,5,Completed
203246,2025-12-01,5314,1035,1,233.36,0,North,3,Completed
203247,2024-07-13,5301,1046,2,73.6,0,West,1,Completed
203248,2025-05-02,5386,1031,2,231.15,0,West,6,Completed
203249,2025-03-07,5012,1062,1,177.9,0.05,North,3,Completed
203250,2025-04-27,5039,1041,3,47.58,0,West,1,Completed
203251,2025-08-07,5017,1006,3,200.68,0.1,North,3,Completed
203252,2024-09-04,5260,1020,3,59.88,0,South,7,Completed
203253,2025-01-09,5171,1055,8,283.55,0.15,North,2,Completed
203254,2024-02-02,5211,1056,6,312.04,0.05,South,7,Completed
203255,2024-01-30,5134,1060,2,115.36,0,North,3,Completed
203256,2025-03-07,5158,1047,3,201.84,0.1,East,4,Completed
203257,2024-03-23,5205,1041,1,46.87,0.15,East,5,Completed
203258,2025-02-15,5230,1036,1,245.47,0,East,6,Completed
203259,2025-06-07,5262,1053,1,212.16,0.1,South,3,Completed
203260,2025-07-14,5344,1050,3,75.77,0,East,2,Returned
203261,2025-09-06,5207,1044,1,131.17,0.05,North,4,Completed
203262,2025-12-09,5360,1030,3,132.25,0.05,East,3,Completed
203263,2024-11-19,5147,1003,2,261.73,0,West,2,Completed
203264,2024-09-16,5080,1009,1,211.75,0.15,North,3,Completed
203265,2024-11-10,5158,1063,1,232.17,0.05,East,3,Completed
203266,2024-12-13,5376,1065,2,68.27,0.15,West,1,Completed
203267,2024-10-15,5168,1034,6,141.16,0.1,West,6,Completed
203268,2025-05-07,5116,1065,4,65.83,0.2,West,5,Completed
203269,2025-02-27,5359,1053,5,200.8,0,South,2,Completed
203270,2025-01-10,5497,1027,3,107.62,0,North,3,Completed
203271,2024-11-21,5137,1054,1,261.04,0,South,4,Completed
203272,2025-10-15,5276,1047,1,197.34,0.05,West,6,Completed
203273,2025-08-14,5414,1008,3,122.99,0.05,North,6,Completed
203274,2025-01-19,5498,1071,4,134.84,0.1,East,2,Completed
203275,2025-09-27,5236,1045,2,106.29,0.15,West,2,Completed
203276,2025-07-14,5273,1012,4,240.85,0.1,East,7,Returned
203277,2025-01-29,5034,1034,1,143.71,0.05,West,3,Completed
203278,2025-12-06,5081,1014,2,36.18,0,North,8,Completed
203279,2025-08-24,5434,1007,1,153.86,0,North,3,Completed
203280,2024-04-02,5099,1038,1,205.43,0,North,,Cancelled
203281,2025-10-18,5043,1043,1,89.4,0,East,2,Completed
203282,2024-11-10,5098,1008,2,118.5,0.05,East,2,Completed
203283,2025-01-04,5025,1053,1,201.26,0.1,East,3,Completed
203284,2024-08-31,5430,1056,1,324.41,0.2,South,5,Completed
203285,2025-09-03,5380,1024,1,120.78,0.15,West,4,Completed
203286,2024-02-26,5175,1020,3,62.87,0.15,South,5,Completed
203287,2024-04-17,5012,1054,3,253.1,0.2,North,4,Returned
203288,2025-12-20,5009,1008,3,112.24,0,North,5,Completed
203289,2025-07-02,5064,1052,4,306.79,0.15,East,2,Completed
203290,2024-12-30,5416,1064,2,97.12,0.05,East,4,Returned
203291,2024-05-29,5399,1049,1,24.34,0,East,7,Completed
203292,2024-01-12,5045,1001,1,166.87,0.05,East,6,Completed
203293,2025-05-19,5485,1046,1,66.57,0.05,South,2,Completed
203294,2024-02-17,5075,1004,3,148.39,0.15,West,,Cancelled
203295,2024-05-11,5174,1064,1,93.85,0,West,4,Completed
203296,2024-12-08,5046,1038,3,218.58,0,North,4,Completed
203297,2025-12-24,5474,1003,6,257.2,0.15,East,5,Returned
203298,2025-07-19,5023,1037,4,133.35,0.1,North,3,Completed
203299,2025-05-03,5184,1039,8,194.16,0,South,7,Completed
203300,2024-09-20,5022,1003,3,263.38,0.2,East,3,Completed
203301,2024-07-28,5201,1034,6,144.14,0,West,3,Completed
203302,2025-06-11,5069,1029,2,194.62,0.15,East,6,Completed
203303,2025-12-14,5178,1055,10,261.79,0.05,East,,Cancelled
203304,2025-11-05,5106,1050,2,81.25,0,East,,Cancelled
203305,2024-03-31,5432,1003,4,262.43,0.15,South,,Cancelled
203306,2025-05-08,5005,1036,1,259.83,0.1,West,2,Completed
203307,2024-08-07,5296,1002,1,76.46,0,South,3,Completed
203308,2024-09-08,5267,1042,8,16.34,0.05,North,4,Completed
203309,2024-09-22,5386,1016,2,57.56,0,West,3,Completed
203310,2024-09-02,5066,1072,5,76.51,0.2,West,2,Completed
203311,2024-08-14,5029,1043,3,98.43,0,West,3,Completed
203312,2025-02-17,5262,1067,2,233.59,0.1,South,3,Completed
203313,2025-08-30,5353,1020,2,60.92,0.05,South,4,Returned
203314,2025-06-22,5447,1021,3,118.73,0.15,West,2,Returned
203315,2024-09-08,5112,1020,1,59.79,0.15,South,3,Completed
203316,2025-11-28,5373,1039,2,186.18,0.15,West,,Cancelled
203317,2025-09-17,5258,1003,1,251.18,0.1,East,,Cancelled
203318,2024-10-14,5499,1035,4,222.73,0,South,2,Completed
203319,2024-03-24,5326,1026,1,68.62,0,South,3,Returned
203320,2025-05-30,5322,1021,2,114.27,0.05,West,3,Completed
203321,2025-12-23,5496,1009,10,221.35,0,West,6,Completed
203322,2024-11-26,5220,1057,4,71.72,0.05,West,4,Completed
203323,2024-12-08,5218,1033,3,149.61,0,North,5,Completed
203324,2024-11-14,5399,1056,3,336.99,0,East,2,Returned
203325,2024-02-21,5370,1002,1,77.39,0.1,West,1,Completed
203326,2024-07-15,5057,1051,1,248.42,0.1,East,4,Completed
203327,2024-10-14,5080,1023,2,208.0,0.1,North,2,Completed
203328,2025-05-06,5396,1022,2,38.34,0.05,South,3,Completed
203329,2024-03-25,5336,1007,5,153.06,0.2,South,5,Completed
203330,2025-07-20,5101,1039,4,176.34,0,East,5,Completed
203331,2025-02-12,5192,1068,3,197.22,0,North,3,Completed
203332,2024-12-19,5214,1003,1,264.4,0,South,3,Completed
203333,2025-02-16,5439,1035,1,237.15,0,North,5,Completed
203334,2025-10-01,5203,1039,1,187.86,0.05,West,5,Completed
203335,2025-03-31,5179,1053,6,206.05,0,East,5,Completed
203336,2024-12-31,5088,1011,3,35.37,0.1,East,,Cancelled
203337,2025-07-24,5337,1028,1,252.79,0,North,3,Completed
203338,2024-06-11,5072,1012,2,229.66,0,West,3,Completed
203339,2024-09-30,5329,1066,2,170.26,0,East,5,Completed
203340,2024-12-17,5426,1062,4,182.99,0.05,North,2,Completed
203341,2025-04-12,5259,1009,2,215.68,0,North,3,Completed
203342,2025-09-10,5050,1040,1,271.05,0.05,East,3,Completed
203343,2025-06-16,5278,1023,4,204.2,0.05,West,4,Completed
203344,2025-03-26,5244,1035,2,235.75,0.1,West,1,Completed
203345,2024-11-29,5010,1047,3,207.18,0.05,West,4,Completed
203346,2025-03-18,5157,1029,3,205.09,0,West,5,Completed
203347,2024-01-03,5090,1019,1,110.65,0.05,North,3,Completed
203348,2024-11-01,5485,1031,2,244.99,0,South,2,Completed
203349,2024-04-22,5027,1007,1,156.7,0,North,2,Completed
203350,2024-09-03,5148,1034,4,141.55,0.05,South,3,Completed
203351,2025-01-09,5089,1046,2,67.07,0,North,3,Completed
203352,2024-11-12,5332,1063,2,218.95,0.15,North,2,Completed
203353,2024-06-04,5341,1041,1,46.09,0,South,4,Completed
203354,2025-05-12,5428,1045,1,118.22,0,East,2,Completed
203355,2024-02-15,5210,1052,5,337.93,0.05,South,4,Completed
203356,2025-02-24,5061,1025,1,207.29,0.1,North,4,Completed
203357,2024-11-03,5228,1001,1,166.01,0,East,8,Completed
203358,2024-09-17,5325,1013,2,131.68,0.05,West,5,Completed
203359,2024-10-24,5356,1032,2,223.21,0,East,1,Completed
203360,2025-05-26,5365,1028,2,242.77,0.1,South,3,Returned
203361,2024-04-13,5098,1050,2,72.4,0.05,East,5,Completed
203362,2025-03-24,5389,1014,8,35.95,0,North,3,Completed
203363,2025-07-10,5018,1063,3,217.2,0.15,North,4,Completed
203364,2024-04-22,5204,1020,2,57.67,0.1,East,4,Completed
203365,2025-03-31,5406,1055,1,280.98,0.2,East,3,Completed
203366,2025-11-20,5123,1048,3,290.21,0.05,East,1,Completed
203367,2025-06-30,5066,1018,1,309.88,0,West,5,Completed
203368,2024-07-17,5420,1014,1,35.12,0,East,6,Completed
203369,2025-05-19,5159,1022,10,37.78,0,South,4,Completed
203370,2025-05-06,5116,1041,3,48.46,0,West,6,Completed
203371,2025-06-16,5487,1035,1,247.43,0.1,West,,Cancelled
203372,2025-11-11,5342,1002,2,77.26,0.1,South,5,Completed
203373,2025-07-28,5224,1047,2,193.37,0,West,5,Completed
203374,2024-08-30,5093,1054,2,249.27,0.05,North,5,Returned
203375,2025-06-02,5035,1019,2,106.41,0,South,2,Completed
203376,2024-07-19,5065,1017,1,77.3,0,West,3,Completed
203377,2024-03-25,5082,1049,2,24.26,0.1,East,5,Returned
203378,2025-09-25,5076,1043,2,92.5,0.1,South,7,Completed
203379,2025-01-21,5323,1035,3,238.86,0,South,3,Returned
203380,2024-04-22,5147,1010,4,91.52,0.05,West,5,Completed
203381,2024-03-28,5357,1044,6,147.15,0,East,4,Completed
203382,2024-07-30,5074,1008,3,118.78,0.05,West,2,Completed
203383,2025-06-09,5429,1055,1,263.24,0.1,East,3,Completed
203384,2025-01-26,5042,1034,1,133.88,0.15,East,4,Completed
203385,2024-11-27,5102,1032,1,218.67,0,East,2,Completed
203386,2024-01-12,5107,1050,2,75.99,0.15,East,3,Completed
203387,2024-02-17,5465,1062,1,185.2,0,South,3,Completed
203388,2024-08-30,5498,1070,2,224.43,0.1,East,3,Completed
203389,2025-12-06,5335,1062,3,171.93,0,East,2,Completed
203390,2025-06-20,5145,1070,2,222.28,0,East,3,Completed
203391,2024-02-15,5417,1029,4,204.72,0,North,4,Completed
203392,2024-09-19,5408,1052,2,325.75,0,South,3,Completed
203393,2025-09-15,5166,1030,2,143.02,0.15,East,4,Completed
203394,2025-10-22,5495,1063,1,227.16,0,North,2,Completed
203395,2025-11-30,5493,1058,2,203.39,0.1,West,4,Completed
203396,2025-07-11,5097,1051,2,244.85,0.2,East,2,Completed
203397,2024-09-09,5492,1043,1,97.47,0.15,East,5,Completed
203398,2025-02-15,5175,1022,1,38.59,0,South,6,Completed
203399,2025-12-25,5013,1071,2,119.17,0,South,6,Completed
203400,2024-07-22,5476,1030,2,137.86,0,East,3,Completed
203401,2024-01-05,5350,1011,2,33.93,0.15,West,2,Completed
203402,2024-09-16,5160,1044,1,136.1,0.05,West,1,Completed
203403,2024-11-07,5084,1011,4,36.53,0,North,3,Completed
203404,2025-01-11,5045,1043,3,95.5,0.1,East,1,Completed
203405,2025-09-09,5113,1044,2,145.2,0,North,4,Completed
203406,2024-12-19,5099,1005,2,81.97,0,North,2,Completed
203407,2024-01-05,5130,1049,8,25.07,0,South,5,Completed
203408,2025-08-27,5324,1072,1,75.02,0,East,5,Completed
203409,2025-04-13,5233,1052,3,300.93,0.15,East,3,Completed
203410,2025-11-02,5159,1042,6,16.65,0.1,South,4,Completed
203411,2024-03-22,5432,1030,2,132.99,0,South,2,Completed
203412,2025-04-07,5298,1054,4,272.83,0,North,8,Completed
203413,2024-01-01,5175,1015,1,222.93,0.05,South,3,Completed
203414,2024-08-10,5448,1057,2,68.15,0.2,North,5,Completed
203415,2024-06-15,5433,1038,2,216.03,0.1,North,7,Completed
203416,2025-05-03,5419,1039,1,182.55,0,South,8,Completed
203417,2024-11-10,5243,1051,2,241.34,0.05,North,3,Returned
203418,2025-08-01,5077,1066,1,169.55,0,North,3,Completed
203419,2025-11-27,5173,1035,1,233.51,0,West,7,Completed
203420,2024-12-23,5195,1068,1,206.95,0,East,4,Completed
203421,2024-03-10,5094,1053,1,207.28,0,East,1,Completed
203422,2025-03-27,5393,1057,2,65.09,0,South,4,Returned
203423,2024-05-27,5292,1053,2,216.02,0.05,West,5,Completed
203424,2024-03-12,5473,1057,1,71.45,0.15,East,8,Completed
203425,2025-07-21,5064,1017,1,71.23,0.05,East,4,Completed
203426,2024-10-21,5462,1022,1,39.6,0.05,West,1,Completed
203427,2025-09-23,5074,1028,1,242.29,0,West,3,Completed
203428,2025-01-21,5363,1004,10,156.48,0.1,East,1,Completed
203429,2025-11-01,5314,1045,2,110.52,0.05,North,5,Completed
203430,2024-04-02,5307,1040,2,285.25,0,West,1,Completed
203431,2024-09-16,5196,1034,4,138.67,0,North,5,Completed
203432,2024-04-19,5175,1032,2,236.62,0.1,South,5,Completed
203433,2025-01-05,5132,1022,1,39.73,0,East,3,Completed
203434,2025-02-24,5499,1057,1,67.67,0,South,1,Completed
203435,2025-07-17,5286,1055,8,254.5,0.05,South,2,Completed
203436,2024-06-21,5118,1017,5,71.25,0.15,North,6,Completed
203437,2025-07-27,5319,1042,2,16.94,0,West,4,Completed
203438,2025-04-28,5068,1070,4,239.4,0,West,3,Completed
203439,2024-09-14,5424,1010,4,93.03,0.05,South,2,Completed
203440,2025-04-30,5419,1015,2,225.1,0,South,1,Returned
203441,2025-07-08,5100,1024,1,112.89,0,West,4,Completed
203442,2025-05-14,5092,1068,3,188.86,0,South,4,Completed
203443,2024-03-25,5375,1001,2,173.45,0,East,1,Completed
203444,2025-05-25,5142,1068,3,189.74,0.05,North,6,Completed
203445,2024-05-14,5208,1054,1,266.24,0.1,North,3,Completed
203446,2024-09-15,5208,1058,4,212.6,0,North,1,Completed
203447,2024-10-26,5274,1044,6,133.55,0.1,South,4,Completed
203448,2025-05-20,5191,1065,1,64.66,0.05,East,4,Completed
203449,2024-02-20,5006,1055,5,287.47,0,West,2,Completed
203450,2025-05-12,5069,1052,3,321.11,0.05,East,2,Completed
203451,2024-01-08,5325,1059,1,133.45,0,West,4,Completed
203452,2025-11-16,5434,1062,3,183.03,0,North,1,Completed
203453,2024-06-07,5435,1072,3,74.71,0,South,2,Completed
203454,2024-01-04,5290,1058,2,213.46,0.15,South,4,Completed
203455,2025-08-30,5259,1021,2,116.84,0.2,North,3,Returned
203456,2024-03-20,5166,1016,1,58.17,0.05,East,3,Completed
203457,2025-04-22,5085,1003,6,272.55,0,North,8,Completed
203458,2024-07-06,5494,1040,4,276.42,0.1,South,2,Completed
203459,2025-09-07,5067,1045,6,105.91,0,East,3,Completed
203460,2025-04-05,5295,1061,6,155.85,0,West,3,Completed
203461,2024-10-31,5452,1034,1,135.33,0.05,North,3,Completed
203462,2025-06-15,5460,1060,3,120.08,0.15,East,2,Completed
203463,2025-12-29,5463,1052,1,328.36,0.05,South,1,Completed
203464,2024-08-19,5081,1007,2,153.51,0,North,3,Completed
203465,2024-02-21,5298,1054,3,240.88,0.05,North,1,Completed
203466,2025-05-09,5358,1046,2,67.65,0,North,3,Completed
203467,2024-05-08,5399,1018,3,310.17,0.15,East,5,Completed
203468,2025-09-01,5119,1007,3,164.27,0,North,8,Completed
203469,2025-11-26,5468,1013,2,131.52,0,North,5,Completed
203470,2025-02-09,5095,1024,1,120.9,0,West,3,Completed
203471,2024-01-12,5497,1002,2,75.41,0,North,2,Completed
203472,2024-10-06,5169,1068,1,202.19,0,East,3,Completed
203473,2025-09-23,5407,1042,2,17.36,0.05,South,5,Completed
203474,2024-09-12,5043,1046,1,70.03,0,East,6,Completed
203475,2025-04-21,5380,1039,1,172.21,0,West,2,Completed
203476,2025-08-11,5310,1003,10,253.91,0,North,3,Completed
203477,2024-11-04,5035,1040,2,281.84,0,South,3,Completed
203478,2024-10-17,5134,1007,1,157.46,0,North,2,Completed
203479,2025-03-19,5362,1008,2,122.58,0.15,West,2,Completed
203480,2024-08-24,5101,1040,2,267.2,0,East,2,Completed
203481,2025-12-06,5399,1024,2,111.38,0.05,East,3,Completed
203482,2024-04-10,5128,1066,1,162.15,0.15,West,3,Returned
203483,2024-02-21,5323,1027,1,114.5,0,South,2,Completed
203484,2024-09-16,5389,1061,2,154.41,0,North,3,Completed
203485,2024-08-23,5029,1031,1,231.88,0,West,3,Completed
203486,2024-04-08,5068,1042,2,17.71,0,West,3,Completed
203487,2024-02-25,5440,1064,8,104.91,0,North,1,Completed
203488,2025-10-25,5078,1020,3,58.87,0.15,West,2,Completed
203489,2025-01-15,5304,1021,5,110.96,0,East,5,Completed
203490,2025-06-13,5019,1063,1,236.14,0,South,8,Completed
203491,2024-12-23,5177,1003,1,264.27,0.05,South,3,Completed
203492,2025-09-23,5391,1009,2,210.81,0,West,5,Completed
203493,2024-05-04,5184,1064,2,94.51,0.1,South,4,Returned
203494,2024-10-11,5333,1017,1,72.09,0.1,South,3,Completed
203495,2025-11-18,5433,1010,2,94.76,0,North,3,Completed
203496,2024-01-10,5162,1017,1,71.63,0,South,1,Completed
203497,2024-11-17,5079,1008,3,113.85,0.05,North,4,Completed
203498,2025-04-16,5305,1058,1,211.84,0.05,West,3,Completed
203499,2024-02-13,5468,1065,3,61.98,0,North,3,Completed
203500,2024-04-08,5387,1054,3,256.55,0.05,West,4,Completed
203501,2024-04-10,5257,1072,1,82.11,0,West,3,Completed
203502,2024-09-05,5059,1050,1,76.76,0.2,North,4,Completed
203503,2025-06-24,5181,1012,2,229.33,0,East,8,Completed
203504,2025-11-07,5322,1005,1,81.8,0,West,5,Completed
203505,2024-06-29,5195,1062,1,186.35,0.15,East,2,Completed
203506,2024-04-24,5001,1071,8,121.51,0,South,2,Completed
203507,2025-03-06,5108,1046,2,72.69,0,East,5,Completed
203508,2024-08-15,5492,1069,2,181.85,0,East,5,Completed
203509,2024-04-15,5300,1048,2,310.07,0,South,3,Completed
203510,2024-09-23,5457,1011,1,34.41,0,East,4,Completed
203511,2025-04-05,5371,1054,5,256.75,0,South,2,Completed
203512,2024-12-28,5218,1039,2,179.77,0.05,North,3,Completed
203513,2024-04-01,5156,1032,6,219.4,0.05,North,7,Completed
203514,2024-05-17,5009,1005,4,79.46,0,North,5,Completed
203515,2025-12-21,5123,1061,4,144.51,0,East,3,Completed
203516,2025-05-07,5353,1072,4,73.52,0.1,South,3,Completed
203517,2024-01-13,5247,1020,1,56.92,0.05,West,3,Completed
203518,2024-12-11,5419,1038,3,208.15,0.2,South,8,Completed
203519,2025-11-12,5260,1005,6,81.92,0.1,South,3,Completed
203520,2024-08-30,5324,1059,2,127.68,0,East,2,Completed
203521,2024-09-11,5104,1037,4,129.26,0,South,2,Completed
203522,2024-06-10,5115,1041,3,43.96,0,West,4,Completed
203523,2024-04-18,5366,1036,2,244.33,0.2,East,8,Completed
203524,2024-06-05,5212,1050,2,73.08,0,South,4,Completed
203525,2024-05-28,5194,1021,2,113.49,0,East,1,Completed
203526,2024-02-08,5066,1032,5,224.15,0,West,5,Completed
203527,2024-07-07,5232,1014,3,35.71,0.05,West,5,Completed
203528,2025-10-06,5053,1067,5,209.99,0.15,North,1,Completed
203529,2024-02-14,5207,1056,4,320.74,0.1,North,2,Completed
203530,2024-10-27,5270,1071,2,128.5,0.05,North,3,Completed
203531,2024-03-25,5100,1054,2,267.86,0.05,West,5,Completed
203532,2024-11-06,5439,1037,1,145.95,0,North,4,Completed
203533,2025-07-03,5077,1033,2,148.16,0.1,North,3,Completed
203534,2024-11-03,5237,1010,1,93.47,0,East,2,Completed
203535,2025-12-13,5273,1005,3,84.46,0.05,East,6,Completed
203536,2025-09-10,5404,1016,3,57.72,0,North,1,Completed
203537,2025-05-28,5233,1012,3,235.68,0.1,East,5,Completed
203538,2024-11-18,5316,1017,2,76.73,0.05,North,6,Completed
203539,2025-02-23,5372,1063,3,210.09,0,South,1,Completed
203540,2024-10-14,5135,1011,4,32.97,0.05,East,5,Completed
203541,2025-10-10,5438,1072,1,81.59,0.2,North,4,Completed
203542,2024-11-18,5119,1021,2,107.57,0.05,North,3,Completed
203543,2025-01-04,5020,1065,2,61.72,0,East,8,Completed
203544,2024-04-12,5198,1059,4,129.67,0,West,1,Completed
203545,2024-12-28,5054,1034,2,131.48,0,East,5,Completed
203546,2025-11-08,5235,1042,3,16.65,0.1,East,,Cancelled
203547,2024-08-15,5138,1004,10,148.21,0,East,4,Completed
203548,2025-04-05,5315,1068,8,191.05,0,West,2,Completed
203549,2024-04-01,5383,1037,3,129.98,0.2,West,5,Completed
203550,2024-06-20,5009,1029,4,207.11,0,North,4,Completed
203551,2024-12-22,5285,1006,8,208.85,0,South,1,Completed
203552,2025-09-09,5014,1069,1,164.32,0,East,3,Completed
203553,2025-02-01,5203,1005,1,79.03,0,West,4,Returned
203554,2025-07-28,5238,1039,3,183.36,0.05,East,3,Completed
203555,2024-03-12,5130,1067,5,232.83,0,South,1,Completed
203556,2025-04-24,5028,1059,1,142.48,0,East,6,Completed
203557,2024-11-16,5335,1062,1,174.45,0,East,8,Completed
203558,2025-06-24,5019,1057,6,65.67,0,South,4,Completed
203559,2024-02-07,5217,1007,1,152.93,0.15,North,3,Completed
203560,2024-12-08,5484,1046,2,68.23,0,North,4,Completed
203561,2025-11-10,5266,1039,2,179.23,0.1,East,7,Completed
203562,2025-05-06,5118,1014,1,33.48,0,North,3,Completed
203563,2024-11-14,5001,1008,4,114.24,0.05,South,3,Completed
203564,2025-01-30,5179,1028,8,262.95,0.05,East,3,Completed
203565,2024-08-09,5054,1059,5,137.97,0.1,East,,Cancelled
203566,2025-06-02,5080,1035,3,224.21,0.15,North,5,Completed
203567,2025-06-22,5287,1045,1,116.89,0.05,North,2,Completed
203568,2025-07-20,5246,1050,1,81.87,0.1,West,7,Completed
203569,2024-05-07,5141,1026,2,65.68,0.05,West,1,Returned
203570,2025-01-07,5004,1047,1,210.19,0.15,South,3,Completed
203571,2024-05-04,5065,1016,1,60.93,0,West,4,Completed
203572,2024-09-26,5097,1048,2,309.54,0.1,East,4,Completed
203573,2024-10-30,5008,1014,3,34.6,0,West,5,Completed
203574,2024-09-13,5119,1031,2,233.49,0.1,North,4,Completed
203575,2025-08-20,5203,1051,2,256.55,0,West,,Cancelled
203576,2024-12-03,5333,1008,6,109.32,0,South,1,Completed
203577,2025-11-14,5042,1015,1,234.48,0.1,East,3,Completed
203578,2024-07-16,5434,1059,4,138.88,0.2,North,4,Completed
203579,2024-03-30,5042,1018,1,323.98,0.05,East,2,Completed
203580,2025-06-27,5392,1025,3,201.8,0,North,1,Completed
203581,2025-02-18,5349,1072,1,73.19,0.15,South,3,Completed
203582,2024-05-07,5135,1068,5,212.76,0.2,East,3,Completed
203583,2024-11-20,5212,1047,1,214.4,0,South,5,Completed
203584,2024-05-19,5272,1071,1,120.33,0,North,4,Completed
203585,2024-05-04,5204,1037,1,145.91,0.05,East,2,Completed
203586,2024-07-13,5015,1020,4,59.2,0.05,South,2,Completed
203587,2024-11-20,5260,1025,3,208.84,0,South,3,Returned
203588,2024-05-30,5008,1032,2,229.97,0,West,2,Completed
203589,2024-05-23,5092,1044,2,141.25,0.15,South,3,Completed
203590,2024-06-28,5233,1014,3,33.6,0,East,5,Completed
203591,2024-06-18,5291,1042,1,16.56,0.15,South,3,Returned
203592,2024-10-12,5155,1067,1,227.71,0.15,West,5,Completed
203593,2025-03-21,5374,1070,5,215.7,0.15,West,5,Completed
203594,2024-02-17,5114,1029,1,184.12,0.1,North,4,Completed
203595,2024-12-07,5246,1011,2,35.96,0.05,West,1,Completed
203596,2025-12-16,5328,1050,4,81.26,0.05,South,1,Returned
203597,2025-08-13,5473,1046,1,68.54,0.1,East,3,Completed
203598,2024-06-21,5121,1060,1,120.63,0.1,West,4,Completed
203599,2024-07-13,5111,1019,1,98.63,0.05,East,4,Completed
203600,2025-04-24,5177,1063,3,230.99,0.2,South,2,Completed
203601,2025-05-15,5426,1046,1,71.24,0,North,4,Completed
203602,2025-04-07,5075,1033,1,156.61,0,West,8,Completed
203603,2024-01-13,5494,1059,2,132.12,0,South,7,Completed
203604,2024-04-16,5238,1056,2,342.59,0.05,East,2,Completed
203605,2024-01-15,5107,1004,2,143.78,0.2,East,7,Completed
203606,2025-08-14,5359,1019,3,106.08,0.2,South,,Cancelled
203607,2024-08-16,5262,1060,4,116.15,0,South,,Cancelled
203608,2025-11-30,5455,1061,2,152.91,0,South,2,Completed
203609,2024-10-24,5219,1046,1,67.34,0,North,1,Completed
203610,2025-07-17,5230,1003,2,266.35,0,East,3,Completed
203611,2025-05-16,5367,1021,2,116.8,0.15,East,3,Completed
203612,2024-12-27,5081,1042,3,17.73,0,North,6,Completed
203613,2024-04-27,5017,1066,3,172.42,0.1,North,2,Completed
203614,2024-07-31,5450,1023,1,213.24,0,West,2,Completed
203615,2024-02-09,5124,1042,3,17.19,0,South,2,Completed
203616,2025-10-17,5140,1019,10,101.3,0,East,2,Completed
203617,2025-07-27,5223,1019,3,108.11,0.15,East,2,Completed
203618,2025-09-18,5217,1055,2,264.15,0.1,North,3,Completed
203619,2024-09-17,5440,1001,6,153.94,0,North,2,Completed
203620,2025-08-17,5201,1034,1,134.4,0.05,West,5,Completed
203621,2024-04-12,5283,1004,3,149.02,0,South,4,Completed
203622,2025-06-12,5212,1022,1,37.55,0,South,3,Completed
203623,2025-09-22,5010,1053,3,211.79,0,West,2,Completed
203624,2025-12-26,5169,1021,1,109.93,0,East,4,Completed
203625,2024-11-28,5283,1007,2,160.6,0.2,South,4,Completed
203626,2024-10-04,5121,1045,8,109.29,0.15,West,8,Completed
203627,2025-11-23,5090,1044,2,131.51,0.1,North,6,Completed
203628,2024-11-28,5398,1021,3,114.35,0.1,South,4,Completed
203629,2024-06-30,5283,1069,1,168.36,0.2,South,4,Completed
203630,2024-01-21,5497,1031,8,247.19,0.1,North,5,Completed
203631,2024-04-30,5004,1061,2,157.01,0.1,South,3,Completed
203632,2024-07-01,5462,1017,5,77.74,0,West,7,Completed
203633,2025-11-07,5394,1038,3,208.97,0,West,5,Completed
203634,2025-03-29,5289,1053,2,215.32,0.05,West,2,Completed
203635,2025-08-29,5097,1058,1,213.58,0.1,East,3,Completed
203636,2025-03-28,5498,1019,1,99.95,0.15,East,8,Completed
203637,2025-08-06,5001,1071,5,128.29,0.2,South,,Cancelled
203638,2024-04-21,5467,1005,3,77.9,0.2,North,5,Completed
203639,2025-12-27,5104,1049,4,25.4,0,South,2,Completed
203640,2025-11-28,5235,1056,1,336.09,0.05,East,4,Completed
203641,2024-01-08,5317,1030,6,144.9,0,North,5,Completed
203642,2025-08-08,5383,1032,3,238.39,0.05,West,4,Completed
203643,2025-10-10,5239,1014,1,32.66,0,South,5,Returned
203644,2024-08-04,5435,1029,2,196.54,0.05,South,3,Completed
203645,2025-06-09,5425,1019,3,110.15,0.15,East,4,Completed
203646,2025-07-13,5263,1014,1,35.0,0,South,3,Completed
203647,2025-12-29,5125,1007,2,157.01,0.05,South,3,Returned
203648,2024-10-10,5146,1039,3,177.13,0.05,South,5,Completed
203649,2024-02-14,5142,1015,2,244.17,0.1,North,2,Completed
203650,2024-10-18,5328,1044,1,136.27,0,South,4,Completed
203651,2024-02-01,5353,1051,3,248.55,0,South,6,Returned
203652,2024-12-03,5108,1067,3,230.9,0.15,East,,Cancelled
203653,2025-01-07,5237,1055,1,261.28,0.05,East,4,Completed
203654,2025-11-12,5169,1054,2,257.89,0,East,,Cancelled
203655,2024-11-09,5422,1028,2,248.51,0.2,West,8,Completed
203656,2025-12-04,5334,1013,2,134.3,0,West,4,Completed
203657,2024-11-19,5441,1025,3,200.14,0,South,2,Completed
203658,2024-06-01,5299,1021,3,111.7,0.05,West,2,Completed
203659,2025-08-18,5097,1053,2,201.61,0.2,East,5,Completed
203660,2024-08-17,5373,1024,10,120.24,0,West,5,Completed
203661,2024-06-11,5162,1026,1,64.76,0.05,South,2,Completed
203662,2024-06-08,5320,1058,3,219.14,0,West,3,Completed
203663,2024-03-17,5247,1063,4,209.24,0,West,3,Completed
203664,2025-01-11,5183,1041,2,49.33,0.2,North,2,Completed
203665,2024-04-26,5021,1053,1,200.98,0,East,7,Completed
203666,2025-07-31,5406,1047,2,208.67,0,East,2,Completed
203667,2025-11-09,5289,1032,8,233.04,0,West,5,Completed
203668,2024-11-28,5008,1054,3,245.63,0,West,6,Completed
203669,2025-10-26,5465,1070,3,224.81,0,South,3,Completed
203670,2024-09-11,5286,1046,6,69.06,0,South,7,Completed
203671,2024-02-22,5298,1043,2,93.83,0.1,North,3,Completed
203672,2025-09-12,5250,1069,1,167.37,0.1,South,2,Completed
203673,2025-08-13,5210,1025,1,197.66,0.05,South,1,Completed
203674,2025-02-13,5092,1032,3,237.66,0.2,South,7,Completed
203675,2024-07-07,5218,1003,1,258.7,0,North,,Cancelled
203676,2025-11-23,5486,1044,1,130.62,0.1,West,4,Completed
203677,2024-01-25,5469,1060,1,116.11,0,South,1,Returned
203678,2024-09-15,5107,1027,1,109.31,0,East,2,Completed
203679,2024-07-05,5059,1049,2,23.31,0,North,4,Completed
203680,2025-09-02,5119,1010,6,90.87,0.1,North,2,Completed
203681,2024-08-17,5436,1044,1,137.39,0,West,6,Completed
203682,2024-05-08,5460,1072,2,76.86,0.05,East,3,Returned
203683,2024-11-19,5233,1007,2,158.45,0,East,6,Completed
203684,2025-07-14,5405,1022,1,36.57,0,West,4,Returned
203685,2024-03-22,5426,1004,1,154.0,0.2,North,,Cancelled
203686,2024-09-21,5462,1038,2,208.92,0.05,West,5,Completed
203687,2025-02-22,5139,1063,2,231.71,0.1,West,4,Completed
203688,2025-03-26,5454,1034,3,146.94,0.15,North,2,Completed
203689,2025-04-08,5237,1028,3,259.64,0,East,4,Completed
203690,2024-01-04,5008,1057,3,67.54,0,West,3,Completed
203691,2025-03-20,5398,1007,6,159.76,0.05,South,7,Completed
203692,2024-11-09,5079,1070,2,217.51,0.1,North,5,Completed
203693,2025-12-04,5076,1052,3,311.12,0.1,South,3,Completed
203694,2024-07-19,5001,1044,1,137.5,0.05,South,3,Completed
203695,2025-07-09,5374,1051,4,256.73,0,West,4,Completed
203696,2025-04-28,5194,1040,2,258.25,0,East,,Cancelled
203697,2024-07-14,5239,1068,5,213.99,0.1,South,2,Returned
203698,2024-08-31,5351,1047,3,210.54,0,North,,Cancelled
203699,2024-03-27,5406,1003,1,266.6,0.05,East,4,Completed
203700,2024-01-03,5268,1057,1,69.28,0,East,4,Returned
203701,2024-04-15,5205,1063,1,211.24,0,East,7,Completed
203702,2024-02-29,5242,1037,1,138.93,0.2,East,5,Completed
203703,2025-04-08,5306,1049,3,22.83,0,North,1,Completed
203704,2024-04-03,5499,1009,4,198.77,0.15,South,3,Completed
203705,2025-05-23,5418,1014,2,32.49,0.1,West,1,Completed
203706,2025-08-01,5179,1037,3,132.78,0.15,East,4,Completed
203707,2024-03-24,5090,1005,3,85.22,0.05,North,3,Completed
203708,2024-10-02,5320,1061,3,157.21,0.05,West,3,Completed
203709,2024-11-25,5118,1055,3,264.27,0,North,5,Completed
203710,2024-06-03,5086,1045,3,115.55,0.05,North,4,Completed
203711,2024-10-15,5085,1008,1,119.2,0,North,3,Completed
203712,2024-04-05,5021,1047,10,213.1,0,East,8,Returned
203713,2025-03-30,5393,1030,4,139.09,0,South,5,Completed
203714,2025-01-23,5312,1058,3,213.81,0.15,West,1,Completed
203715,2024-12-17,5272,1041,1,45.66,0.1,North,4,Completed
203716,2025-06-17,5410,1047,3,190.91,0.05,South,3,Completed
203717,2025-06-11,5314,1005,8,81.24,0.1,North,2,Completed
203718,2025-11-21,5377,1006,1,205.7,0,West,4,Completed
203719,2024-07-06,5224,1027,4,116.31,0,West,5,Completed
203720,2024-04-29,5056,1013,8,128.36,0.15,East,5,Completed
203721,2025-07-01,5442,1010,3,90.87,0.15,North,4,Completed
203722,2025-09-02,5373,1042,1,17.45,0,West,3,Completed
203723,2024-02-23,5257,1027,2,111.77,0.05,West,4,Completed
203724,2024-01-09,5436,1069,1,176.8,0,West,3,Completed
203725,2025-09-22,5080,1045,2,105.02,0.15,North,,Cancelled
203726,2024-10-30,5436,1043,1,99.18,0.05,West,6,Completed
203727,2024-04-14,5472,1071,1,131.35,0,South,3,Completed
203728,2025-09-15,5498,1033,1,143.46,0,East,2,Completed
203729,2024-04-16,5127,1059,2,134.18,0,North,5,Completed
203730,2024-09-25,5093,1011,2,34.86,0,North,5,Completed
203731,2025-09-28,5177,1019,1,111.26,0,South,3,Completed
203732,2025-06-14,5471,1065,2,65.73,0.2,North,7,Completed
203733,2024-10-12,5170,1038,1,208.12,0,North,1,Completed
203734,2024-04-28,5143,1001,6,173.21,0,North,8,Returned
203735,2024-01-04,5110,1054,8,263.46,0,North,3,Completed
203736,2024-09-14,5033,1027,1,104.19,0.05,North,5,Completed
203737,2024-10-20,5431,1068,2,206.83,0,West,4,Completed
203738,2024-03-12,5209,1016,2,55.86,0.1,South,,Cancelled
203739,2024-03-04,5068,1031,4,243.57,0,West,,Cancelled
203740,2025-06-14,5315,1033,1,150.8,0,West,2,Completed
203741,2025-10-12,5067,1058,1,215.66,0,East,7,Returned
203742,2024-03-10,5091,1063,3,216.79,0,West,6,Completed
203743,2024-07-11,5181,1054,4,261.16,0,East,2,Completed
203744,2025-05-18,5358,1002,1,74.74,0.15,North,5,Completed
203745,2025-03-02,5464,1051,3,249.9,0,West,4,Completed
203746,2025-01-20,5263,1052,2,312.73,0.1,South,4,Completed
203747,2025-10-05,5015,1022,3,36.48,0,South,7,Completed
203748,2025-12-22,5469,1067,2,236.19,0,South,5,Completed
203749,2025-02-03,5315,1035,3,227.62,0.05,West,4,Completed
203750,2025-12-10,5456,1021,10,108.07,0,South,2,Completed
203751,2025-11-16,5125,1011,3,34.88,0.1,South,6,Completed
203752,2024-06-20,5236,1012,1,237.21,0,West,7,Completed
203753,2024-10-27,5268,1056,2,331.95,0.15,East,3,Completed
203754,2025-12-20,5219,1070,1,228.98,0,North,5,Completed
203755,2024-06-02,5015,1032,10,229.66,0,South,5,Completed
203756,2024-01-08,5225,1011,3,33.47,0,North,4,Completed
203757,2025-05-06,5178,1048,5,326.07,0,East,2,Completed
203758,2025-05-26,5412,1058,4,202.25,0,East,3,Completed
203759,2024-08-11,5183,1061,1,155.01,0,North,4,Completed
203760,2025-07-17,5065,1022,6,40.26,0,West,3,Completed
203761,2024-02-12,5084,1033,10,149.99,0,North,6,Completed
203762,2025-08-15,5267,1029,5,199.8,0.2,North,3,Completed
203763,2025-05-03,5054,1054,2,252.41,0.2,East,,Cancelled
203764,2025-10-14,5299,1054,1,255.72,0.15,West,4,Completed
203765,2025-01-24,5431,1044,1,139.12,0.2,West,6,Completed
203766,2025-05-26,5136,1056,1,338.05,0.1,North,2,Completed
203767,2024-10-17,5354,1021,1,121.05,0.05,North,3,Completed
203768,2024-06-14,5006,1055,3,273.76,0.15,West,4,Completed
203769,2024-06-12,5432,1036,1,251.4,0,South,4,Completed
203770,2024-03-28,5106,1008,3,122.71,0,East,4,Completed
203771,2024-09-04,5015,1016,2,60.54,0,South,2,Completed
203772,2024-12-30,5115,1032,3,239.19,0,West,5,Completed
203773,2025-07-07,5039,1005,8,78.28,0,West,3,Completed
203774,2024-11-29,5429,1026,1,65.76,0.05,East,2,Completed
203775,2024-03-13,5393,1059,6,133.44,0,South,,Cancelled
203776,2025-04-18,5318,1048,2,302.37,0.15,East,3,Completed
203777,2025-09-18,5291,1044,10,136.05,0,South,6,Completed
203778,2024-05-17,5123,1050,3,75.06,0,East,3,Completed
203779,2024-03-17,5456,1037,3,140.88,0.15,South,2,Completed
203780,2024-05-26,5437,1047,1,206.15,0,West,4,Completed
203781,2024-06-16,5500,1065,1,62.13,0.05,West,1,Completed
203782,2024-04-04,5323,1024,6,118.6,0,South,3,Completed
203783,2024-02-11,5031,1027,3,108.05,0,South,4,Completed
203784,2024-07-26,5135,1060,3,119.12,0.05,East,1,Completed
203785,2025-11-30,5422,1047,1,209.18,0.15,West,5,Completed
203786,2024-01-10,5146,1037,1,142.35,0,South,2,Completed
203787,2025-08-12,5330,1003,1,271.33,0.1,South,6,Completed
203788,2024-12-28,5186,1022,1,39.26,0.05,North,3,Completed
203789,2025-09-14,5419,1062,1,184.98,0.1,South,6,Returned
203790,2025-02-20,5167,1039,2,193.58,0.05,West,5,Completed
203791,2024-08-26,5105,1039,2,172.82,0,West,2,Completed
203792,2025-12-09,5393,1056,2,315.18,0.05,South,3,Completed
203793,2024-04-28,5149,1017,1,76.93,0.1,West,6,Completed
203794,2025-05-29,5363,1027,1,110.94,0,East,3,Completed
203795,2025-09-24,5018,1021,3,117.03,0.05,North,4,Completed
203796,2025-11-24,5297,1049,4,22.93,0,East,4,Completed
203797,2025-06-09,5347,1005,3,80.09,0,South,4,Completed
203798,2024-04-06,5419,1027,1,115.0,0.1,South,4,Completed
203799,2024-11-03,5251,1007,3,148.91,0.05,East,,Cancelled
203800,2024-01-12,5248,1011,1,34.98,0.05,South,4,Completed
203801,2025-05-05,5455,1065,1,62.26,0.15,South,4,Completed
203802,2024-01-24,5401,1021,10,119.3,0,East,4,Completed
203803,2025-05-19,5221,1004,5,150.81,0,North,1,Completed
203804,2025-04-09,5367,1064,3,103.17,0,East,3,Completed
203805,2025-01-21,5116,1010,1,93.46,0,West,4,Completed
203806,2024-03-19,5492,1065,10,69.52,0.05,East,1,Completed
203807,2024-02-01,5395,1057,4,68.08,0.05,East,,Cancelled
203808,2024-03-02,5396,1027,5,107.48,0,South,4,Completed
203809,2025-02-10,5207,1051,1,261.38,0.1,North,3,Completed
203810,2024-03-01,5354,1060,1,122.61,0.05,North,1,Completed
203811,2024-03-08,5014,1064,1,95.47,0,East,2,Completed
203812,2025-02-19,5111,1004,2,148.74,0,East,4,Completed
203813,2025-07-19,5356,1068,5,200.37,0,East,4,Completed
203814,2024-07-09,5003,1064,5,99.15,0,North,4,Completed
203815,2025-07-17,5352,1048,3,327.85,0,West,,Cancelled
203816,2025-09-27,5058,1028,5,267.39,0.2,North,7,Completed
203817,2025-06-15,5471,1040,4,273.37,0,North,4,Completed
203818,2025-12-28,5106,1071,2,129.34,0.05,East,2,Completed
203819,2024-01-18,5124,1069,3,171.97,0,South,4,Completed
203820,2024-10-07,5212,1054,3,249.32,0.15,South,3,Completed
203821,2024-05-13,5252,1012,1,222.06,0,West,2,Completed
203822,2025-02-13,5227,1062,1,169.87,0.05,North,2,Completed
203823,2024-09-16,5384,1035,2,221.72,0,East,3,Completed
203824,2024-03-11,5110,1049,2,23.52,0,North,6,Completed
203825,2025-01-19,5441,1026,2,68.29,0,South,1,Completed
203826,2024-12-13,5171,1044,1,146.14,0.2,North,2,Completed
203827,2024-09-09,5204,1065,4,69.24,0.15,East,8,Completed
203828,2025-04-07,5119,1064,1,95.98,0,North,5,Completed
203829,2024-10-14,5140,1041,5,46.31,0,East,,Cancelled
203830,2024-01-10,5218,1004,1,154.93,0,North,3,Completed
203831,2025-05-23,5071,1020,8,58.74,0.2,South,4,Completed
203832,2025-12-04,5465,1035,1,247.21,0.15,South,3,Completed
203833,2025-02-03,5447,1027,1,113.67,0,West,1,Completed
203834,2025-11-26,5298,1042,1,16.09,0.1,North,1,Completed
203835,2025-02-20,5367,1011,6,32.98,0,East,2,Completed
203836,2024-01-20,5412,1034,4,139.21,0.05,East,2,Completed
203837,2025-04-19,5382,1061,3,150.03,0,East,4,Completed
203838,2025-12-27,5365,1043,4,92.95,0.05,South,3,Completed
203839,2025-03-14,5384,1050,1,81.77,0.1,East,5,Completed
203840,2025-03-21,5244,1046,2,74.88,0.05,West,2,Completed
203841,2025-10-25,5496,1009,1,213.05,0,West,,Cancelled
203842,2025-12-14,5401,1037,2,140.61,0,East,5,Completed
203843,2025-07-18,5365,1028,1,265.75,0,South,4,Completed
203844,2025-12-04,5368,1012,5,224.95,0,North,,Cancelled
203845,2024-04-15,5239,1072,3,78.96,0,South,3,Completed
203846,2024-09-02,5488,1010,1,94.74,0.2,West,4,Completed
203847,2024-04-02,5287,1037,5,141.16,0,North,4,Completed
203848,2024-11-16,5456,1032,4,239.17,0.1,South,6,Completed
203849,2025-05-09,5104,1028,2,253.42,0,South,3,Completed
203850,2024-05-07,5252,1072,1,81.23,0,West,3,Completed
203851,2025-12-29,5327,1059,4,135.66,0,East,6,Completed
203852,2025-06-21,5374,1009,8,215.62,0.2,West,4,Completed
203853,2024-03-15,5305,1036,6,249.52,0,West,2,Returned
203854,2024-03-18,5214,1016,2,60.19,0,South,2,Completed
203855,2024-09-03,5053,1065,2,63.87,0,North,5,Completed
203856,2024-08-05,5155,1063,4,234.43,0.05,West,,Cancelled
203857,2025-12-28,5440,1044,2,138.55,0.1,North,3,Completed
203858,2025-04-14,5346,1064,2,93.84,0.05,South,2,Completed
203859,2024-12-08,5125,1023,1,206.33,0.1,South,4,Returned
203860,2024-06-16,5016,1071,2,128.53,0.05,East,4,Completed
203861,2025-02-25,5341,1052,1,337.99,0,South,5,Completed
203862,2025-08-07,5282,1028,2,251.71,0,East,5,Completed
203863,2024-05-16,5343,1068,4,188.67,0,South,,Cancelled
203864,2024-01-10,5350,1061,3,141.06,0.1,West,1,Completed
203865,2025-06-16,5126,1063,2,229.18,0.05,West,6,Completed
203866,2025-08-16,5361,1056,1,345.33,0.1,North,4,Completed
203867,2024-08-28,5293,1066,1,172.1,0,West,3,Completed
203868,2025-07-07,5370,1039,2,185.63,0.05,West,3,Completed
203869,2024-10-20,5437,1061,1,146.75,0,West,2,Completed
203870,2025-01-04,5242,1051,1,235.33,0.05,East,2,Completed
203871,2025-05-25,5301,1035,2,242.44,0.15,West,2,Completed
203872,2024-06-01,5171,1017,2,76.85,0,North,8,Completed
203873,2024-05-08,5030,1028,2,250.0,0.2,South,2,Completed
203874,2025-03-29,5475,1048,1,318.37,0.15,West,8,Completed
203875,2024-02-10,5237,1034,1,138.38,0,East,2,Completed
203876,2025-04-21,5077,1035,2,228.58,0,North,4,Completed
203877,2024-03-04,5247,1004,2,147.27,0.1,West,4,Completed
203878,2025-09-06,5393,1053,1,198.9,0,South,8,Returned
203879,2025-06-29,5067,1020,3,63.09,0,East,,Cancelled
203880,2025-04-21,5267,1030,4,132.84,0.15,North,4,Completed
203881,2025-08-16,5096,1044,1,142.72,0.1,West,5,Completed
203882,2024-01-08,5376,1007,2,151.71,0,West,7,Completed
203883,2025-04-01,5018,1027,1,113.33,0,North,4,Completed
203884,2025-06-10,5324,1069,1,179.23,0,East,2,Completed
203885,2025-07-14,5185,1063,1,220.83,0,East,4,Completed
203886,2025-12-04,5411,1048,2,314.42,0,West,4,Completed
203887,2024-10-29,5458,1050,3,79.28,0,South,4,Completed
203888,2025-05-16,5050,1048,2,312.92,0,East,2,Completed
203889,2024-11-26,5149,1004,1,147.04,0.1,West,7,Completed
203890,2025-06-18,5496,1055,3,286.91,0,West,4,Completed
203891,2025-10-12,5285,1028,1,261.83,0.05,South,4,Completed
203892,2024-08-10,5468,1067,1,216.47,0,North,2,Completed
203893,2025-08-18,5262,1048,2,302.74,0,South,2,Completed
203894,2024-05-10,5351,1004,2,161.01,0,North,4,Completed
203895,2025-02-16,5208,1005,1,80.35,0,North,2,Completed
203896,2025-03-14,5153,1069,2,175.89,0,South,6,Completed
203897,2025-06-24,5001,1030,1,135.7,0.15,South,2,Completed
203898,2025-08-02,5167,1046,1,68.8,0.05,West,4,Completed
203899,2025-09-02,5213,1030,3,134.07,0.15,North,2,Completed
203900,2024-11-24,5289,1045,1,116.08,0,West,4,Completed
203901,2025-04-26,5102,1010,2,85.59,0,East,5,Completed
203902,2025-04-23,5009,1019,2,107.75,0,North,,Cancelled
203903,2024-12-25,5499,1022,3,39.32,0,South,5,Completed
203904,2024-10-18,5088,1027,2,111.03,0.05,East,1,Returned
203905,2024-01-06,5342,1051,2,230.61,0,South,4,Completed
203906,2024-01-24,5221,1051,1,235.14,0.15,North,3,Completed
203907,2025-07-25,5474,1058,3,205.92,0,East,3,Returned
203908,2024-04-03,5186,1036,2,257.09,0,North,4,Completed
203909,2025-05-22,5307,1026,2,68.49,0.15,West,4,Completed
203910,2024-04-20,5188,1072,2,74.9,0,West,3,Completed
203911,2024-09-18,5223,1039,4,193.9,0.05,East,4,Returned
203912,2024-02-28,5394,1071,4,124.3,0.15,West,3,Completed
203913,2025-11-06,5294,1004,2,144.88,0.15,West,2,Completed
203914,2025-04-05,5278,1039,3,183.85,0.15,West,2,Completed
203915,2024-09-08,5228,1036,2,244.03,0.05,East,3,Completed
203916,2024-02-11,5110,1065,3,63.33,0,North,4,Completed
203917,2024-10-14,5293,1050,3,74.71,0.05,West,2,Completed
203918,2025-01-01,5397,1030,2,146.56,0,East,2,Completed
203919,2025-02-02,5053,1046,1,66.18,0,North,4,Completed
203920,2024-11-13,5108,1043,1,99.61,0,East,4,Completed
203921,2025-05-03,5031,1028,2,265.83,0,South,4,Completed
203922,2025-03-12,5337,1011,1,32.68,0.1,North,5,Completed
203923,2025-12-16,5373,1052,2,329.75,0.1,West,4,Completed
203924,2025-10-15,5360,1009,3,219.76,0,East,2,Completed
203925,2024-08-08,5267,1029,1,201.45,0.05,North,4,Completed
203926,2024-08-16,5001,1013,1,134.01,0,South,2,Completed
203927,2024-07-16,5174,1062,1,190.3,0.2,West,1,Completed
203928,2024-12-28,5439,1038,1,225.0,0.05,North,4,Completed
203929,2025-09-04,5198,1012,2,217.54,0.05,West,3,Completed
203930,2024-02-07,5402,1048,1,314.94,0.05,West,5,Completed
203931,2025-08-13,5304,1029,2,203.46,0.05,East,3,Completed
203932,2025-07-03,5248,1001,1,166.1,0.15,South,2,Completed
203933,2025-01-09,5084,1072,6,78.41,0.1,North,2,Completed
203934,2024-07-31,5493,1029,1,197.98,0,West,2,Completed
203935,2025-07-30,5070,1006,5,192.02,0.1,South,1,Completed
203936,2025-05-04,5424,1028,1,257.94,0.15,South,4,Completed
203937,2024-06-07,5179,1050,1,76.04,0,East,1,Completed
203938,2025-02-28,5471,1024,3,117.7,0.1,North,6,Completed
203939,2024-03-16,5199,1048,2,292.77,0,North,4,Completed
203940,2025-07-09,5025,1009,1,220.7,0.1,East,4,Completed
203941,2025-11-26,5400,1030,3,130.02,0,West,3,Completed
203942,2025-05-22,5299,1066,6,174.1,0,West,2,Completed
203943,2025-11-09,5405,1037,2,137.63,0.05,West,4,Completed
203944,2024-01-21,5434,1014,3,34.98,0.05,North,3,Returned
203945,2024-10-22,5281,1007,2,150.36,0,West,1,Completed
203946,2024-01-07,5112,1055,2,257.13,0,South,4,Completed
203947,2024-09-16,5286,1002,4,70.0,0,South,4,Completed
203948,2024-04-14,5039,1064,4,95.29,0.05,West,3,Completed
203949,2024-10-14,5167,1034,2,129.47,0.1,West,4,Completed
203950,2025-05-28,5436,1043,4,94.17,0.05,West,3,Completed
203951,2024-08-13,5222,1072,3,75.91,0.15,South,4,Completed
203952,2024-05-25,5250,1034,1,141.03,0,South,4,Completed
203953,2025-04-10,5149,1046,10,70.03,0,West,3,Returned
203954,2024-10-21,5098,1069,4,181.72,0.05,East,5,Completed
203955,2024-04-08,5100,1006,5,194.57,0,West,8,Completed
203956,2025-04-25,5206,1016,3,58.74,0,East,,Cancelled
203957,2024-05-17,5299,1002,8,75.39,0,West,,Cancelled
203958,2024-03-27,5229,1050,2,79.19,0,North,3,Completed
203959,2024-11-11,5005,1025,1,197.37,0.1,West,4,Completed
203960,2025-05-09,5470,1053,1,196.97,0,East,3,Completed
203961,2024-02-15,5252,1038,5,213.66,0.1,West,2,Completed
203962,2024-11-26,5045,1019,1,100.58,0,East,5,Completed
203963,2024-01-01,5200,1005,3,82.45,0.05,North,4,Completed
203964,2025-04-08,5450,1009,2,206.55,0.1,West,2,Completed
203965,2024-08-21,5321,1047,4,191.95,0,South,3,Completed
203966,2024-01-18,5471,1053,8,200.42,0.05,North,2,Completed
203967,2025-12-29,5077,1017,3,79.86,0.15,North,4,Completed
203968,2024-08-19,5470,1034,4,141.62,0,East,5,Completed
203969,2025-07-05,5144,1004,2,156.76,0,North,5,Returned
203970,2025-05-08,5101,1060,2,119.17,0.05,East,5,Completed
203971,2025-03-13,5050,1015,1,236.54,0,East,7,Returned
203972,2024-03-23,5444,1067,3,232.71,0.2,South,4,Completed
203973,2024-06-15,5078,1040,2,283.06,0,West,,Cancelled
203974,2024-08-10,5387,1056,2,352.91,0,West,5,Completed
203975,2024-05-10,5446,1045,4,112.4,0,South,4,Completed
203976,2025-10-03,5101,1064,1,93.93,0.1,East,3,Completed
203977,2024-03-10,5168,1015,8,244.58,0.05,West,4,Returned
203978,2024-09-12,5170,1006,2,204.72,0.05,North,4,Completed
203979,2024-01-08,5242,1021,2,113.13,0,East,,Cancelled
203980,2025-06-29,5194,1006,2,199.33,0,East,4,Completed
203981,2024-03-21,5257,1058,1,201.79,0.05,West,2,Completed
203982,2025-02-03,5432,1028,3,267.23,0,South,4,Completed
203983,2024-04-07,5203,1017,1,77.83,0.1,West,7,Completed
203984,2024-08-13,5132,1034,4,136.12,0,East,3,Completed
203985,2024-05-25,5147,1046,5,68.9,0,West,4,Completed
203986,2024-07-28,5160,1035,3,232.65,0.05,West,5,Completed
203987,2024-08-20,5350,1047,1,203.88,0,West,3,Completed
203988,2025-09-22,5319,1056,1,343.28,0.1,West,5,Completed
203989,2024-10-28,5155,1029,3,201.37,0,West,4,Completed
203990,2025-02-27,5417,1071,3,120.5,0.05,North,7,Completed
203991,2024-02-24,5263,1052,10,305.92,0.1,South,,Cancelled
203992,2025-05-26,5188,1020,1,62.88,0,West,4,Completed
203993,2025-08-20,5252,1037,8,130.8,0,West,2,Completed
203994,2024-09-27,5118,1042,6,16.3,0,North,2,Completed
203995,2025-06-21,5061,1040,2,272.12,0,North,4,Completed
203996,2024-01-07,5255,1033,1,160.23,0,East,8,Completed
203997,2024-01-13,5181,1052,8,330.03,0,East,2,Completed
203998,2024-05-03,5282,1020,1,59.98,0.05,East,2,Completed
203999,2025-05-30,5425,1028,8,259.91,0,East,3,Completed
204000,2025-03-12,5226,1018,4,309.21,0.05,West,1,Completed
204001,2025-10-21,5154,1047,4,205.99,0.05,South,1,Completed
204002,2025-11-06,5206,1052,1,315.03,0,East,,Cancelled
204003,2024-07-05,5119,1013,3,136.24,0,North,4,Completed
204004,2025-08-15,5373,1036,2,247.75,0,West,3,Completed
204005,2024-12-25,5441,1056,8,312.71,0,South,3,Completed
204006,2025-07-24,5121,1060,2,119.22,0.1,West,4,Completed
204007,2025-01-20,5481,1029,8,200.81,0,West,4,Completed
204008,2025-01-05,5297,1045,4,115.09,0.1,East,4,Completed
204009,2024-03-16,5133,1022,2,40.31,0.1,West,2,Completed
204010,2024-07-17,5437,1053,2,197.5,0.05,West,3,Returned
204011,2025-05-19,5219,1067,2,232.26,0,North,3,Completed
204012,2024-04-01,5107,1040,10,268.13,0,East,5,Completed
204013,2025-07-14,5285,1004,4,158.57,0,South,5,Completed
204014,2025-09-14,5099,1026,3,65.39,0,North,3,Completed
204015,2024-04-06,5015,1005,1,79.21,0,South,7,Completed
204016,2024-07-06,5158,1037,2,139.63,0,East,5,Completed
204017,2024-03-30,5134,1002,3,70.52,0.2,North,7,Completed
204018,2025-04-16,5398,1033,1,162.61,0.1,South,4,Completed
204019,2024-12-16,5293,1012,2,238.8,0.05,West,,Cancelled
204020,2025-09-19,5196,1059,2,132.67,0.05,North,2,Returned
204021,2024-05-01,5019,1051,1,235.99,0,South,3,Completed
204022,2024-02-28,5346,1023,4,198.93,0.05,South,2,Completed
204023,2025-09-27,5137,1047,1,205.56,0.1,South,,Cancelled
204024,2025-09-24,5186,1057,4,64.79,0,North,2,Completed
204025,2025-11-25,5172,1040,4,273.49,0,East,4,Completed
204026,2024-01-05,5094,1053,2,203.54,0.05,East,4,Completed
204027,2025-03-06,5275,1071,1,124.58,0.1,South,4,Completed
204028,2025-05-27,5103,1045,8,116.64,0.15,East,5,Completed
204029,2025-12-14,5151,1028,10,250.52,0,South,3,Returned
204030,2024-07-24,5087,1049,2,23.88,0,North,5,Completed
204031,2025-08-31,5448,1045,5,109.7,0,North,3,Completed
204032,2025-01-29,5380,1050,4,81.69,0.05,West,5,Completed
204033,2025-10-05,5179,1046,1,74.34,0.15,East,6,Completed
204034,2025-10-15,5332,1005,1,80.61,0,North,2,Completed
204035,2025-07-26,5332,1001,3,166.39,0.1,North,3,Completed
204036,2024-12-06,5117,1034,1,135.45,0.1,North,4,Completed
204037,2025-05-08,5483,1005,2,78.08,0.05,North,4,Completed
204038,2025-08-17,5474,1052,3,317.28,0,East,3,Completed
204039,2024-02-13,5500,1068,1,200.54,0.1,West,3,Completed
204040,2024-03-30,5029,1036,3,236.86,0,West,8,Completed
204041,2024-11-17,5132,1004,4,151.14,0.15,East,4,Completed
204042,2025-04-07,5446,1069,2,168.69,0,South,3,Completed
204043,2024-09-29,5144,1055,10,267.22,0.2,North,3,Completed
204044,2024-08-11,5020,1032,8,219.02,0.15,East,5,Completed
204045,2024-09-27,5318,1061,3,154.3,0.1,East,5,Completed
204046,2024-02-24,5146,1009,1,209.16,0.05,South,3,Completed
204047,2025-11-29,5274,1015,1,251.24,0,South,3,Completed
204048,2025-05-02,5452,1060,2,130.01,0.05,North,6,Completed
204049,2024-03-30,5012,1055,1,283.46,0,North,3,Completed
204050,2025-06-24,5362,1061,5,156.22,0,West,3,Completed
204051,2025-02-23,5388,1024,4,114.06,0,East,4,Completed
204052,2025-04-26,5172,1056,1,341.29,0.1,East,4,Completed
204053,2025-09-06,5062,1021,5,108.94,0,West,2,Completed
204054,2024-07-11,5057,1017,1,76.63,0.05,East,7,Completed
204055,2025-12-17,5492,1014,1,34.65,0.15,East,7,Completed
204056,2024-12-08,5229,1002,2,74.26,0.2,North,1,Returned
204057,2025-10-18,5023,1052,5,311.54,0.1,North,3,Completed
204058,2025-06-24,5495,1059,2,133.61,0.05,North,5,Completed
204059,2024-01-11,5263,1026,2,65.87,0.1,South,3,Completed
204060,2025-11-06,5444,1043,3,99.28,0.15,South,4,Completed
204061,2025-06-10,5246,1024,1,114.77,0,West,6,Completed
204062,2025-11-10,5260,1032,4,234.86,0,South,2,Completed
204063,2024-11-29,5253,1067,2,217.14,0,East,3,Completed
204064,2025-07-29,5022,1071,6,128.57,0.2,East,1,Completed
204065,2025-04-17,5096,1005,2,83.43,0,West,3,Completed
204066,2024-05-07,5217,1007,1,160.62,0.1,North,6,Completed
204067,2025-01-25,5311,1052,1,337.21,0.05,East,6,Completed
204068,2024-12-27,5184,1052,1,318.64,0,South,4,Completed
204069,2024-10-08,5061,1046,5,72.31,0.1,North,2,Completed
204070,2024-04-30,5084,1004,10,147.37,0.05,North,4,Completed
204071,2024-01-05,5472,1042,1,17.71,0,South,2,Completed
204072,2025-06-13,5020,1050,6,80.72,0,East,5,Completed
204073,2024-02-27,5017,1031,2,252.71,0.05,North,2,Returned
204074,2025-03-30,5265,1046,2,67.98,0,South,5,Completed
204075,2024-10-04,5482,1020,1,57.67,0.05,South,5,Completed
204076,2025-07-02,5192,1011,1,35.88,0.05,North,6,Completed
204077,2024-05-14,5224,1036,5,242.13,0,West,6,Completed
204078,2025-12-03,5187,1060,2,125.75,0.05,East,3,Completed
204079,2024-09-06,5174,1006,2,209.96,0.05,West,5,Completed
204080,2024-11-06,5318,1043,2,96.82,0,East,3,Completed
204081,2025-06-08,5423,1038,2,219.57,0,North,3,Completed
204082,2025-08-08,5016,1066,1,163.4,0,East,2,Completed
204083,2025-03-30,5171,1004,2,149.95,0.15,North,3,Returned
204084,2025-01-12,5358,1027,2,103.5,0,North,5,Completed
204085,2025-04-02,5069,1020,1,62.25,0,East,4,Completed
204086,2024-10-05,5479,1064,5,103.42,0,West,2,Completed
204087,2025-04-03,5112,1066,1,174.6,0.05,South,3,Completed
204088,2024-01-18,5241,1005,3,85.29,0.15,West,4,Completed
204089,2024-11-13,5146,1071,3,123.31,0,South,4,Completed
204090,2025-03-22,5458,1014,1,35.94,0.05,South,4,Completed
204091,2024-06-06,5251,1016,2,55.07,0,East,2,Completed
204092,2025-04-02,5231,1056,3,324.3,0,East,5,Completed
204093,2025-05-17,5467,1020,2,62.02,0,North,7,Completed
204094,2024-04-25,5419,1048,1,324.19,0,South,4,Completed
204095,2024-12-13,5026,1008,2,120.26,0.05,North,3,Completed
204096,2025-01-07,5319,1044,4,137.5,0.2,West,4,Returned
204097,2024-07-27,5497,1028,10,264.66,0.05,North,6,Completed
204098,2025-06-05,5213,1054,4,265.54,0.05,North,3,Completed
204099,2024-01-31,5412,1012,4,217.87,0,East,3,Completed
204100,2025-11-27,5190,1043,1,96.22,0,South,4,Completed
204101,2024-08-16,5299,1030,2,145.53,0,West,4,Completed
204102,2025-11-15,5125,1009,1,223.41,0.05,South,4,Completed
204103,2024-12-24,5260,1070,1,224.29,0,South,5,Completed
204104,2025-09-03,5283,1026,1,63.42,0.1,South,2,Completed
204105,2024-02-03,5146,1007,1,152.31,0.05,South,2,Completed
204106,2024-09-05,5293,1056,1,339.84,0.15,West,6,Completed
204107,2025-10-13,5279,1072,1,81.9,0.05,South,4,Completed
204108,2025-06-24,5315,1028,8,244.83,0,West,5,Completed
204109,2025-03-18,5396,1058,3,215.83,0,South,2,Completed
204110,2024-08-26,5005,1070,3,218.97,0,West,5,Completed
204111,2025-05-07,5223,1038,3,207.57,0,East,1,Completed
204112,2024-07-17,5238,1072,4,78.4,0.1,East,3,Completed
204113,2025-08-31,5123,1057,1,70.86,0,East,3,Completed
204114,2024-10-06,5423,1039,1,181.65,0,North,2,Completed
204115,2025-01-28,5478,1033,1,155.46,0.1,West,3,Completed
204116,2024-12-04,5048,1042,2,16.1,0.05,South,3,Completed
204117,2025-10-03,5483,1020,4,62.33,0.1,North,7,Completed
204118,2024-10-01,5413,1049,2,24.63,0,North,5,Completed
204119,2025-11-08,5033,1016,1,60.71,0,North,,Cancelled
204120,2025-11-11,5075,1032,3,217.27,0.15,West,3,Completed
204121,2024-07-09,5252,1018,1,321.1,0,West,4,Returned
204122,2025-01-31,5139,1007,1,157.45,0.05,West,3,Completed
204123,2024-11-30,5453,1067,1,232.23,0.15,North,3,Completed
204124,2025-11-22,5198,1042,3,17.1,0.05,West,5,Completed
204125,2025-05-29,5191,1059,3,132.08,0,East,1,Completed
204126,2025-02-09,5377,1017,2,77.12,0,West,7,Completed
204127,2025-02-28,5136,1028,1,255.13,0,North,3,Returned
204128,2024-07-16,5223,1046,4,66.69,0,East,2,Returned
204129,2025-03-17,5351,1066,2,165.08,0,North,1,Completed
204130,2025-10-08,5167,1011,2,35.46,0.05,West,4,Completed
204131,2025-02-22,5412,1044,1,145.59,0,East,4,Completed
204132,2024-03-30,5026,1070,10,237.86,0.15,North,4,Completed
204133,2025-03-09,5257,1061,10,150.09,0,West,4,Completed
204134,2024-10-12,5367,1007,1,155.64,0,East,6,Completed
204135,2025-09-22,5381,1065,3,61.64,0,North,,Cancelled
204136,2025-09-09,5078,1017,1,79.06,0,West,5,Completed
204137,2025-08-17,5471,1038,2,200.62,0.05,North,5,Completed
204138,2025-12-21,5243,1003,3,275.83,0,North,5,Completed
204139,2025-05-30,5111,1041,1,43.89,0.15,East,3,Completed
204140,2024-05-06,5375,1047,2,208.28,0,East,6,Completed
204141,2025-02-15,5072,1014,2,36.6,0,West,5,Completed
204142,2025-04-02,5057,1037,4,133.07,0,East,4,Completed
204143,2024-09-11,5228,1037,1,134.92,0,East,5,Completed
204144,2024-07-25,5090,1029,6,192.03,0.2,North,1,Completed
204145,2024-09-13,5391,1019,1,104.7,0,West,2,Completed
204146,2025-02-18,5028,1031,2,244.7,0,East,3,Completed
204147,2024-12-30,5004,1001,5,172.95,0.15,South,4,Returned
204148,2025-08-15,5022,1055,2,256.01,0,East,2,Completed
204149,2024-04-03,5358,1067,2,215.46,0.05,North,2,Completed
204150,2024-07-11,5124,1047,1,194.85,0.05,South,4,Completed
204151,2025-06-26,5190,1035,2,220.8,0,South,6,Completed
204152,2024-02-27,5170,1061,2,157.22,0,North,4,Returned
204153,2024-05-31,5117,1005,2,83.81,0,North,5,Completed
204154,2024-04-23,5322,1043,1,89.47,0,West,5,Completed
204155,2024-11-26,5464,1009,2,205.92,0,West,1,Completed
204156,2024-10-18,5114,1025,2,212.24,0,North,2,Completed
204157,2024-11-19,5122,1001,4,157.61,0.05,West,4,Completed
204158,2025-08-14,5028,1001,5,169.75,0,East,3,Completed
204159,2024-02-03,5231,1058,1,193.78,0.1,East,7,Completed
204160,2024-03-03,5139,1057,1,72.46,0.1,West,2,Completed
204161,2024-08-05,5461,1029,3,195.32,0.05,West,3,Returned
204162,2025-01-18,5431,1070,1,226.51,0,West,1,Completed
204163,2025-05-20,5310,1013,1,129.09,0.05,North,,Cancelled
204164,2024-02-28,5016,1009,3,213.31,0.15,East,5,Completed
204165,2024-07-12,5311,1071,3,122.45,0,East,6,Completed
204166,2024-01-29,5148,1064,3,96.1,0,South,3,Completed
204167,2024-12-29,5361,1038,10,205.6,0,North,5,Completed
204168,2025-11-10,5240,1003,8,256.18,0,North,4,Completed
204169,2024-01-13,5201,1024,5,110.27,0,West,7,Completed
204170,2024-04-23,5094,1058,4,213.62,0,East,8,Completed
204171,2024-03-07,5426,1050,2,72.29,0.15,North,2,Completed
204172,2025-03-22,5311,1029,2,190.49,0,East,4,Completed
204173,2024-03-09,5418,1072,1,82.32,0.15,West,3,Completed
204174,2025-06-24,5208,1022,6,39.06,0.1,North,4,Completed
204175,2025-05-22,5239,1063,1,221.52,0.05,South,4,Completed
204176,2024-04-12,5260,1017,1,78.42,0.05,South,4,Completed
204177,2025-03-20,5206,1040,2,267.14,0,East,4,Completed
204178,2025-08-30,5200,1015,1,246.36,0,North,5,Completed
204179,2025-01-12,5498,1027,5,110.62,0.1,East,5,Completed
204180,2025-06-27,5236,1037,3,129.59,0,West,3,Completed
204181,2024-09-29,5218,1060,3,121.82,0,North,3,Completed
204182,2024-05-13,5062,1071,2,127.3,0,West,7,Completed
204183,2025-04-06,5145,1064,2,104.04,0.2,East,4,Completed
204184,2025-11-01,5484,1043,1,93.32,0,North,4,Completed
204185,2024-06-30,5241,1016,4,59.43,0.1,West,1,Completed
204186,2025-03-12,5195,1033,1,153.0,0,East,4,Completed
204187,2025-08-22,5292,1054,1,241.81,0,West,4,Completed
204188,2025-05-04,5126,1072,1,77.72,0.05,West,4,Completed
204189,2025-01-17,5378,1062,1,179.59,0,West,2,Completed
204190,2025-07-16,5070,1036,1,234.87,0.05,South,,Cancelled
204191,2025-02-16,5286,1021,3,118.52,0,South,2,Completed
204192,2024-05-10,5119,1022,1,38.05,0,North,3,Completed
204193,2024-09-07,5464,1002,1,77.64,0.1,West,3,Completed
204194,2024-11-19,5389,1008,2,119.29,0.05,North,5,Completed
204195,2025-04-14,5289,1011,1,33.82,0,West,3,Completed
204196,2024-12-24,5164,1027,6,112.32,0,West,3,Completed
204197,2025-04-15,5017,1019,3,108.43,0.05,North,2,Completed
204198,2025-04-06,5303,1048,10,312.57,0,North,2,Completed
204199,2025-02-20,5296,1013,5,135.88,0.1,South,5,Completed
204200,2024-11-28,5275,1041,2,48.5,0,South,4,Completed
204201,2024-09-29,5469,1035,1,218.82,0.1,South,2,Completed
204202,2024-09-23,5250,1061,2,143.55,0.1,South,6,Completed
204203,2025-06-21,5001,1014,2,35.17,0.15,South,4,Completed
204204,2024-08-07,5481,1015,4,239.39,0.15,West,,Cancelled
204205,2024-11-24,5190,1058,1,210.29,0.05,South,2,Completed
204206,2024-02-08,5167,1064,1,92.98,0,West,2,Completed
204207,2024-10-20,5429,1053,5,197.77,0,East,5,Completed
204208,2024-10-17,5172,1042,1,17.74,0.15,East,5,Completed
204209,2025-02-02,5175,1033,3,148.27,0,South,3,Completed
204210,2025-03-31,5251,1011,1,34.18,0,East,1,Completed
204211,2024-09-22,5488,1044,1,137.38,0.05,West,5,Completed
204212,2024-03-19,5128,1068,2,191.1,0.1,West,2,Completed
204213,2024-09-22,5069,1010,3,83.88,0.1,East,2,Completed
204214,2025-05-14,5150,1014,1,36.46,0.05,North,3,Completed
204215,2025-06-25,5130,1011,6,33.33,0,South,4,Completed
204216,2025-01-03,5223,1051,1,261.18,0.05,East,4,Completed
204217,2024-12-02,5472,1009,3,212.29,0.15,South,3,Returned
204218,2025-11-13,5314,1013,2,120.84,0,North,3,Completed
204219,2025-08-29,5378,1039,1,173.93,0.05,West,4,Completed
204220,2024-06-12,5334,1037,6,130.72,0,West,2,Completed
204221,2024-08-09,5004,1011,8,34.24,0.05,South,4,Completed
204222,2024-10-18,5098,1016,2,61.64,0,East,5,Completed
204223,2024-04-20,5421,1004,5,155.29,0,East,3,Completed
204224,2025-03-22,5155,1040,2,269.7,0.2,West,3,Completed
204225,2024-03-16,5153,1070,1,236.88,0,South,2,Completed
204226,2025-04-13,5339,1050,1,73.1,0.05,South,3,Returned
204227,2025-12-11,5490,1035,1,227.71,0.15,West,5,Completed
204228,2025-07-27,5369,1015,5,223.49,0,West,3,Completed
204229,2024-04-14,5071,1028,4,247.19,0.05,South,7,Completed
204230,2025-07-10,5149,1024,3,109.95,0,West,6,Completed
204231,2025-02-08,5449,1033,2,155.72,0.1,West,8,Completed
204232,2024-05-22,5081,1002,6,77.99,0.2,North,2,Completed
204233,2025-03-27,5275,1055,4,254.57,0,South,5,Completed
204234,2025-10-29,5317,1026,6,68.32,0.05,North,,Cancelled
204235,2025-12-26,5253,1055,2,272.25,0,East,6,Completed
204236,2025-05-13,5443,1064,1,96.58,0,West,5,Completed
204237,2024-01-21,5432,1007,1,163.49,0,South,5,Completed
204238,2024-05-28,5010,1064,2,96.67,0.2,West,2,Completed
204239,2024-03-07,5178,1038,4,216.27,0.2,East,2,Completed
204240,2025-03-20,5092,1063,8,214.96,0.1,South,4,Completed
204241,2024-08-12,5359,1024,1,119.85,0.05,South,4,Completed
204242,2025-10-25,5098,1049,3,25.15,0,East,4,Completed
204243,2024-01-22,5219,1067,10,217.51,0.15,North,4,Completed
204244,2025-04-12,5119,1046,1,71.58,0.05,North,4,Completed
204245,2025-03-12,5037,1011,3,35.37,0.05,South,3,Completed
204246,2024-02-28,5160,1060,4,130.02,0.2,West,1,Completed
204247,2024-01-07,5246,1048,2,300.16,0.1,West,3,Completed
204248,2024-07-21,5296,1052,2,329.51,0.05,South,3,Completed
204249,2024-08-31,5394,1010,1,90.52,0,West,2,Completed
204250,2025-07-19,5400,1033,2,146.56,0.1,West,3,Completed
204251,2024-04-13,5171,1044,5,130.57,0,North,3,Completed
204252,2024-10-28,5035,1045,2,109.99,0.05,South,6,Completed
204253,2024-01-27,5361,1013,2,130.89,0,North,8,Completed
204254,2024-08-22,5414,1055,2,286.26,0.05,North,3,Completed
204255,2024-03-07,5016,1033,2,146.16,0.15,East,2,Completed
204256,2025-12-19,5069,1054,2,269.16,0.1,East,7,Completed
204257,2025-11-25,5364,1026,3,63.14,0.05,West,2,Completed
204258,2025-09-29,5033,1068,2,212.65,0,North,3,Completed
204259,2024-05-22,5227,1041,1,46.5,0.15,North,,Cancelled
204260,2024-09-07,5163,1055,2,255.99,0.1,East,3,Completed
204261,2024-09-01,5431,1027,1,110.14,0,West,,Cancelled
204262,2024-09-03,5207,1021,2,119.04,0.1,North,4,Completed
204263,2024-01-28,5133,1004,6,158.85,0,West,3,Completed
204264,2025-07-14,5214,1039,3,192.71,0.05,South,,Cancelled
204265,2025-05-27,5067,1009,1,212.07,0,East,3,Completed
204266,2024-09-25,5069,1067,1,223.15,0.05,East,,Cancelled
204267,2024-07-07,5229,1025,1,199.38,0.05,North,6,Completed
204268,2025-11-11,5006,1027,1,107.0,0,West,3,Completed
204269,2024-11-10,5110,1027,1,103.56,0,North,1,Completed
204270,2025-02-08,5011,1038,1,205.51,0,North,2,Completed
204271,2025-04-11,5188,1043,1,97.85,0.1,West,8,Completed
204272,2025-11-26,5351,1017,8,79.27,0,North,4,Completed
204273,2025-05-15,5067,1011,4,36.04,0.1,East,4,Completed
204274,2025-08-19,5389,1072,3,80.62,0.15,North,3,Completed
204275,2025-01-14,5244,1057,1,70.54,0,West,2,Completed
204276,2024-03-27,5110,1069,2,176.5,0.05,North,5,Completed
204277,2025-06-02,5022,1036,1,249.84,0,East,3,Completed
204278,2025-02-23,5379,1065,4,67.5,0,South,3,Returned
204279,2024-10-14,5371,1029,2,196.02,0.05,South,8,Completed
204280,2024-11-15,5337,1052,1,333.25,0.05,North,3,Completed
204281,2025-06-06,5249,1041,1,48.46,0.05,North,4,Completed
204282,2025-11-08,5167,1031,1,239.16,0,West,3,Completed
204283,2025-08-20,5098,1031,1,238.3,0.05,East,7,Completed
204284,2024-11-17,5117,1067,5,237.68,0,North,5,Completed
204285,2024-12-29,5494,1010,2,84.51,0,South,6,Completed
204286,2024-12-10,5184,1045,3,118.35,0,South,5,Completed
204287,2025-12-26,5231,1067,2,237.41,0,East,6,Completed
204288,2025-10-21,5276,1022,3,39.71,0.2,West,5,Completed
204289,2025-04-11,5017,1005,3,78.89,0,North,5,Completed
204290,2025-05-21,5317,1040,1,262.09,0,North,3,Completed
204291,2025-01-10,5353,1057,2,73.08,0,South,2,Completed
204292,2025-12-11,5455,1003,2,246.6,0,South,,Cancelled
204293,2024-10-06,5215,1033,2,149.26,0.1,South,7,Completed
204294,2025-12-13,5255,1008,2,110.24,0,East,1,Completed
204295,2025-04-19,5061,1065,1,64.06,0,North,5,Completed
204296,2025-11-06,5355,1037,4,133.04,0,South,3,Completed
204297,2025-06-26,5193,1055,3,284.5,0,West,4,Completed
204298,2024-08-06,5416,1008,1,111.91,0.1,East,8,Completed
204299,2025-03-28,5412,1060,5,123.65,0.05,East,2,Completed
204300,2024-10-17,5207,1021,1,109.09,0.05,North,7,Completed
204301,2024-04-05,5099,1008,4,110.55,0,North,2,Completed
204302,2025-12-06,5136,1046,2,67.26,0.05,North,3,Completed
204303,2025-05-01,5305,1011,1,35.85,0,West,3,Completed
204304,2024-12-28,5374,1020,4,56.08,0,West,5,Returned
204305,2024-08-03,5496,1043,1,96.78,0.15,West,2,Completed
204306,2024-09-21,5038,1044,1,146.32,0.05,West,1,Completed
204307,2025-01-23,5071,1004,1,155.88,0.1,South,2,Completed
204308,2025-01-04,5402,1005,1,79.23,0.2,West,2,Completed
204309,2025-03-24,5443,1055,8,266.23,0.1,West,2,Completed
204310,2024-11-19,5136,1018,1,305.55,0.1,North,4,Completed
204311,2024-10-03,5343,1040,2,274.71,0.1,South,5,Completed
204312,2024-08-02,5169,1041,4,47.06,0.15,East,2,Completed
204313,2025-10-18,5272,1017,1,79.18,0,North,4,Completed
204314,2024-02-02,5437,1040,1,275.45,0,West,4,Completed
204315,2025-06-07,5423,1045,1,118.29,0.05,North,3,Completed
204316,2025-06-04,5331,1022,1,38.22,0.15,East,1,Completed
204317,2024-03-31,5255,1066,5,166.85,0.05,East,2,Completed
204318,2024-05-14,5133,1038,1,213.53,0.1,West,3,Completed
204319,2025-08-02,5147,1036,4,240.96,0,West,3,Completed
204320,2025-03-21,5028,1007,2,166.17,0.15,East,3,Completed
204321,2024-05-08,5280,1056,3,327.02,0,East,,Cancelled
204322,2025-04-18,5107,1064,4,99.42,0.1,East,6,Completed
204323,2025-10-30,5444,1038,1,203.37,0,South,6,Completed
204324,2025-04-24,5131,1004,2,150.09,0.1,South,2,Completed
204325,2024-04-04,5223,1006,1,207.0,0.1,East,8,Completed
204326,2025-10-09,5114,1019,2,100.48,0,North,7,Completed
204327,2025-12-24,5185,1014,1,35.88,0.05,East,2,Completed
204328,2025-10-26,5191,1008,3,120.07,0.2,East,3,Completed
204329,2025-06-27,5346,1066,1,169.12,0,South,3,Completed
204330,2025-03-13,5352,1032,5,221.01,0.05,West,3,Completed
204331,2024-11-09,5135,1044,3,141.04,0,East,5,Completed
204332,2024-04-28,5376,1065,3,65.46,0.1,West,6,Completed
204333,2025-03-25,5349,1019,2,100.5,0,South,4,Completed
204334,2024-06-14,5462,1004,8,156.2,0,West,2,Completed
204335,2025-04-17,5199,1014,4,35.85,0.1,North,3,Completed
204336,2025-02-02,5021,1036,2,248.75,0,East,2,Completed
204337,2024-01-17,5041,1016,6,60.88,0.1,East,4,Completed
204338,2024-02-08,5309,1021,3,112.52,0.05,West,3,Completed
204339,2024-05-18,5407,1068,6,200.72,0,South,3,Completed
204340,2024-11-21,5106,1027,1,114.14,0.1,East,8,Completed
204341,2024-05-16,5234,1025,2,197.84,0,West,5,Completed
204342,2024-12-18,5096,1011,1,34.66,0,West,5,Completed
204343,2024-07-17,5035,1033,3,157.04,0.2,South,3,Returned
204344,2024-12-17,5450,1049,2,23.67,0,West,3,Completed
204345,2024-12-30,5497,1004,2,144.44,0.05,North,3,Completed
204346,2024-02-22,5016,1047,1,200.48,0,East,5,Completed
204347,2024-05-13,5117,1014,10,33.66,0.15,North,2,Completed
204348,2024-12-14,5160,1067,10,229.45,0,West,4,Completed
204349,2025-06-22,5192,1004,2,155.06,0,North,3,Completed
204350,2025-07-28,5089,1004,2,161.64,0.15,North,2,Completed
204351,2024-12-21,5300,1036,3,241.5,0.05,South,3,Completed
204352,2024-08-28,5020,1017,4,79.72,0.1,East,6,Completed
204353,2024-12-25,5265,1060,2,114.88,0.1,South,2,Completed
204354,2025-06-22,5008,1071,4,133.42,0.15,West,3,Completed
204355,2024-12-10,5035,1060,8,116.32,0.1,South,2,Completed
204356,2025-03-30,5013,1007,2,154.57,0,South,4,Completed
204357,2024-12-14,5249,1042,1,16.94,0.2,North,4,Completed
204358,2024-12-09,5050,1039,3,175.33,0.15,East,3,Completed
204359,2025-11-24,5212,1038,2,226.21,0.05,South,2,Completed
204360,2024-10-21,5467,1016,1,62.11,0,North,2,Completed
204361,2025-11-09,5284,1035,1,226.09,0.2,East,3,Completed
204362,2025-01-30,5055,1063,1,233.08,0,West,5,Completed
204363,2024-04-19,5463,1037,5,141.98,0.15,South,3,Completed
204364,2025-03-28,5132,1005,3,83.24,0.05,East,4,Completed
204365,2025-06-29,5377,1047,1,208.29,0,West,1,Completed
204366,2025-04-13,5331,1056,10,315.37,0,East,3,Completed
204367,2025-07-04,5121,1058,1,194.88,0,West,7,Completed
204368,2024-04-22,5143,1028,1,261.3,0.05,North,8,Completed
204369,2024-09-09,5475,1034,2,137.06,0,West,,Cancelled
204370,2025-05-09,5150,1006,1,211.89,0,North,5,Completed
204371,2025-08-16,5192,1051,2,248.86,0.05,North,5,Completed
204372,2025-11-15,5427,1029,3,188.73,0,North,,Cancelled
204373,2024-04-30,5176,1064,2,94.64,0,North,2,Completed
204374,2024-01-05,5437,1032,4,228.05,0,West,4,Completed
204375,2025-01-11,5404,1015,3,245.14,0,North,3,Completed
204376,2024-01-01,5004,1070,1,229.23,0,South,3,Completed
204377,2025-12-15,5311,1006,1,197.96,0.15,East,,Cancelled
204378,2025-10-14,5421,1032,3,228.33,0,East,3,Completed
204379,2024-09-30,5480,1069,3,172.07,0.2,East,4,Completed
204380,2025-05-25,5226,1004,2,148.49,0,West,3,Completed
204381,2024-09-02,5426,1036,2,256.08,0.2,North,5,Completed
204382,2024-11-12,5041,1063,1,220.76,0,East,4,Returned
204383,2024-09-01,5327,1049,3,25.27,0,East,6,Completed
204384,2025-12-25,5457,1062,1,177.31,0,East,8,Completed
204385,2025-03-23,5427,1065,2,65.85,0,North,3,Completed
204386,2024-06-23,5035,1036,2,233.28,0,South,2,Completed
204387,2025-05-27,5376,1065,2,67.08,0.1,West,2,Completed
204388,2024-05-19,5325,1021,1,119.82,0.15,West,4,Completed
204389,2024-05-05,5431,1021,4,117.82,0,West,2,Completed
204390,2025-11-08,5441,1018,1,322.15,0,South,6,Completed
204391,2025-04-09,5180,1054,2,267.81,0,North,3,Returned
204392,2025-10-27,5376,1060,2,120.96,0,West,4,Completed
204393,2024-04-11,5119,1011,4,34.44,0,North,3,Completed
204394,2025-02-13,5472,1058,4,203.69,0.1,South,6,Returned
204395,2024-02-17,5247,1051,1,253.52,0.05,West,3,Completed
204396,2025-08-23,5329,1018,1,308.7,0,East,3,Completed
204397,2025-08-09,5032,1037,2,139.19,0.05,North,3,Completed
204398,2025-01-04,5074,1060,1,121.17,0,West,4,Completed
204399,2025-12-09,5284,1047,5,210.24,0,East,3,Completed
204400,2025-10-22,5348,1030,4,130.06,0,East,5,Completed
204401,2025-02-28,5072,1040,2,264.62,0.05,West,5,Completed
204402,2024-09-10,5045,1033,1,162.98,0.05,East,5,Completed
204403,2024-01-21,5123,1031,1,257.76,0,East,3,Returned
204404,2024-12-28,5011,1052,2,321.03,0,North,3,Completed
204405,2024-12-30,5357,1038,2,207.62,0,East,3,Completed
204406,2024-12-20,5235,1033,8,144.79,0,East,3,Completed
204407,2024-07-23,5293,1070,2,232.71,0.15,West,3,Completed
204408,2025-03-10,5497,1051,2,250.98,0.15,North,2,Returned
204409,2025-12-30,5431,1070,2,229.22,0.15,West,4,Completed
204410,2025-10-31,5035,1060,1,120.48,0.15,South,1,Completed
204411,2025-03-18,5063,1015,5,230.91,0.15,North,3,Completed
204412,2025-08-29,5361,1022,4,38.42,0.05,North,2,Completed
204413,2024-04-29,5269,1047,2,201.31,0,North,4,Completed
204414,2024-04-02,5311,1007,1,166.3,0.05,East,5,Completed
204415,2025-09-13,5417,1010,3,87.47,0.2,North,4,Completed
204416,2024-01-10,5347,1017,8,71.9,0,South,2,Completed
204417,2025-10-14,5398,1047,1,197.96,0,South,5,Completed
204418,2024-10-04,5088,1040,1,269.69,0,East,3,Completed
204419,2025-09-08,5112,1031,3,235.27,0,South,2,Completed
204420,2024-05-11,5068,1050,3,74.82,0,West,2,Completed
204421,2024-11-17,5330,1064,5,102.9,0.1,South,1,Completed
204422,2024-03-03,5141,1021,1,118.62,0,West,3,Completed
204423,2025-01-12,5250,1036,8,254.61,0.05,South,3,Completed
204424,2024-02-25,5095,1066,3,170.23,0.15,West,3,Completed
204425,2024-10-03,5072,1034,6,129.69,0,West,4,Completed
204426,2024-04-08,5240,1062,1,186.08,0.05,North,3,Completed
204427,2025-05-15,5476,1017,3,74.36,0,East,3,Completed
204428,2025-03-24,5204,1009,2,206.5,0.15,East,3,Completed
204429,2024-10-22,5475,1014,1,34.25,0.15,West,2,Completed
204430,2025-08-17,5457,1032,4,217.01,0.1,East,3,Completed
204431,2024-05-22,5237,1007,2,149.5,0.15,East,,Cancelled
204432,2024-08-15,5453,1033,2,152.64,0,North,5,Completed
204433,2025-05-31,5277,1043,1,90.93,0,East,4,Completed
204434,2024-05-14,5427,1009,3,209.53,0,North,2,Completed
204435,2024-05-31,5308,1015,2,242.75,0,North,,Cancelled
204436,2025-04-18,5186,1041,1,44.94,0,North,5,Completed
204437,2025-11-20,5046,1054,1,263.82,0.1,North,5,Completed
204438,2025-09-04,5370,1042,1,16.21,0,West,3,Completed
204439,2025-02-05,5449,1028,1,266.3,0.1,West,4,Completed
204440,2025-08-25,5407,1054,1,272.85,0.05,South,4,Completed
204441,2025-04-19,5324,1008,1,115.08,0.15,East,4,Completed
204442,2024-06-09,5123,1041,1,49.27,0.05,East,6,Completed
204443,2024-11-23,5472,1070,1,219.9,0.05,South,4,Completed
204444,2024-02-10,5191,1028,2,263.55,0.15,East,2,Completed
204445,2024-12-16,5500,1018,5,320.68,0.05,West,3,Completed
204446,2025-02-16,5170,1037,2,138.47,0,North,3,Completed
204447,2024-09-04,5237,1004,4,147.47,0.05,East,4,Completed
204448,2024-12-28,5420,1049,10,25.21,0.05,East,4,Completed
204449,2024-12-08,5481,1009,2,200.65,0,West,3,Completed
204450,2024-03-10,5105,1041,2,48.23,0,West,8,Completed
204451,2025-01-02,5203,1050,2,76.12,0.15,West,5,Completed
204452,2025-10-17,5007,1006,6,196.66,0,East,5,Returned
204453,2025-08-06,5079,1024,3,117.52,0.05,North,2,Completed
204454,2024-07-07,5289,1021,1,111.45,0,West,,Cancelled
204455,2025-08-24,5181,1062,4,184.65,0,East,2,Completed
204456,2024-02-16,5204,1053,1,200.92,0.15,East,1,Completed
204457,2024-02-17,5317,1061,1,144.1,0,North,4,Completed
204458,2025-09-26,5063,1003,2,254.27,0.1,North,8,Completed
204459,2024-06-19,5098,1020,2,63.42,0,East,4,Completed
204460,2025-08-04,5479,1040,1,272.15,0,West,3,Completed
204461,2024-07-21,5331,1043,6,99.96,0,East,4,Completed
204462,2025-05-25,5337,1038,3,226.08,0,North,3,Completed
204463,2024-11-06,5080,1040,10,266.82,0,North,4,Completed
204464,2025-11-27,5221,1001,3,162.13,0,North,,Cancelled
204465,2024-01-17,5082,1046,1,73.25,0,East,3,Completed
204466,2024-07-07,5293,1062,2,174.65,0.15,West,6,Completed
204467,2025-04-03,5074,1042,1,17.7,0,West,4,Completed
204468,2025-07-07,5452,1053,3,218.18,0,North,4,Completed
204469,2024-06-30,5139,1060,3,124.41,0,West,6,Completed
204470,2025-02-11,5221,1054,2,250.39,0.15,North,4,Completed
204471,2025-07-13,5198,1012,2,216.94,0.05,West,5,Completed
204472,2025-12-13,5198,1067,2,237.39,0.2,West,3,Completed
204473,2024-01-20,5129,1033,3,156.12,0.1,South,6,Completed
204474,2025-06-16,5185,1011,3,36.04,0,East,,Cancelled
204475,2024-10-06,5118,1039,2,187.5,0.05,North,2,Completed
204476,2024-09-10,5052,1070,1,219.09,0.05,West,3,Completed
204477,2024-05-18,5300,1009,4,223.46,0,South,4,Completed
204478,2025-10-08,5402,1032,2,235.93,0,West,,Cancelled
204479,2024-06-12,5449,1021,1,108.95,0,West,5,Returned
204480,2024-01-07,5093,1004,1,146.13,0,North,2,Completed
204481,2025-02-08,5100,1032,3,221.78,0.05,West,1,Completed
204482,2024-03-22,5284,1023,1,201.77,0,East,6,Completed
204483,2024-02-05,5248,1024,1,108.36,0,South,5,Completed
204484,2025-11-10,5126,1013,2,134.69,0,West,4,Completed
204485,2025-12-16,5008,1001,1,174.51,0.05,West,5,Completed
204486,2025-01-20,5488,1060,5,127.27,0.15,West,2,Completed
204487,2025-06-26,5151,1040,10,273.88,0.1,South,5,Completed
204488,2024-03-15,5059,1048,3,312.84,0,North,2,Completed
204489,2025-12-07,5500,1008,1,116.44,0,West,2,Completed
204490,2024-02-24,5017,1033,1,157.47,0.2,North,1,Completed
204491,2024-07-25,5446,1070,3,218.74,0.05,South,2,Completed
204492,2025-11-13,5058,1049,1,25.26,0.15,North,2,Completed
204493,2025-07-13,5136,1010,3,86.02,0.1,North,3,Completed
204494,2024-05-31,5083,1047,1,194.56,0,West,2,Completed
204495,2024-10-24,5240,1045,8,107.3,0.1,North,3,Completed
204496,2024-04-13,5348,1004,1,145.33,0,East,5,Completed
204497,2025-07-03,5473,1060,1,117.23,0.05,East,2,Completed
204498,2025-02-10,5097,1065,4,63.28,0,East,1,Completed
204499,2025-09-21,5088,1006,1,215.27,0.05,East,3,Completed
204500,2024-10-16,5329,1003,1,246.46,0.1,East,,Cancelled
204501,2024-03-17,5268,1036,2,256.44,0,East,1,Completed
204502,2024-11-23,5133,1065,1,65.07,0.15,West,2,Completed
204503,2024-09-13,5255,1065,3,61.38,0,East,4,Completed
204504,2025-10-28,5117,1004,1,143.95,0,North,7,Completed
204505,2024-12-01,5119,1042,1,16.03,0,North,2,Completed
204506,2024-09-05,5329,1057,1,64.95,0,East,5,Returned
204507,2024-05-13,5281,1031,1,232.36,0.1,West,2,Completed
204508,2024-07-19,5015,1055,2,274.99,0,South,1,Completed
204509,2024-11-06,5016,1023,1,199.71,0,East,4,Completed
204510,2024-03-20,5140,1061,2,145.88,0.05,East,3,Completed
204511,2025-08-03,5416,1057,2,66.45,0,East,4,Completed
204512,2024-02-27,5084,1033,3,155.82,0,North,4,Completed
204513,2025-07-09,5042,1032,2,239.96,0.05,East,,Cancelled
204514,2024-12-09,5052,1036,2,245.98,0.05,West,3,Completed
204515,2024-05-12,5037,1044,2,138.57,0,South,4,Completed
204516,2025-04-05,5405,1013,1,127.79,0.15,West,7,Completed
204517,2024-05-12,5389,1006,3,197.51,0.05,North,8,Returned
204518,2024-11-08,5491,1030,5,140.57,0,South,3,Completed
204519,2024-03-01,5098,1020,2,61.13,0.05,East,4,Completed
204520,2025-04-30,5269,1072,2,74.19,0.05,North,3,Completed
204521,2024-08-08,5088,1025,1,204.66,0,East,1,Completed
204522,2024-01-31,5359,1033,3,151.23,0.05,South,3,Returned
204523,2024-11-11,5366,1068,1,191.8,0,East,3,Completed
204524,2024-08-26,5300,1072,4,75.9,0.1,South,4,Completed
204525,2025-07-20,5309,1010,2,85.78,0,West,8,Completed
204526,2024-12-07,5243,1032,5,238.29,0.1,North,,Cancelled
204527,2025-02-03,5459,1001,1,162.46,0,South,3,Completed
204528,2024-04-29,5400,1008,5,114.44,0,West,2,Completed
204529,2024-06-30,5452,1044,2,144.18,0,North,,Cancelled
204530,2025-03-05,5271,1072,1,72.78,0,South,3,Completed
204531,2024-04-30,5187,1047,5,194.13,0.15,East,6,Completed
204532,2024-03-27,5479,1019,2,106.31,0,West,3,Completed
204533,2025-05-04,5291,1043,1,96.3,0.1,South,4,Completed
204534,2025-10-02,5154,1023,2,210.76,0.05,South,2,Completed
204535,2024-05-05,5320,1015,2,241.08,0.1,West,,Cancelled
204536,2025-11-07,5089,1033,1,153.2,0.05,North,3,Completed
204537,2024-07-28,5130,1057,3,69.4,0.05,South,3,Completed
204538,2025-01-03,5392,1016,1,60.92,0,North,3,Completed
204539,2025-06-25,5484,1010,1,85.91,0.15,North,4,Completed
204540,2024-12-13,5121,1007,4,152.77,0.05,West,,Cancelled
204541,2024-03-19,5379,1026,2,65.38,0,South,3,Completed
204542,2025-05-04,5487,1031,3,259.99,0.2,West,3,Completed
204543,2025-10-12,5382,1007,1,156.11,0,East,5,Completed
204544,2024-04-26,5303,1050,2,78.28,0.15,North,3,Completed
204545,2025-09-13,5229,1040,4,283.88,0.1,North,4,Completed
204546,2025-01-30,5252,1005,2,78.78,0.1,West,2,Completed
204547,2024-04-14,5298,1002,1,76.52,0,North,2,Completed
204548,2024-01-02,5213,1006,4,216.62,0,North,2,Returned
204549,2025-03-01,5476,1070,8,220.15,0.05,East,2,Completed
204550,2024-03-02,5474,1023,5,205.69,0,East,4,Completed
204551,2024-02-07,5073,1048,3,312.81,0.1,West,5,Completed
204552,2025-06-01,5386,1058,1,210.64,0.15,West,3,Completed
204553,2024-05-19,5143,1035,1,243.51,0,North,2,Completed
204554,2025-03-09,5362,1069,10,165.99,0.05,West,4,Completed
204555,2025-09-05,5432,1042,3,16.37,0,South,3,Completed
204556,2025-05-16,5224,1028,3,249.14,0,West,3,Completed
204557,2025-08-11,5256,1062,4,189.47,0.05,East,2,Completed
204558,2024-01-17,5228,1056,3,327.19,0,East,2,Completed
204559,2024-04-15,5140,1069,4,167.33,0.1,East,1,Completed
204560,2025-03-20,5122,1044,5,143.61,0.05,West,4,Completed
204561,2025-03-11,5317,1050,5,75.62,0,North,4,Completed
204562,2024-01-18,5465,1051,1,235.68,0,South,1,Returned
204563,2024-05-12,5257,1038,3,223.0,0,West,3,Completed
204564,2024-01-24,5054,1068,1,203.32,0,East,1,Completed
204565,2024-11-25,5179,1030,1,133.85,0,East,3,Completed
204566,2025-08-27,5396,1059,4,133.19,0.1,South,4,Completed
204567,2025-04-14,5186,1042,2,16.88,0.15,North,5,Returned
204568,2024-06-07,5373,1046,1,74.62,0.15,West,5,Completed
204569,2025-03-05,5425,1038,3,202.3,0.05,East,3,Completed
204570,2024-06-10,5167,1022,2,36.65,0.05,West,3,Completed
204571,2024-12-01,5352,1055,1,270.77,0.05,West,4,Completed
204572,2024-05-25,5300,1007,1,152.95,0.05,South,3,Completed
204573,2024-09-25,5031,1072,2,81.79,0.1,South,3,Completed
204574,2025-04-26,5213,1041,1,45.9,0.05,North,4,Returned
204575,2025-01-19,5104,1062,1,179.45,0.05,South,3,Completed
204576,2024-06-20,5371,1056,1,312.42,0,South,5,Completed
204577,2025-02-21,5105,1034,2,138.04,0,West,3,Completed
204578,2025-10-28,5267,1023,2,208.99,0.05,North,4,Completed
204579,2024-02-12,5355,1065,3,65.36,0.05,South,5,Completed
204580,2024-02-19,5413,1050,1,80.02,0.1,North,,Cancelled
204581,2025-05-31,5119,1008,1,118.18,0,North,3,Completed
204582,2024-02-25,5335,1056,3,350.6,0.05,East,2,Completed
204583,2025-07-07,5242,1071,1,119.51,0.15,East,3,Completed
204584,2025-02-27,5213,1063,2,215.13,0,North,3,Completed
204585,2025-01-21,5392,1059,2,141.27,0,North,2,Completed
204586,2024-04-23,5461,1065,4,63.02,0.05,West,5,Completed
204587,2024-04-20,5370,1015,1,239.03,0.05,West,3,Returned
204588,2025-07-04,5121,1007,4,152.55,0,West,4,Completed
204589,2024-07-29,5450,1011,3,36.81,0,West,4,Completed
204590,2025-04-20,5173,1004,2,145.87,0,West,5,Completed
204591,2025-03-26,5008,1050,1,73.31,0.05,West,5,Completed
204592,2025-05-03,5157,1065,1,69.53,0.15,West,7,Completed
204593,2024-09-18,5288,1032,2,239.3,0.15,North,3,Completed
204594,2025-08-20,5028,1023,2,199.94,0,East,2,Completed
204595,2024-06-10,5086,1005,4,81.29,0.2,North,2,Completed
204596,2024-06-13,5237,1015,1,251.53,0,East,4,Completed
204597,2025-08-28,5458,1011,4,36.75,0.05,South,5,Completed
204598,2025-01-28,5184,1011,1,35.81,0.05,South,4,Completed
204599,2025-02-07,5142,1041,1,45.36,0,North,3,Completed
204600,2024-01-31,5122,1001,8,171.89,0,West,8,Completed
204601,2025-01-19,5450,1068,2,211.26,0,West,5,Completed
204602,2025-05-14,5258,1061,2,157.85,0,East,3,Completed
204603,2025-09-22,5232,1006,1,210.77,0,West,7,Completed
204604,2024-05-11,5463,1006,3,209.0,0,South,4,Returned
204605,2025-12-29,5237,1062,3,186.04,0,East,3,Completed
204606,2024-04-18,5345,1032,1,235.07,0,East,4,Completed
204607,2025-01-29,5066,1012,2,217.19,0,West,3,Returned
204608,2025-05-29,5332,1023,3,190.89,0,North,4,Completed
204609,2025-12-04,5205,1063,1,218.41,0,East,1,Returned
204610,2025-06-17,5465,1051,1,245.03,0,South,4,Returned
204611,2025-11-24,5187,1054,5,273.02,0,East,6,Completed
204612,2025-03-06,5023,1031,1,250.52,0,North,3,Returned
204613,2024-11-17,5452,1048,2,291.25,0.15,North,2,Completed
204614,2024-07-11,5172,1054,1,243.03,0,East,2,Completed
204615,2024-03-09,5203,1052,1,329.7,0,West,6,Completed
204616,2025-07-25,5231,1040,3,273.03,0,East,3,Completed
204617,2025-10-04,5247,1065,2,66.12,0,West,6,Completed
204618,2024-06-14,5030,1045,1,110.48,0.1,South,6,Completed
204619,2024-12-21,5094,1024,3,110.06,0,East,1,Completed
204620,2025-05-09,5062,1018,2,301.49,0.1,West,3,Completed
204621,2025-09-12,5105,1014,4,33.52,0.15,West,8,Completed
204622,2025-06-20,5334,1003,2,244.02,0.1,West,5,Completed
204623,2024-01-13,5089,1025,2,203.55,0,North,3,Completed
204624,2025-02-04,5233,1048,1,308.98,0.1,East,5,Completed
204625,2024-01-09,5001,1039,3,188.65,0,South,3,Completed
204626,2024-05-10,5010,1028,2,251.62,0.1,West,4,Completed
204627,2024-11-28,5196,1027,3,114.41,0.1,North,2,Completed
204628,2025-12-08,5286,1066,1,178.13,0,South,1,Completed
204629,2025-11-19,5432,1055,2,287.72,0.05,South,7,Completed
204630,2025-07-29,5339,1009,6,221.01,0.2,South,4,Completed
204631,2025-05-29,5049,1021,2,107.98,0.1,East,7,Completed
204632,2025-03-10,5327,1051,1,259.85,0.05,East,3,Completed
204633,2024-03-16,5090,1065,1,64.06,0.2,North,4,Completed
204634,2024-07-16,5173,1002,3,76.43,0.05,West,4,Completed
204635,2024-02-01,5308,1036,2,251.3,0,North,2,Completed
204636,2025-11-06,5381,1014,3,33.0,0.1,North,4,Completed
204637,2025-02-28,5488,1043,1,89.21,0.05,West,5,Completed
204638,2024-02-25,5402,1032,2,226.6,0.05,West,1,Completed
204639,2024-12-03,5359,1051,5,255.35,0.05,South,4,Completed
204640,2024-06-12,5257,1046,3,70.72,0.05,West,6,Completed
204641,2025-12-31,5466,1001,1,162.83,0.05,East,3,Completed
204642,2024-09-08,5295,1012,1,224.82,0.15,West,5,Completed
204643,2024-06-19,5071,1066,3,165.47,0.1,South,,Cancelled
204644,2025-11-03,5430,1042,6,15.73,0.05,South,5,Completed
204645,2025-07-29,5068,1040,2,279.51,0,West,5,Completed
204646,2025-04-14,5132,1041,4,46.22,0,East,4,Completed
204647,2025-07-02,5122,1070,2,236.22,0,West,7,Completed
204648,2025-12-25,5469,1005,5,82.19,0.05,South,4,Returned
204649,2025-06-11,5382,1057,8,70.49,0.05,East,5,Completed
204650,2025-08-28,5392,1047,2,191.89,0,North,5,Completed
204651,2025-10-14,5045,1020,2,61.78,0,East,4,Completed
204652,2025-12-23,5210,1005,2,80.57,0.2,South,1,Completed
204653,2024-08-16,5072,1004,3,153.91,0.05,West,7,Returned
204654,2025-08-14,5081,1002,2,78.92,0,North,3,Completed
204655,2024-07-23,5484,1003,1,260.67,0.1,North,8,Completed
204656,2025-03-06,5193,1047,2,205.12,0,West,1,Completed
204657,2025-05-17,5208,1042,4,16.94,0.1,North,3,Completed
204658,2024-09-23,5018,1041,2,44.31,0.05,North,3,Completed
204659,2025-08-27,5306,1001,10,162.49,0,North,,Cancelled
204660,2025-05-22,5282,1069,1,178.98,0.05,East,4,Completed
204661,2025-06-30,5258,1055,5,287.58,0,East,2,Completed
204662,2025-03-08,5302,1023,2,212.94,0,West,5,Completed
204663,2025-12-03,5459,1007,1,147.8,0,South,2,Completed
204664,2024-05-05,5151,1050,3,79.33,0,South,1,Completed
204665,2024-02-05,5037,1008,2,112.35,0.15,South,3,Completed
204666,2025-10-07,5389,1030,2,136.06,0,North,4,Completed
204667,2025-07-21,5420,1005,1,81.53,0,East,7,Completed
204668,2024-03-10,5194,1064,1,92.48,0,East,3,Completed
204669,2025-10-14,5478,1070,4,231.94,0,West,2,Completed
204670,2024-07-20,5495,1006,3,191.32,0.15,North,3,Completed
204671,2024-03-05,5339,1037,1,139.74,0,South,5,Completed
204672,2024-05-22,5019,1030,2,136.36,0,South,3,Completed
204673,2024-02-07,5437,1056,2,342.49,0,West,,Cancelled
204674,2024-03-13,5296,1041,4,43.95,0.1,South,2,Returned
204675,2025-07-17,5314,1061,2,154.13,0,North,2,Completed
204676,2025-06-06,5271,1013,1,129.19,0.05,South,2,Completed
204677,2025-12-23,5320,1058,2,206.99,0,West,6,Completed
204678,2024-12-22,5242,1016,2,55.72,0.05,East,2,Returned
204679,2024-03-20,5444,1014,2,34.39,0,South,3,Completed
204680,2025-05-20,5432,1058,1,216.63,0.1,South,4,Completed
204681,2024-02-04,5283,1018,1,341.04,0,South,8,Completed
204682,2024-10-03,5164,1057,2,66.37,0.1,West,4,Completed
204683,2025-03-03,5007,1027,2,104.18,0.05,East,6,Completed
204684,2025-09-03,5087,1035,6,228.55,0,North,6,Completed
204685,2025-02-18,5033,1025,5,193.76,0,North,3,Completed
204686,2024-11-19,5356,1040,2,271.54,0,East,3,Completed
204687,2025-11-25,5414,1039,4,194.24,0.05,North,3,Completed
204688,2025-11-01,5369,1054,3,263.85,0.2,West,5,Completed
204689,2024-04-15,5188,1014,1,36.41,0,West,5,Completed
204690,2024-03-17,5279,1045,2,112.0,0.1,South,1,Completed
204691,2025-11-07,5189,1008,5,108.67,0.2,East,4,Completed
204692,2024-08-02,5104,1065,5,64.96,0,South,,Cancelled
204693,2024-06-30,5360,1008,1,109.29,0.2,East,6,Completed
204694,2025-01-20,5154,1045,1,112.66,0,South,2,Completed
204695,2024-05-21,5154,1047,1,190.86,0,South,6,Completed
204696,2025-04-26,5448,1044,6,137.12,0.05,North,4,Completed
204697,2024-06-19,5004,1026,10,69.65,0.1,South,,Cancelled
204698,2025-01-21,5238,1012,2,234.47,0.05,East,4,Completed
204699,2025-10-09,5353,1066,6,162.55,0.2,South,3,Completed
204700,2024-08-08,5413,1024,1,113.19,0.05,North,8,Completed
204701,2025-03-30,5241,1072,3,73.41,0,West,8,Completed
204702,2025-09-17,5097,1016,3,55.52,0.2,East,5,Completed
204703,2025-12-19,5494,1023,2,209.93,0.05,South,5,Completed
204704,2024-07-08,5438,1051,3,253.36,0,North,6,Completed
204705,2024-12-15,5185,1036,1,236.46,0.05,East,4,Completed
204706,2024-03-28,5272,1031,1,241.31,0.15,North,2,Completed
204707,2025-06-01,5104,1021,2,112.0,0,South,4,Completed
204708,2025-08-16,5158,1058,2,205.23,0,East,3,Completed
204709,2025-08-21,5407,1065,3,62.56,0,South,5,Completed
204710,2025-06-21,5188,1008,5,116.49,0,West,3,Completed
204711,2024-11-01,5492,1027,1,114.2,0.05,East,7,Completed
204712,2024-01-21,5090,1027,5,105.12,0.05,North,4,Completed
204713,2025-02-08,5334,1038,5,205.78,0,West,3,Completed
204714,2025-07-21,5125,1003,1,268.71,0,South,7,Completed
204715,2024-01-15,5078,1066,1,163.85,0.15,West,1,Completed
204716,2025-11-14,5423,1037,2,136.36,0.05,North,8,Completed
204717,2025-11-27,5131,1029,8,207.38,0,South,2,Completed
204718,2025-01-19,5211,1031,10,246.89,0.2,South,3,Completed
204719,2024-03-15,5163,1040,1,271.9,0.05,East,6,Completed
204720,2024-06-04,5438,1049,2,25.16,0,North,4,Completed
204721,2025-06-23,5262,1040,1,283.13,0.1,South,5,Completed
204722,2024-07-06,5379,1008,5,117.31,0,South,4,Completed
204723,2025-09-19,5227,1034,1,140.31,0.1,North,6,Completed
204724,2024-05-17,5369,1049,1,23.86,0.2,West,4,Returned
204725,2024-10-21,5280,1070,2,238.31,0.15,East,2,Completed
204726,2024-12-23,5039,1056,1,317.98,0.05,West,2,Completed
204727,2024-12-20,5269,1025,1,198.93,0.1,North,5,Completed
204728,2025-12-04,5329,1002,1,69.83,0.05,East,3,Completed
204729,2024-12-20,5338,1004,3,151.65,0.1,East,2,Completed
204730,2024-08-27,5277,1044,3,138.85,0.1,East,2,Returned
204731,2024-12-31,5234,1041,4,49.37,0,West,6,Completed
204732,2024-10-26,5356,1022,2,39.82,0,East,2,Completed
204733,2024-03-14,5491,1071,3,128.55,0,South,8,Completed
204734,2024-04-23,5182,1018,5,306.03,0.05,West,5,Completed
204735,2024-06-19,5214,1056,1,313.9,0,South,5,Completed
204736,2024-10-12,5365,1018,3,325.83,0,South,2,Completed
204737,2025-01-09,5127,1022,4,38.74,0,North,5,Completed
204738,2025-07-28,5404,1031,8,254.28,0,North,7,Completed
204739,2025-05-08,5499,1030,2,139.28,0,South,3,Completed
204740,2024-12-30,5432,1072,1,72.72,0,South,3,Completed
204741,2024-10-21,5131,1013,3,129.55,0.1,South,1,Completed
204742,2024-12-06,5164,1003,4,266.27,0,West,,Cancelled
204743,2025-11-07,5438,1064,2,93.8,0.1,North,2,Completed
204744,2025-05-14,5109,1060,1,118.38,0,East,3,Completed
204745,2025-08-04,5294,1030,1,145.56,0,West,5,Completed
204746,2024-07-24,5006,1004,2,160.58,0.05,West,4,Completed
204747,2025-02-09,5469,1068,6,200.65,0.1,South,5,Completed
204748,2025-02-18,5307,1049,1,23.79,0,West,4,Completed
204749,2025-04-26,5393,1038,1,214.92,0.05,South,2,Completed
204750,2025-05-28,5265,1027,2,113.73,0.15,South,4,Completed
204751,2024-01-05,5300,1037,2,130.8,0.1,South,1,Completed
204752,2025-05-09,5203,1043,2,93.86,0.05,West,,Cancelled
204753,2025-07-26,5288,1038,1,211.75,0.1,North,3,Returned
204754,2025-04-15,5268,1009,1,199.19,0.05,East,3,Completed
204755,2024-10-01,5250,1050,4,74.36,0.15,South,4,Completed
204756,2025-10-01,5006,1027,2,104.53,0.05,West,4,Completed
204757,2024-02-12,5435,1051,2,235.98,0,South,5,Completed
204758,2024-08-30,5429,1060,5,118.39,0,East,5,Completed
204759,2025-04-11,5251,1039,1,186.95,0,East,,Cancelled
204760,2025-04-19,5335,1058,4,194.55,0.2,East,8,Completed
204761,2024-03-10,5235,1069,2,183.9,0.1,East,3,Completed
204762,2024-08-26,5246,1058,1,211.06,0.15,West,5,Completed
204763,2024-12-17,5129,1003,6,274.04,0,South,4,Completed
204764,2025-06-15,5050,1007,1,161.76,0.1,East,3,Completed
204765,2025-03-15,5453,1041,1,46.7,0,North,4,Completed
204766,2025-12-02,5083,1014,4,34.46,0,West,1,Completed
204767,2025-08-13,5369,1055,2,259.83,0.05,West,3,Completed
204768,2024-05-01,5158,1009,2,224.3,0,East,6,Completed
204769,2024-04-23,5215,1058,2,211.88,0.1,South,,Cancelled
204770,2025-07-20,5282,1009,5,200.56,0.05,East,,Cancelled
204771,2025-07-29,5435,1063,5,234.28,0.05,South,2,Completed
204772,2025-10-01,5296,1009,1,200.08,0.05,South,4,Completed
204773,2024-12-08,5347,1072,1,73.07,0.1,South,5,Completed
204774,2025-03-02,5110,1059,2,132.96,0,North,3,Completed
204775,2025-03-21,5253,1016,4,60.17,0,East,5,Completed
204776,2024-01-03,5139,1040,3,283.48,0,West,3,Completed
204777,2024-09-01,5024,1020,10,59.09,0,East,7,Completed
204778,2025-09-13,5021,1057,2,66.15,0.05,East,5,Completed
204779,2024-11-08,5258,1043,6,91.77,0.1,East,4,Completed
204780,2025-01-18,5249,1020,5,59.53,0.15,North,2,Completed
204781,2025-10-08,5211,1053,1,212.16,0,South,3,Completed
204782,2025-07-27,5462,1060,8,118.23,0.2,West,4,Completed
204783,2024-03-02,5466,1009,1,217.5,0.2,East,2,Completed
204784,2025-03-16,5332,1008,2,113.34,0,North,4,Completed
204785,2025-05-01,5002,1014,1,32.71,0,North,6,Completed
204786,2024-03-01,5180,1049,1,23.84,0.15,North,3,Completed
204787,2024-12-26,5254,1060,4,116.15,0,West,2,Completed
204788,2024-04-15,5230,1060,1,114.56,0.2,East,6,Completed
204789,2024-07-01,5390,1038,2,216.68,0.05,South,,Cancelled
204790,2024-08-03,5013,1038,3,219.74,0,South,3,Completed
204791,2025-03-24,5070,1022,3,40.45,0,South,3,Completed
204792,2024-11-22,5119,1009,10,210.41,0,North,3,Completed
204793,2025-01-28,5028,1037,10,146.02,0.05,East,1,Completed
204794,2025-09-27,5105,1056,3,341.73,0,West,4,Completed
204795,2025-02-06,5017,1024,1,117.32,0,North,8,Returned
204796,2024-05-18,5116,1012,4,235.66,0,West,3,Completed
204797,2025-02-19,5225,1056,1,321.45,0,North,,Cancelled
204798,2024-10-11,5326,1023,10,209.81,0,South,8,Completed
204799,2024-12-08,5143,1029,1,202.22,0.2,North,6,Completed
204800,2025-11-12,5239,1071,2,134.89,0,South,4,Completed
204801,2025-04-08,5489,1043,1,98.42,0,East,5,Completed
204802,2025-01-29,5388,1072,1,76.51,0,East,3,Completed
204803,2024-01-12,5016,1057,2,69.13,0,East,,Cancelled
204804,2025-09-29,5187,1021,1,114.79,0,East,,Cancelled
204805,2024-10-23,5409,1035,4,238.48,0,West,4,Completed
204806,2025-08-26,5436,1070,1,229.92,0.15,West,4,Completed
204807,2024-09-09,5448,1052,1,308.24,0,North,4,Completed
204808,2024-03-30,5033,1047,4,208.39,0.05,North,4,Completed
204809,2025-08-22,5186,1010,5,87.72,0,North,1,Completed
204810,2024-07-21,5089,1059,5,131.76,0.1,North,4,Completed
204811,2025-10-01,5343,1009,2,202.71,0,South,,Cancelled
204812,2024-04-01,5138,1054,3,245.46,0,East,4,Completed
204813,2024-12-09,5469,1056,4,340.24,0,South,3,Completed
204814,2024-02-10,5450,1058,2,193.56,0.2,West,3,Completed
204815,2024-06-20,5354,1014,2,34.82,0.05,North,1,Completed
204816,2025-09-07,5431,1072,3,80.07,0,West,7,Completed
204817,2024-05-19,5284,1016,2,61.79,0,East,3,Returned
204818,2025-06-17,5373,1002,1,75.24,0.05,West,6,Completed
204819,2024-02-12,5169,1066,1,163.23,0,East,5,Completed
204820,2025-07-20,5175,1005,1,76.51,0.1,South,3,Completed
204821,2024-12-15,5486,1029,2,194.35,0.1,West,,Cancelled
204822,2025-10-11,5411,1005,1,76.72,0,West,3,Completed
204823,2025-03-04,5213,1039,1,174.98,0.05,North,7,Completed
204824,2025-04-03,5149,1056,4,316.36,0,West,4,Completed
204825,2025-08-02,5371,1045,1,105.64,0.1,South,5,Completed
204826,2025-07-27,5137,1066,1,172.73,0.15,South,4,Completed
204827,2025-02-02,5434,1023,2,193.42,0,North,4,Completed
204828,2025-01-13,5133,1056,3,349.89,0,West,2,Completed
204829,2024-12-28,5215,1051,5,233.32,0.05,South,1,Completed
204830,2024-02-28,5295,1045,6,115.72,0.05,West,3,Completed
204831,2024-10-04,5052,1051,2,253.1,0,West,7,Completed
204832,2024-07-13,5450,1042,1,16.16,0,West,3,Completed
204833,2025-07-19,5076,1035,2,223.92,0,South,2,Returned
204834,2025-01-06,5112,1047,1,201.9,0,South,1,Completed
204835,2024-07-23,5166,1065,1,65.67,0.2,East,3,Completed
204836,2024-05-24,5325,1036,2,249.14,0.05,West,6,Completed
204837,2024-01-16,5064,1023,2,192.7,0,East,3,Completed
204838,2024-05-25,5469,1054,2,248.47,0,South,,Cancelled
204839,2024-03-25,5276,1031,2,238.38,0,West,4,Completed
204840,2024-12-13,5314,1045,2,115.64,0.05,North,7,Completed
204841,2025-06-10,5083,1018,5,329.01,0,West,1,Completed
204842,2025-01-06,5067,1038,1,218.13,0.1,East,4,Completed
204843,2024-08-16,5137,1059,3,143.14,0,South,5,Completed
204844,2025-09-28,5145,1032,3,220.24,0,East,4,Completed
204845,2025-03-17,5424,1068,3,210.39,0.2,South,4,Completed
204846,2025-03-08,5455,1055,8,270.27,0,South,4,Completed
204847,2025-12-30,5385,1007,1,153.48,0.15,South,4,Returned
204848,2024-09-09,5261,1033,5,143.71,0,South,2,Completed
204849,2025-04-25,5280,1058,4,210.56,0.1,East,2,Completed
204850,2024-05-25,5478,1037,1,139.59,0,West,2,Completed
204851,2025-05-19,5066,1047,4,195.39,0,West,3,Completed
204852,2024-06-17,5174,1007,3,165.22,0.05,West,,Cancelled
204853,2024-04-12,5096,1012,1,240.92,0,West,2,Returned
204854,2025-06-27,5194,1025,4,200.81,0.1,East,4,Completed
204855,2024-06-29,5259,1039,1,186.84,0.1,North,3,Completed
204856,2024-09-09,5461,1072,2,76.89,0.05,West,3,Completed
204857,2025-08-13,5451,1050,3,77.91,0,North,4,Completed
204858,2025-10-22,5124,1017,1,74.0,0.2,South,3,Completed
204859,2025-12-30,5437,1054,3,250.11,0.05,West,5,Completed
204860,2025-06-21,5228,1058,1,208.58,0.2,East,5,Completed
204861,2024-03-21,5111,1054,5,264.23,0,East,5,Completed
204862,2025-12-22,5168,1018,1,331.9,0.05,West,,Cancelled
204863,2025-10-09,5089,1030,3,133.93,0,North,2,Completed
204864,2024-05-20,5250,1055,1,273.79,0.15,South,6,Completed
204865,2025-07-30,5181,1038,5,215.66,0.05,East,,Cancelled
204866,2025-07-21,5363,1062,1,172.89,0.15,East,1,Completed
204867,2024-01-24,5368,1016,1,58.63,0,North,3,Completed
204868,2025-02-08,5214,1008,1,117.23,0,South,2,Completed
204869,2025-08-01,5444,1006,2,211.44,0.05,South,8,Completed
204870,2024-01-09,5008,1066,1,168.22,0.15,West,3,Completed
204871,2024-06-09,5094,1035,2,237.5,0.05,East,6,Completed
204872,2025-03-09,5369,1051,3,256.0,0.05,West,2,Completed
204873,2024-04-27,5023,1045,2,109.66,0,North,2,Completed
204874,2024-07-29,5112,1033,1,151.84,0,South,3,Completed
204875,2025-05-24,5230,1062,1,188.82,0.1,East,3,Completed
204876,2025-06-28,5427,1043,1,89.48,0,North,3,Completed
204877,2025-09-05,5332,1057,1,65.39,0.15,North,6,Completed
204878,2025-06-06,5322,1024,4,117.86,0,West,4,Completed
204879,2024-09-27,5019,1062,2,179.33,0.1,South,,Cancelled
204880,2025-11-15,5391,1064,1,103.89,0.1,West,2,Completed
204881,2024-10-23,5062,1022,2,39.01,0,West,3,Completed
204882,2024-08-11,5377,1007,4,167.48,0,West,6,Completed
204883,2025-01-06,5191,1019,2,103.66,0.1,East,2,Completed
204884,2025-04-30,5374,1002,4,75.89,0.1,West,,Cancelled
204885,2025-12-06,5091,1067,3,233.78,0.1,West,3,Completed
204886,2025-11-25,5372,1054,1,243.47,0.05,South,,Cancelled
204887,2025-11-03,5313,1027,6,110.68,0,East,2,Completed
204888,2024-12-07,5493,1057,1,72.41,0,West,1,Completed
204889,2025-10-06,5164,1009,1,208.21,0.15,West,8,Completed
204890,2024-07-24,5032,1051,3,261.5,0,North,3,Completed
204891,2024-09-22,5040,1050,2,81.62,0.15,South,5,Completed
204892,2024-11-03,5434,1008,2,119.53,0,North,3,Completed
204893,2025-12-05,5443,1026,3,67.3,0.2,West,4,Completed
204894,2025-05-09,5187,1021,5,116.31,0.1,East,4,Returned
204895,2025-03-27,5279,1051,3,239.68,0,South,4,Completed
204896,2025-04-30,5366,1005,1,82.3,0.05,East,4,Completed
204897,2024-11-29,5308,1013,2,135.29,0.2,North,1,Completed
204898,2025-08-10,5337,1017,4,72.98,0.1,North,2,Completed
204899,2025-04-27,5261,1025,2,193.53,0,South,5,Completed
204900,2024-10-21,5433,1069,2,165.23,0,North,4,Completed
204901,2024-09-29,5035,1068,3,206.93,0,South,3,Completed
204902,2025-04-29,5212,1011,10,34.96,0,South,2,Completed
204903,2025-01-05,5113,1048,3,307.77,0,North,1,Returned
204904,2024-07-18,5460,1056,3,334.78,0.1,East,6,Completed
204905,2024-08-29,5091,1029,1,196.74,0.15,West,3,Completed
204906,2024-12-25,5192,1025,3,199.54,0,North,2,Completed
204907,2025-05-25,5270,1040,1,257.19,0,North,4,Completed
204908,2024-09-08,5460,1067,1,238.3,0.2,East,7,Completed
204909,2025-06-22,5372,1007,6,155.65,0,South,3,Completed
204910,2024-01-27,5480,1045,1,105.07,0,East,4,Completed
204911,2025-07-29,5056,1001,2,162.38,0.05,East,4,Returned
204912,2024-09-16,5412,1034,1,138.67,0,East,5,Completed
204913,2025-01-20,5281,1055,2,267.03,0.05,West,3,Completed
204914,2024-08-27,5480,1029,2,197.92,0,East,8,Completed
204915,2025-08-14,5102,1062,1,191.39,0.1,East,3,Returned
204916,2025-05-29,5457,1022,6,36.68,0,East,3,Completed
204917,2025-10-16,5106,1071,1,124.26,0,East,2,Completed
204918,2024-01-09,5308,1038,3,203.63,0,North,3,Completed
204919,2025-10-18,5320,1062,1,178.01,0,West,4,Completed
204920,2025-02-23,5231,1031,2,259.87,0.1,East,4,Completed
204921,2024-04-05,5311,1072,1,74.76,0.2,East,3,Completed
204922,2025-10-23,5105,1057,2,67.38,0,West,5,Completed
204923,2025-11-01,5350,1045,2,116.38,0,West,4,Completed
204924,2024-09-27,5130,1034,3,130.41,0.15,South,,Cancelled
204925,2025-08-01,5223,1032,1,227.2,0,East,3,Completed
204926,2024-03-22,5225,1021,2,114.08,0.05,North,3,Completed
204927,2025-09-27,5418,1010,2,89.83,0.05,West,3,Completed
204928,2024-08-14,5253,1069,1,176.41,0.05,East,1,Completed
204929,2025-08-26,5031,1042,1,16.61,0.1,South,3,Completed
204930,2024-10-18,5282,1047,3,194.66,0,East,3,Completed
204931,2025-02-22,5095,1038,3,202.87,0.15,West,2,Completed
204932,2024-09-09,5313,1030,6,142.44,0.1,East,3,Returned
204933,2024-07-18,5104,1048,2,300.8,0.15,South,6,Completed
204934,2024-01-21,5300,1070,10,218.95,0,South,4,Completed
204935,2024-01-01,5305,1052,2,313.92,0.1,West,3,Completed
204936,2024-05-29,5334,1071,4,126.57,0.2,West,7,Completed
204937,2025-08-25,5127,1007,2,163.93,0.05,North,4,Returned
204938,2025-01-29,5445,1056,2,353.91,0.05,West,3,Completed
204939,2024-01-12,5167,1043,4,92.18,0.05,West,8,Completed
204940,2025-03-30,5339,1006,3,206.87,0,South,8,Completed
204941,2025-12-03,5498,1004,6,157.08,0.05,East,4,Completed
204942,2024-12-30,5076,1052,2,316.41,0,South,1,Completed
204943,2025-11-17,5319,1039,2,172.79,0,West,3,Completed
204944,2025-03-28,5105,1071,4,120.47,0,West,6,Completed
204945,2025-04-16,5403,1071,10,123.95,0.05,South,3,Completed
204946,2024-07-24,5365,1041,4,48.3,0,South,3,Completed
204947,2024-05-25,5321,1062,1,178.37,0.05,South,5,Completed
204948,2024-12-23,5380,1004,1,155.03,0,West,3,Completed
204949,2025-07-01,5034,1017,2,75.28,0,West,1,Completed
204950,2025-05-10,5477,1024,2,114.74,0,South,6,Completed
204951,2024-04-24,5286,1020,8,58.23,0.05,South,2,Completed
204952,2024-09-04,5053,1062,5,182.91,0.05,North,5,Completed
204953,2025-06-27,5271,1048,2,324.78,0,South,2,Completed
204954,2025-06-12,5441,1055,2,272.13,0,South,3,Returned
204955,2024-02-17,5342,1053,2,217.47,0,South,4,Returned
204956,2024-11-30,5230,1032,4,235.03,0,East,4,Completed
204957,2025-05-07,5455,1057,1,67.32,0.2,South,2,Returned
204958,2025-10-28,5353,1069,2,176.17,0,South,6,Completed
204959,2025-06-25,5413,1042,1,16.3,0,North,3,Completed
204960,2024-02-17,5242,1020,1,55.99,0.15,East,3,Completed
204961,2025-04-23,5190,1008,6,112.16,0,South,3,Completed
204962,2025-11-18,5008,1067,4,212.11,0.1,West,4,Completed
204963,2025-03-23,5323,1049,3,23.42,0,South,4,Completed
204964,2024-02-13,5183,1006,4,198.8,0,North,7,Completed
204965,2024-05-13,5284,1018,1,324.59,0.15,East,4,Completed
204966,2024-11-13,5475,1050,1,76.41,0,West,3,Completed
204967,2024-02-11,5357,1065,1,63.09,0.05,East,2,Returned
204968,2024-05-23,5150,1063,1,222.82,0,North,5,Completed
204969,2025-06-20,5249,1005,1,83.95,0,North,3,Completed
204970,2024-09-23,5330,1024,3,117.42,0.1,South,4,Completed
204971,2025-11-18,5206,1032,4,220.87,0.1,East,2,Completed
204972,2024-01-19,5465,1071,10,127.96,0.15,South,5,Completed
204973,2025-05-22,5410,1054,5,240.91,0,South,4,Completed
204974,2024-02-22,5057,1057,2,65.37,0,East,5,Completed
204975,2024-04-28,5488,1065,8,68.97,0.2,West,2,Returned
204976,2024-08-23,5458,1003,2,247.5,0,South,2,Completed
204977,2024-02-25,5050,1047,1,199.44,0,East,8,Completed
204978,2024-08-25,5190,1057,5,65.68,0,South,3,Completed
204979,2025-04-08,5304,1065,4,67.67,0,East,6,Completed
204980,2025-10-16,5182,1064,1,92.78,0,West,1,Completed
204981,2025-09-23,5289,1065,1,66.79,0.15,West,2,Completed
204982,2024-04-06,5173,1064,1,97.15,0,West,7,Returned
204983,2024-09-15,5043,1034,5,144.27,0,East,3,Completed
204984,2024-07-08,5054,1048,1,314.45,0,East,5,Completed
204985,2025-09-02,5074,1054,10,262.29,0,West,5,Completed
204986,2024-08-12,5409,1015,4,229.33,0.05,West,3,Returned
204987,2024-05-18,5425,1055,1,260.22,0.05,East,3,Completed
204988,2024-06-17,5201,1042,1,16.57,0,West,4,Completed
204989,2025-11-06,5249,1037,1,142.17,0,North,3,Completed
204990,2025-03-21,5408,1022,1,36.55,0,South,3,Completed
204991,2025-07-24,5198,1012,4,216.46,0,West,2,Completed
204992,2024-05-05,5274,1033,2,143.54,0,South,4,Completed
204993,2025-10-05,5140,1017,1,70.98,0,East,3,Completed
204994,2025-10-15,5278,1065,6,65.73,0.05,West,2,Completed
204995,2024-06-09,5007,1057,1,67.44,0,East,4,Completed
204996,2025-05-15,5095,1028,1,246.55,0.1,West,3,Completed
204997,2024-09-06,5232,1032,2,240.02,0,West,3,Completed
204998,2025-09-21,5150,1056,2,316.74,0.05,North,4,Completed
204999,2025-07-04,5150,1050,3,75.0,0,North,,Cancelled
205000,2025-08-11,5352,1020,3,56.42,0,West,3,Completed
205001,2024-06-09,5178,1064,4,97.41,0.1,East,,Cancelled
205002,2025-12-27,5259,1034,8,141.41,0,North,2,Completed
205003,2025-03-25,5333,1055,1,260.19,0,South,3,Completed
205004,2024-04-19,5462,1027,3,106.88,0,West,6,Completed
205005,2024-08-14,5284,1069,1,183.82,0,East,7,Completed
205006,2025-06-08,5373,1013,2,133.28,0,West,2,Completed
205007,2025-07-04,5217,1018,1,321.7,0.05,North,5,Completed
205008,2024-07-17,5378,1047,2,206.14,0.1,West,3,Completed
205009,2024-04-06,5248,1070,1,238.66,0.1,South,4,Completed
205010,2025-11-20,5044,1003,2,272.11,0.05,South,2,Completed
205011,2024-03-02,5195,1046,1,74.39,0,East,4,Completed
205012,2024-11-14,5415,1019,2,100.32,0.05,North,7,Completed
205013,2024-04-17,5492,1044,2,145.41,0.05,East,6,Completed
205014,2024-09-07,5493,1013,8,120.85,0,West,3,Completed
205015,2025-05-06,5040,1042,5,17.07,0,South,3,Completed
205016,2024-03-06,5364,1068,10,197.43,0,West,6,Completed
205017,2025-02-09,5217,1068,2,193.83,0.2,North,4,Completed
205018,2025-07-24,5391,1051,3,239.45,0,West,3,Returned
205019,2024-07-19,5116,1061,3,158.43,0,West,5,Completed
205020,2024-07-18,5297,1003,3,244.75,0.2,East,1,Completed
205021,2024-06-30,5433,1051,1,235.87,0,North,4,Completed
205022,2024-10-19,5146,1064,1,100.19,0.05,South,4,Completed
205023,2025-09-22,5432,1068,1,202.04,0,South,6,Completed
205024,2024-06-05,5481,1023,4,202.43,0,West,4,Completed
205025,2024-09-19,5090,1042,1,17.12,0.05,North,4,Completed
205026,2025-05-16,5487,1038,2,202.39,0,West,4,Completed
205027,2025-01-04,5404,1040,2,272.67,0,North,4,Completed
205028,2024-10-03,5426,1023,1,203.04,0,North,4,Completed
205029,2025-01-03,5245,1045,3,108.92,0.05,North,,Cancelled
205030,2025-07-11,5471,1044,2,145.51,0,North,3,Completed
205031,2025-09-23,5238,1005,3,84.22,0,East,2,Completed
205032,2024-08-20,5450,1010,10,83.9,0.1,West,2,Completed
205033,2025-01-18,5122,1015,2,225.12,0,West,2,Completed
205034,2024-04-02,5208,1004,3,161.15,0.2,North,3,Returned
205035,2024-06-19,5004,1056,4,340.73,0,South,,Cancelled
205036,2025-02-01,5107,1010,1,93.49,0,East,2,Completed
205037,2024-04-06,5060,1049,6,23.16,0.2,South,1,Completed
205038,2025-12-08,5244,1011,3,33.89,0.05,West,6,Completed
205039,2024-12-08,5129,1006,3,200.4,0.05,South,4,Completed
205040,2024-01-06,5307,1002,4,76.94,0,West,5,Completed
205041,2024-06-10,5120,1046,10,69.47,0,East,3,Completed
205042,2025-01-05,5222,1031,1,231.25,0.05,South,4,Completed
205043,2025-01-20,5413,1068,1,196.72,0,North,3,Completed
205044,2025-08-18,5087,1038,1,212.1,0.15,North,3,Completed
205045,2025-08-16,5341,1039,2,175.7,0,South,2,Completed
205046,2025-12-11,5254,1064,4,104.75,0,West,3,Completed
205047,2025-10-01,5238,1067,5,232.8,0.05,East,2,Completed
205048,2024-09-12,5418,1071,10,134.58,0,West,2,Completed
205049,2024-09-26,5133,1021,1,112.13,0.1,West,3,Completed
205050,2025-03-26,5157,1054,6,255.17,0.15,West,6,Completed
205051,2024-04-04,5241,1034,6,136.38,0.05,West,3,Completed
205052,2025-11-01,5464,1041,2,43.88,0.1,West,3,Completed
205053,2025-10-27,5458,1016,1,61.47,0,South,,Cancelled
205054,2024-01-30,5046,1060,1,116.19,0.15,North,4,Completed
205055,2025-06-29,5232,1028,1,262.42,0.2,West,4,Completed
205056,2024-01-31,5233,1021,8,113.14,0,East,7,Returned
205057,2024-01-13,5217,1034,2,144.34,0.05,North,6,Completed
205058,2024-10-24,5467,1041,4,48.11,0.1,North,6,Completed
205059,2024-10-24,5284,1020,2,57.93,0,East,4,Completed
205060,2024-05-05,5156,1009,10,205.26,0,North,3,Completed
205061,2024-10-08,5224,1019,2,111.39,0,West,1,Returned
205062,2024-05-09,5218,1038,4,214.05,0,North,3,Completed
205063,2025-09-03,5115,1067,1,227.24,0.1,West,2,Completed
205064,2025-02-04,5471,1055,1,263.49,0.1,North,3,Completed
205065,2024-04-10,5097,1030,4,142.96,0,East,,Cancelled
205066,2024-02-04,5005,1056,3,315.56,0,West,6,Completed
205067,2024-08-17,5244,1014,1,36.37,0,West,3,Completed
205068,2025-05-23,5054,1002,5,74.2,0,East,3,Completed
205069,2025-04-08,5428,1042,1,17.32,0.05,East,2,Completed
205070,2024-04-19,5008,1036,1,240.08,0.15,West,3,Completed
205071,2024-09-03,5157,1064,3,100.58,0,West,4,Completed
205072,2024-09-11,5312,1061,3,153.45,0,West,3,Completed
205073,2025-01-06,5185,1020,1,61.23,0.1,East,5,Completed
205074,2024-09-17,5164,1007,4,147.89,0,West,,Cancelled
205075,2025-06-14,5467,1015,2,235.19,0.05,North,4,Completed
205076,2024-06-22,5378,1046,1,74.62,0.1,West,1,Completed
205077,2025-08-07,5180,1062,1,186.71,0,North,3,Completed
205078,2025-02-10,5259,1007,3,160.34,0.05,North,,Cancelled
205079,2024-03-19,5089,1037,3,134.84,0,North,3,Completed
205080,2024-06-30,5416,1049,2,24.46,0.15,East,4,Completed
205081,2025-02-07,5273,1007,1,150.55,0.1,East,4,Completed
205082,2025-08-19,5061,1059,1,139.42,0.05,North,6,Completed
205083,2024-03-24,5108,1031,2,241.28,0,East,5,Completed
205084,2025-06-15,5363,1028,8,245.62,0.15,East,2,Completed
205085,2024-09-24,5236,1015,1,241.41,0,West,3,Completed
205086,2024-11-19,5074,1026,1,64.11,0,West,6,Completed
205087,2024-06-03,5052,1040,1,276.81,0,West,6,Completed
205088,2025-01-13,5134,1015,2,240.31,0.05,North,2,Completed
205089,2025-08-03,5026,1043,8,91.38,0.1,North,6,Completed
205090,2025-08-11,5329,1001,3,165.05,0.1,East,3,Completed
205091,2025-02-08,5410,1029,4,195.06,0,South,3,Completed
205092,2025-06-17,5077,1029,1,203.21,0.2,North,2,Completed
205093,2024-03-28,5299,1020,1,60.73,0.05,West,2,Completed
205094,2024-04-19,5107,1007,1,162.96,0,East,1,Completed
205095,2025-02-18,5445,1034,1,143.0,0.05,West,,Cancelled
205096,2024-06-23,5148,1014,4,33.46,0,South,2,Completed
205097,2025-05-10,5018,1072,2,79.44,0,North,5,Completed
205098,2024-07-31,5031,1039,4,171.49,0,South,4,Completed
205099,2025-03-26,5181,1072,1,73.68,0.05,East,,Cancelled
205100,2025-03-10,5487,1015,3,233.01,0,West,1,Completed
205101,2025-04-02,5004,1027,1,115.62,0,South,5,Completed
205102,2025-09-04,5155,1035,4,234.49,0.1,West,2,Completed
205103,2025-10-27,5327,1036,3,235.17,0,East,2,Completed
205104,2024-03-03,5107,1058,2,201.6,0,East,3,Completed
205105,2025-03-26,5158,1004,5,149.44,0,East,2,Completed
205106,2025-10-27,5183,1042,2,17.64,0.15,North,,Cancelled
205107,2025-11-14,5283,1013,2,133.17,0.05,South,4,Completed
205108,2025-06-13,5382,1030,1,141.84,0.15,East,,Cancelled
205109,2025-05-18,5274,1036,10,261.7,0.1,South,4,Completed
205110,2024-08-12,5377,1046,10,68.8,0,West,3,Completed
205111,2024-08-09,5436,1031,2,243.32,0,West,4,Completed
205112,2025-10-22,5253,1008,3,121.97,0,East,2,Returned
205113,2025-03-17,5294,1009,10,213.33,0.2,West,3,Completed
205114,2025-09-01,5113,1004,1,146.88,0,North,4,Completed
205115,2025-05-19,5118,1063,10,235.31,0,North,3,Completed
205116,2024-01-29,5324,1028,4,270.61,0.05,East,6,Completed
205117,2025-06-13,5147,1048,2,303.86,0.1,West,5,Completed
205118,2024-05-10,5230,1039,2,176.92,0.15,East,3,Completed
205119,2024-03-03,5405,1042,8,16.91,0.1,West,4,Completed
205120,2025-01-28,5172,1029,8,186.51,0.05,East,1,Completed
205121,2024-02-05,5231,1021,2,121.81,0.1,East,1,Completed
205122,2025-12-13,5120,1041,1,47.08,0.15,East,,Cancelled
205123,2025-07-06,5292,1054,6,249.71,0.1,West,3,Completed
205124,2025-12-14,5488,1058,4,205.34,0.1,West,3,Completed
205125,2024-11-18,5095,1005,6,85.41,0.05,West,8,Completed
205126,2025-12-08,5472,1048,2,299.5,0.1,South,4,Completed
205127,2024-04-29,5090,1007,3,159.66,0.1,North,4,Completed
205128,2024-01-25,5125,1005,5,76.83,0.15,South,6,Completed
205129,2024-02-23,5179,1069,2,180.93,0.05,East,5,Completed
205130,2025-01-02,5140,1056,1,312.04,0.2,East,6,Completed
205131,2024-10-26,5020,1003,1,264.67,0,East,3,Completed
205132,2024-10-29,5406,1028,2,247.18,0,East,3,Completed
205133,2025-08-17,5145,1071,5,121.19,0,East,3,Completed
205134,2024-07-16,5031,1011,3,35.76,0.05,South,2,Completed
205135,2024-06-23,5260,1015,1,232.32,0.1,South,4,Completed
205136,2025-07-24,5191,1008,2,108.86,0,East,3,Completed
205137,2025-03-25,5174,1003,6,260.47,0,West,2,Completed
205138,2025-05-07,5222,1036,2,254.11,0.1,South,,Cancelled
205139,2024-04-13,5199,1025,3,207.03,0.15,North,2,Completed
205140,2025-08-20,5127,1016,2,57.15,0,North,3,Completed
205141,2024-09-17,5212,1066,1,163.23,0.05,South,5,Returned
205142,2025-09-13,5330,1065,1,62.03,0.05,South,4,Returned
205143,2025-06-04,5117,1024,1,119.91,0,North,3,Returned
205144,2024-10-05,5228,1017,3,75.7,0,East,,Cancelled
205145,2025-08-15,5365,1021,3,108.9,0.2,South,5,Completed
205146,2025-06-26,5469,1039,2,192.04,0,South,4,Returned
205147,2024-12-13,5159,1050,5,76.09,0,South,6,Completed
205148,2025-10-21,5408,1020,2,59.71,0.1,South,4,Completed
205149,2024-09-06,5330,1062,3,180.84,0.05,South,5,Completed
205150,2024-07-29,5438,1061,1,157.14,0,North,3,Completed
205151,2025-07-04,5289,1013,2,129.24,0.1,West,3,Completed
205152,2025-03-18,5223,1059,8,137.93,0.1,East,2,Completed
205153,2025-01-08,5062,1025,4,201.9,0,West,4,Completed
205154,2025-04-04,5108,1015,2,247.3,0.1,East,4,Completed
205155,2025-04-03,5182,1054,1,268.41,0.05,West,3,Completed
205156,2025-08-28,5403,1028,4,243.08,0,South,3,Completed
205157,2025-05-03,5143,1058,6,200.69,0.2,North,,Cancelled
205158,2025-04-24,5182,1058,1,219.87,0.2,West,,Cancelled
205159,2025-12-14,5384,1003,2,264.49,0,East,1,Completed
205160,2024-11-24,5426,1069,1,184.27,0,North,2,Completed
205161,2025-07-16,5133,1035,1,238.34,0,West,3,Completed
205162,2024-08-03,5483,1053,1,197.67,0,North,4,Completed
205163,2025-08-01,5171,1004,8,156.59,0.1,North,2,Returned
205164,2024-05-13,5476,1061,3,149.8,0.1,East,4,Completed
205165,2025-07-23,5345,1065,8,69.64,0.05,East,5,Completed
205166,2025-10-22,5443,1021,4,113.57,0,West,,Cancelled
205167,2024-02-01,5217,1070,1,233.43,0,North,3,Completed
205168,2025-10-18,5277,1023,3,213.04,0.1,East,2,Returned
205169,2024-02-27,5185,1006,3,193.62,0,East,,Cancelled
205170,2025-05-04,5182,1029,4,189.93,0.05,West,3,Completed
205171,2024-10-21,5055,1054,1,246.92,0,West,4,Completed
205172,2024-01-23,5298,1043,3,92.8,0.1,North,2,Completed
205173,2025-02-01,5019,1013,2,128.56,0.05,South,3,Completed
205174,2024-08-01,5261,1019,3,99.4,0,South,2,Completed
205175,2025-08-16,5436,1040,1,266.5,0.1,West,2,Completed
205176,2024-10-12,5222,1023,1,205.55,0,South,4,Completed
205177,2025-09-17,5328,1046,1,71.31,0.05,South,3,Completed
205178,2024-02-10,5462,1034,10,139.05,0.05,West,8,Completed
205179,2024-09-26,5464,1013,2,135.89,0,West,4,Completed
205180,2024-08-24,5015,1025,6,212.55,0.2,South,4,Completed
205181,2025-11-27,5198,1056,2,335.93,0,West,6,Completed
205182,2025-07-25,5424,1025,3,209.2,0,South,5,Completed
205183,2025-06-26,5147,1021,2,114.59,0,West,3,Completed
205184,2024-02-24,5282,1042,1,16.06,0.2,East,3,Completed
205185,2025-12-01,5405,1018,10,334.61,0.05,West,3,Completed
205186,2024-12-03,5184,1006,1,206.78,0,South,3,Completed
205187,2025-11-22,5432,1040,2,261.04,0.05,South,7,Completed
205188,2025-12-25,5368,1060,5,128.19,0.1,North,4,Completed
205189,2025-08-31,5427,1035,1,231.38,0.05,North,2,Completed
205190,2024-09-20,5250,1062,2,171.69,0.15,South,3,Completed
205191,2025-12-22,5227,1049,4,25.25,0.05,North,7,Completed
205192,2024-07-06,5196,1041,1,46.77,0.1,North,2,Completed
205193,2024-05-24,5264,1007,1,165.6,0,West,3,Completed
205194,2024-05-17,5053,1009,4,215.98,0,North,3,Completed
205195,2025-03-08,5475,1024,2,117.27,0,West,2,Completed
205196,2024-01-31,5184,1041,1,44.23,0,South,2,Completed
205197,2024-11-27,5452,1015,2,228.45,0,North,6,Completed
205198,2025-05-03,5417,1029,1,185.15,0.05,North,4,Completed
205199,2025-08-03,5237,1036,6,244.4,0,East,1,Completed
205200,2024-01-07,5256,1030,1,146.59,0.15,East,5,Completed
205201,2025-04-09,5228,1028,4,262.49,0,East,1,Completed
205202,2024-04-10,5431,1001,8,162.24,0.05,West,2,Completed
205203,2025-09-23,5410,1071,6,130.82,0,South,6,Completed
205204,2025-03-01,5008,1001,2,171.33,0,West,4,Completed
205205,2024-02-24,5475,1052,3,340.68,0.15,West,3,Completed
205206,2024-02-12,5175,1070,4,237.78,0,South,4,Completed
205207,2024-11-06,5016,1005,1,78.53,0,East,2,Completed
205208,2025-09-17,5058,1042,5,17.02,0.15,North,,Cancelled
205209,2025-05-08,5030,1020,4,61.23,0.1,South,3,Completed
205210,2025-05-11,5475,1064,2,95.55,0.1,West,3,Completed
205211,2025-01-20,5457,1043,2,91.95,0,East,2,Completed
205212,2024-02-28,5206,1034,5,141.51,0.05,East,3,Completed
205213,2024-12-11,5057,1063,5,212.83,0.1,East,5,Completed
205214,2024-11-03,5056,1015,4,223.3,0,East,7,Completed
205215,2025-08-04,5011,1010,4,94.33,0,North,1,Completed
205216,2025-05-18,5088,1052,2,337.05,0.2,East,3,Completed
205217,2024-04-03,5376,1038,6,203.81,0,West,8,Returned
205218,2025-02-18,5134,1019,3,99.36,0.05,North,3,Completed
205219,2024-12-02,5023,1009,1,215.15,0.05,North,8,Completed
205220,2025-02-24,5452,1023,5,199.07,0.15,North,3,Completed
205221,2025-02-24,5131,1009,3,201.43,0,South,6,Completed
205222,2025-01-26,5003,1057,1,65.11,0.05,North,4,Completed
205223,2024-08-13,5462,1034,2,145.75,0,West,4,Completed
205224,2025-02-04,5334,1060,1,118.36,0,West,6,Completed
205225,2024-11-26,5402,1011,4,32.84,0,West,5,Completed
205226,2024-04-23,5235,1045,2,117.81,0,East,6,Completed
205227,2024-07-02,5284,1033,10,151.93,0,East,4,Completed
205228,2025-05-08,5220,1062,2,185.74,0,West,4,Completed
205229,2025-07-20,5082,1023,1,194.31,0.15,East,1,Completed
205230,2024-04-23,5326,1020,2,58.64,0,South,3,Completed
205231,2025-03-08,5114,1026,2,68.61,0.2,North,,Cancelled
205232,2025-11-25,5028,1068,1,197.21,0.1,East,4,Completed
205233,2025-12-05,5138,1037,5,141.67,0,East,4,Completed
205234,2024-01-30,5441,1070,3,235.59,0,South,5,Completed
205235,2024-08-09,5032,1069,3,174.2,0.15,North,2,Completed
205236,2024-03-12,5252,1005,5,76.5,0,West,4,Completed
205237,2025-04-13,5368,1031,6,249.88,0.15,North,6,Completed
205238,2024-11-21,5319,1014,2,32.78,0,West,4,Completed
205239,2024-12-21,5078,1052,2,308.47,0.15,West,5,Completed
205240,2025-01-03,5028,1017,5,72.74,0.05,East,2,Completed
205241,2024-07-01,5032,1019,1,105.95,0,North,7,Completed
205242,2025-09-21,5011,1050,3,81.28,0.05,North,5,Completed
205243,2025-05-24,5422,1072,4,74.44,0.05,West,6,Returned
205244,2024-02-27,5457,1016,3,57.26,0,East,,Cancelled
205245,2024-10-21,5150,1066,8,172.45,0,North,,Cancelled
205246,2024-01-28,5415,1030,1,141.35,0,North,3,Completed
205247,2024-01-02,5333,1054,3,261.27,0.15,South,6,Completed
205248,2025-08-01,5197,1036,3,251.01,0,East,1,Completed
205249,2025-09-17,5145,1060,3,126.12,0.15,East,,Cancelled
205250,2024-02-29,5421,1032,1,228.75,0,East,1,Completed
205251,2025-03-11,5435,1059,1,137.82,0,South,5,Completed
205252,2024-05-01,5165,1007,2,166.0,0.2,South,3,Returned
205253,2025-07-09,5247,1027,1,109.44,0,West,1,Completed
205254,2024-06-17,5082,1066,4,164.56,0,East,2,Completed
205255,2025-12-11,5007,1048,2,321.66,0,East,6,Completed
205256,2024-12-03,5060,1025,2,198.34,0,South,4,Completed
205257,2024-01-14,5345,1045,1,113.83,0.2,East,4,Completed
205258,2025-10-12,5450,1068,2,190.69,0,West,3,Completed
205259,2025-12-31,5066,1003,1,274.74,0,West,8,Returned
205260,2024-03-10,5377,1048,2,296.82,0.15,West,5,Completed
205261,2025-02-20,5079,1061,1,151.47,0.1,North,6,Completed
205262,2025-04-03,5299,1034,2,130.01,0.05,West,7,Completed
205263,2024-07-01,5346,1048,3,290.44,0,South,3,Completed
205264,2025-03-25,5211,1006,1,194.16,0.1,South,3,Completed
205265,2025-09-22,5313,1039,3,190.28,0.05,East,4,Completed
205266,2025-02-02,5458,1056,5,320.31,0,South,3,Completed
205267,2024-03-27,5348,1025,6,204.88,0.2,East,4,Completed
205268,2025-01-16,5406,1036,2,232.27,0,East,,Cancelled
205269,2024-04-21,5279,1041,2,47.77,0,South,8,Returned
205270,2025-09-24,5274,1058,2,199.54,0,South,8,Completed
205271,2024-05-11,5389,1006,1,196.43,0.1,North,5,Completed
205272,2025-06-21,5355,1067,1,220.74,0.05,South,5,Completed
205273,2025-09-17,5167,1004,3,148.22,0,West,1,Completed
205274,2025-07-13,5159,1032,6,222.13,0,South,1,Returned
205275,2025-02-02,5256,1020,1,61.47,0,East,4,Completed
205276,2024-07-26,5488,1055,1,288.09,0,West,2,Completed
205277,2025-06-22,5030,1072,1,80.93,0,South,,Cancelled
205278,2024-01-31,5289,1059,4,128.92,0.05,West,3,Completed
205279,2025-01-05,5026,1060,3,116.05,0,North,4,Completed
205280,2024-07-11,5339,1053,2,197.41,0.2,South,4,Completed
205281,2025-07-11,5035,1055,2,280.44,0,South,,Cancelled
205282,2025-05-31,5461,1052,2,307.11,0.15,West,4,Completed
205283,2025-01-13,5160,1021,3,114.95,0,West,1,Completed
205284,2025-11-24,5280,1010,1,85.03,0.05,East,4,Completed
205285,2025-09-11,5403,1059,1,127.07,0,South,2,Completed
205286,2025-09-24,5287,1001,5,158.98,0.15,North,6,Completed
205287,2025-08-10,5234,1071,4,133.61,0.15,West,4,Completed
205288,2025-03-02,5099,1033,1,156.94,0,North,6,Returned
205289,2025-01-31,5325,1018,1,342.1,0,West,4,Completed
205290,2025-02-28,5217,1055,1,284.22,0.05,North,3,Completed
205291,2024-08-15,5351,1039,2,171.41,0.1,North,4,Completed
205292,2024-06-26,5228,1068,3,212.07,0,East,3,Returned
205293,2025-03-04,5055,1017,5,71.14,0.05,West,8,Completed
205294,2024-11-23,5042,1043,8,96.3,0,East,3,Completed
205295,2024-10-17,5366,1010,10,89.36,0,East,3,Completed
205296,2025-05-07,5071,1035,1,225.71,0.1,South,5,Completed
205297,2024-06-11,5255,1070,3,232.49,0,East,4,Completed
205298,2024-05-18,5210,1056,1,350.27,0,South,4,Completed
205299,2024-09-16,5367,1052,4,319.01,0,East,3,Returned
205300,2024-04-29,5198,1018,3,314.12,0.05,West,3,Completed
205301,2024-11-19,5324,1017,3,73.47,0,East,4,Returned
205302,2025-04-10,5217,1052,1,341.42,0.05,North,2,Completed
205303,2025-04-28,5368,1054,1,243.82,0.05,North,8,Completed
205304,2024-08-21,5134,1014,2,33.48,0.15,North,3,Completed
205305,2024-08-11,5276,1068,3,209.81,0.1,West,,Cancelled
205306,2025-02-03,5342,1068,2,199.21,0.15,South,3,Completed
205307,2025-07-30,5216,1024,2,111.44,0,West,3,Completed
205308,2025-10-18,5255,1035,2,233.01,0,East,6,Completed
205309,2025-08-16,5362,1040,1,268.81,0,West,4,Completed
205310,2024-03-20,5017,1007,2,164.78,0.15,North,4,Completed
205311,2024-03-18,5019,1056,4,348.0,0.05,South,1,Completed
205312,2025-03-16,5306,1014,4,33.88,0.05,North,3,Completed
205313,2024-02-09,5160,1032,2,221.13,0.05,West,3,Completed
205314,2024-11-01,5336,1063,3,231.72,0,South,6,Completed
205315,2024-05-13,5162,1024,3,121.91,0.05,South,3,Completed
205316,2024-02-27,5477,1026,8,65.44,0,South,3,Completed
205317,2025-08-06,5421,1052,1,326.34,0,East,4,Returned
205318,2024-04-30,5207,1009,1,204.21,0.05,North,4,Completed
205319,2024-01-23,5184,1005,1,86.35,0.2,South,6,Completed
205320,2024-11-13,5132,1032,3,225.36,0.1,East,2,Completed
205321,2024-03-03,5221,1046,10,74.17,0,North,4,Completed
205322,2024-03-24,5135,1011,1,35.6,0.05,East,,Cancelled
205323,2024-07-15,5450,1046,10,70.99,0.2,West,3,Completed
205324,2025-05-20,5184,1072,2,73.04,0.1,South,4,Returned
205325,2024-11-26,5345,1045,4,116.16,0.05,East,6,Completed
205326,2024-02-20,5391,1030,1,133.8,0.15,West,2,Completed
205327,2025-10-04,5467,1032,1,226.65,0.2,North,,Cancelled
205328,2025-10-20,5143,1038,1,226.75,0.1,North,4,Completed
205329,2025-11-26,5159,1045,2,112.06,0.15,South,4,Completed
205330,2024-10-29,5145,1007,5,150.13,0.15,East,,Cancelled
205331,2024-10-07,5326,1051,2,255.15,0.1,South,5,Returned
205332,2024-04-15,5109,1038,1,224.63,0,East,4,Completed
205333,2024-02-02,5039,1003,2,276.72,0,West,4,Completed
205334,2024-03-08,5085,1032,1,227.96,0,North,3,Completed
205335,2025-09-10,5260,1045,4,117.34,0.2,South,2,Completed
205336,2024-01-02,5265,1010,2,90.39,0.05,South,3,Completed
205337,2024-09-24,5435,1068,3,198.07,0,South,7,Completed
205338,2024-08-16,5334,1019,6,108.21,0,West,3,Completed
205339,2024-01-21,5014,1066,3,172.93,0,East,4,Completed
205340,2024-09-01,5313,1038,2,218.0,0.1,East,3,Completed
205341,2025-04-28,5167,1003,3,249.08,0.1,West,2,Completed
205342,2024-03-14,5327,1013,1,135.81,0,East,4,Completed
205343,2024-09-25,5164,1033,10,147.63,0.05,West,3,Completed
205344,2024-02-23,5498,1059,2,126.43,0,East,3,Completed
205345,2025-10-15,5331,1003,1,250.07,0.05,East,3,Completed
205346,2025-12-31,5478,1033,4,145.91,0.2,West,3,Completed
205347,2025-05-22,5079,1001,1,154.39,0.1,North,4,Completed
205348,2025-03-27,5406,1031,2,240.73,0,East,4,Completed
205349,2025-09-27,5334,1025,2,197.09,0.1,West,5,Completed
205350,2024-11-03,5416,1067,1,232.78,0.15,East,4,Completed
205351,2025-01-06,5115,1065,3,65.75,0.05,West,3,Completed
205352,2024-04-13,5076,1003,6,264.01,0,South,4,Completed
205353,2024-10-17,5085,1062,4,192.84,0.1,North,7,Completed
205354,2024-08-17,5185,1043,1,94.04,0.2,East,7,Completed
205355,2025-11-12,5117,1010,1,94.17,0,North,6,Completed
205356,2024-04-07,5316,1055,2,258.49,0.05,North,5,Completed
205357,2024-02-14,5411,1003,2,264.26,0,West,4,Completed
205358,2025-11-17,5455,1067,5,231.69,0,South,3,Returned
205359,2024-11-29,5326,1017,5,77.22,0,South,3,Completed
205360,2024-12-04,5049,1001,5,161.6,0.1,East,4,Returned
205361,2025-04-23,5088,1072,6,79.49,0.05,East,6,Completed
205362,2025-11-22,5255,1037,2,135.7,0,East,4,Completed
205363,2024-11-20,5313,1061,1,143.8,0.15,East,3,Completed
205364,2025-07-05,5407,1027,5,107.2,0,South,4,Completed
205365,2024-11-13,5376,1013,1,124.25,0.05,West,5,Completed
205366,2025-11-06,5059,1049,8,25.57,0.05,North,5,Completed
205367,2025-10-10,5197,1023,1,212.47,0,East,7,Completed
205368,2025-05-19,5367,1019,3,104.62,0.1,East,6,Completed
205369,2025-06-24,5341,1053,3,210.6,0,South,6,Completed
205370,2024-03-31,5080,1045,1,107.65,0,North,4,Completed
205371,2024-05-13,5223,1058,2,200.75,0.05,East,,Cancelled
205372,2025-02-28,5425,1048,6,320.23,0.05,East,4,Completed
205373,2024-01-10,5352,1049,3,23.41,0,West,,Cancelled
205374,2024-03-24,5140,1001,1,160.74,0.05,East,3,Completed
205375,2025-01-14,5156,1060,3,128.95,0.1,North,3,Completed
205376,2024-05-22,5235,1025,2,189.27,0.2,East,1,Completed
205377,2025-06-16,5002,1056,1,342.43,0.1,North,3,Completed
205378,2025-03-12,5028,1039,1,182.58,0,East,1,Completed
205379,2025-01-19,5215,1013,1,134.58,0.1,South,,Cancelled
205380,2024-11-25,5113,1002,5,74.77,0,North,1,Completed
205381,2024-03-12,5252,1068,4,193.52,0,West,7,Completed
205382,2024-04-24,5412,1049,1,25.17,0,East,3,Completed
205383,2025-09-10,5063,1051,2,232.1,0.15,North,4,Completed
205384,2024-05-02,5138,1016,4,59.95,0.05,East,3,Completed
205385,2024-04-16,5221,1026,10,62.22,0,North,7,Completed
205386,2025-07-16,5199,1007,3,164.94,0.1,North,2,Completed
205387,2024-08-12,5442,1066,3,168.27,0,North,4,Completed
205388,2025-06-04,5232,1070,1,226.82,0.1,West,4,Returned
205389,2025-07-04,5272,1051,10,238.27,0,North,3,Completed
205390,2024-01-13,5481,1030,8,136.74,0.05,West,6,Completed
205391,2024-12-06,5132,1063,2,236.63,0,East,5,Completed
205392,2025-01-28,5411,1028,1,243.72,0.05,West,3,Completed
205393,2024-03-08,5229,1067,2,214.88,0.15,North,3,Completed
205394,2024-11-11,5427,1052,3,333.9,0.1,North,2,Returned
205395,2024-03-22,5123,1058,1,211.24,0.05,East,2,Completed
205396,2025-11-07,5415,1028,6,249.34,0,North,8,Completed
205397,2024-04-30,5044,1029,4,186.17,0,South,4,Returned
205398,2025-01-25,5364,1031,4,258.82,0,West,4,Completed
205399,2024-11-08,5156,1056,1,340.55,0.1,North,4,Completed
205400,2025-09-11,5169,1013,3,127.97,0.15,East,4,Completed
205401,2025-09-29,5048,1010,1,90.01,0.1,South,,Cancelled
205402,2025-09-30,5028,1003,10,245.54,0.2,East,3,Completed
205403,2024-03-15,5473,1067,4,211.96,0,East,6,Returned
205404,2024-04-08,5219,1050,4,80.34,0.05,North,3,Completed
205405,2025-02-23,5497,1001,2,154.17,0.05,North,5,Returned
205406,2025-07-21,5381,1045,10,113.84,0,North,3,Completed
205407,2025-12-19,5365,1042,1,16.17,0,South,2,Completed
205408,2025-06-16,5188,1009,1,212.46,0,West,3,Completed
205409,2025-12-03,5396,1020,1,59.07,0.15,South,4,Completed
205410,2025-08-26,5052,1035,2,224.68,0.05,West,,Cancelled
205411,2025-09-05,5186,1010,1,93.76,0,North,3,Completed
205412,2025-09-29,5109,1034,10,142.57,0,East,4,Completed
205413,2025-06-28,5243,1008,1,114.8,0.05,North,2,Completed
205414,2025-01-14,5316,1047,3,209.23,0,North,2,Completed
205415,2024-04-30,5268,1001,3,162.07,0,East,3,Completed
205416,2024-04-15,5052,1048,2,327.2,0.15,West,5,Completed
205417,2024-07-28,5128,1021,1,116.51,0.1,West,3,Completed
205418,2024-06-19,5237,1041,1,45.17,0.2,East,3,Completed
205419,2024-04-08,5129,1019,2,105.05,0.1,South,4,Completed
205420,2025-03-23,5222,1042,1,16.15,0,South,1,Completed
205421,2025-12-08,5216,1034,1,146.94,0.05,West,3,Completed
205422,2025-09-19,5266,1022,1,38.45,0.15,East,4,Returned
205423,2024-12-21,5096,1047,3,211.28,0.05,West,5,Completed
205424,2024-06-10,5012,1055,2,269.61,0.05,North,2,Completed
205425,2024-03-02,5010,1068,2,191.81,0.1,West,2,Completed
205426,2025-02-22,5104,1011,2,32.86,0,South,,Cancelled
205427,2025-10-13,5102,1018,3,309.93,0.2,East,,Cancelled
205428,2024-10-19,5154,1013,2,132.28,0.15,South,5,Returned
205429,2025-12-14,5279,1066,1,162.23,0,South,3,Completed
205430,2025-04-28,5303,1069,1,183.78,0.1,North,3,Completed
205431,2025-07-06,5260,1024,2,119.9,0.2,South,4,Returned
205432,2025-11-05,5336,1029,2,194.87,0.1,South,5,Completed
205433,2025-10-22,5433,1025,4,194.51,0,North,2,Completed
205434,2025-01-27,5321,1042,1,17.74,0,South,4,Completed
205435,2025-02-21,5402,1036,3,235.43,0.1,West,4,Completed
205436,2024-05-04,5376,1050,1,78.78,0,West,7,Completed
205437,2025-08-06,5023,1056,3,322.68,0.05,North,2,Completed
205438,2025-11-04,5487,1050,1,78.18,0.1,West,2,Completed
205439,2025-01-21,5075,1067,3,220.35,0,West,3,Completed
205440,2024-02-28,5409,1014,3,34.04,0.05,West,4,Completed
205441,2024-06-29,5334,1054,1,260.76,0.05,West,2,Completed
205442,2024-06-21,5110,1041,2,48.61,0.05,North,1,Completed
205443,2025-06-10,5495,1071,2,119.5,0,North,1,Completed
205444,2025-04-16,5453,1001,3,173.7,0,North,4,Completed
205445,2025-02-27,5014,1032,2,229.58,0,East,3,Completed
205446,2024-08-02,5134,1035,2,243.46,0.1,North,2,Completed
205447,2025-05-22,5440,1064,1,104.35,0.05,North,5,Completed
205448,2025-12-01,5038,1010,1,89.76,0,West,3,Returned
205449,2025-08-28,5124,1006,2,215.99,0,South,,Cancelled
205450,2024-09-24,5193,1066,2,177.81,0.05,West,1,Completed
205451,2024-10-12,5270,1061,3,153.99,0.1,North,2,Completed
205452,2025-01-30,5063,1021,3,107.65,0,North,1,Completed
205453,2024-04-19,5352,1028,2,267.55,0,West,1,Completed
205454,2024-05-23,5091,1032,1,215.97,0.05,West,2,Completed
205455,2024-01-25,5163,1022,1,37.66,0,East,2,Completed
205456,2025-02-09,5233,1022,5,38.61,0,East,2,Completed
205457,2024-01-20,5479,1006,4,208.15,0,West,,Cancelled
205458,2024-03-06,5093,1042,5,16.09,0,North,4,Completed
205459,2025-11-09,5039,1028,1,260.25,0,West,6,Completed
205460,2025-09-03,5455,1012,1,220.08,0.15,South,4,Completed
205461,2025-02-16,5043,1031,2,245.84,0,East,1,Completed
205462,2025-01-08,5381,1037,3,128.86,0.2,North,5,Completed
205463,2025-12-07,5459,1027,5,116.12,0,South,3,Completed
205464,2025-12-28,5058,1052,1,302.01,0.2,North,5,Completed
205465,2025-01-21,5296,1035,2,245.07,0,South,4,Returned
205466,2024-04-12,5415,1044,3,137.0,0,North,2,Completed
205467,2024-10-27,5443,1020,2,62.3,0,West,,Cancelled
205468,2025-02-28,5174,1054,1,266.75,0,West,2,Completed
205469,2025-05-07,5265,1047,1,197.14,0,South,3,Completed
205470,2024-01-29,5360,1002,1,76.09,0,East,3,Completed
205471,2025-12-31,5023,1012,2,219.82,0.05,North,3,Completed
205472,2024-08-18,5495,1003,4,256.23,0.15,North,5,Completed
205473,2025-02-01,5262,1038,1,202.73,0,South,2,Completed
205474,2024-05-23,5331,1003,1,255.49,0,East,4,Completed
205475,2025-02-19,5281,1001,5,163.77,0,West,3,Completed
205476,2024-05-02,5234,1044,3,136.89,0.15,West,6,Returned
205477,2024-01-22,5243,1046,1,67.57,0,North,2,Completed
205478,2025-10-04,5327,1066,10,171.64,0.1,East,,Cancelled
205479,2025-07-04,5178,1055,5,279.87,0.05,East,3,Completed
205480,2024-01-11,5490,1022,1,40.43,0.1,West,8,Completed
205481,2024-08-20,5042,1004,3,152.71,0,East,5,Completed
205482,2024-10-25,5046,1033,3,158.0,0.1,North,2,Completed
205483,2024-10-29,5465,1057,1,69.86,0,South,3,Completed
205484,2024-02-22,5491,1072,3,82.17,0.15,South,4,Completed
205485,2025-04-26,5180,1040,1,264.91,0.15,North,5,Completed
205486,2025-08-30,5353,1018,2,340.38,0,South,4,Completed
205487,2024-06-12,5290,1067,1,217.22,0.05,South,3,Completed
205488,2024-02-12,5153,1057,1,67.34,0,South,3,Completed
205489,2024-01-14,5402,1055,2,285.05,0,West,2,Completed
205490,2024-07-11,5338,1011,1,36.9,0,East,4,Completed
205491,2024-11-02,5465,1045,2,105.35,0,South,3,Returned
205492,2024-12-25,5230,1005,1,77.19,0,East,2,Completed
205493,2025-09-17,5105,1028,3,242.42,0.15,West,6,Completed
205494,2024-06-16,5391,1070,2,223.86,0.05,West,7,Completed
205495,2025-01-26,5070,1008,1,122.52,0,South,3,Completed
205496,2025-07-22,5133,1060,2,115.17,0,West,3,Completed
205497,2025-11-27,5181,1008,5,113.07,0.15,East,5,Completed
205498,2024-12-30,5425,1020,1,62.62,0.05,East,4,Completed
205499,2024-05-27,5062,1002,3,70.62,0.1,West,2,Completed
205500,2024-11-26,5347,1020,1,63.04,0,South,4,Completed
205501,2025-02-23,5372,1070,2,241.7,0.05,South,6,Completed
205502,2024-02-06,5289,1068,1,209.16,0.15,West,5,Completed
205503,2024-12-12,5452,1006,10,214.18,0,North,5,Completed
205504,2024-02-24,5278,1029,6,186.13,0,West,3,Completed
205505,2025-02-15,5244,1060,3,123.53,0.15,West,4,Completed
205506,2024-12-02,5377,1003,2,259.17,0,West,4,Completed
205507,2024-11-09,5249,1038,3,212.0,0,North,7,Completed
205508,2024-09-10,5060,1040,4,275.35,0,South,3,Completed
205509,2025-01-16,5060,1041,2,49.34,0,South,4,Completed
205510,2024-07-03,5289,1049,1,23.25,0.1,West,7,Completed
205511,2025-05-15,5486,1030,1,139.84,0.15,West,4,Completed
205512,2025-02-22,5021,1042,1,15.91,0.1,East,7,Completed
205513,2024-11-11,5033,1030,5,140.48,0,North,2,Completed
205514,2025-03-30,5487,1065,3,66.63,0,West,3,Completed
205515,2025-10-04,5478,1046,1,67.58,0.1,West,3,Completed
205516,2025-03-14,5444,1031,2,237.14,0.1,South,3,Completed
205517,2024-08-11,5024,1009,2,205.14,0,East,,Cancelled
205518,2025-11-21,5097,1045,1,112.96,0,East,3,Completed
205519,2024-10-20,5034,1014,6,34.42,0,West,3,Completed
205520,2024-08-22,5276,1062,1,192.15,0,West,7,Completed
205521,2024-11-08,5407,1054,6,262.03,0,South,5,Completed
205522,2024-11-30,5263,1069,2,176.36,0,South,1,Completed
205523,2025-09-10,5280,1067,2,218.2,0,East,4,Completed
205524,2024-04-16,5243,1065,6,65.77,0,North,1,Completed
205525,2024-03-11,5348,1034,3,141.14,0.1,East,3,Completed
205526,2024-07-08,5486,1052,4,319.76,0,West,3,Completed
205527,2025-07-12,5194,1005,4,78.11,0,East,3,Completed
205528,2025-06-12,5100,1012,2,216.44,0,West,5,Completed
205529,2024-11-08,5267,1001,3,172.42,0,North,4,Completed
205530,2024-10-10,5379,1030,3,137.62,0,South,3,Completed
205531,2024-07-21,5095,1062,10,171.98,0.05,West,6,Completed
205532,2025-10-26,5475,1061,3,156.24,0.05,West,5,Completed
205533,2024-03-17,5053,1072,5,74.29,0.05,North,4,Completed
205534,2024-02-04,5274,1032,1,215.14,0,South,1,Returned
205535,2025-05-30,5123,1032,6,228.49,0,East,3,Completed
205536,2025-05-19,5080,1066,10,166.04,0,North,4,Completed
205537,2025-06-05,5129,1068,1,203.45,0,South,3,Completed
205538,2024-06-26,5275,1010,3,91.15,0,South,4,Completed
205539,2025-10-11,5277,1043,8,98.06,0.2,East,6,Completed
205540,2025-04-03,5495,1024,2,116.55,0,North,3,Completed
205541,2025-03-07,5163,1032,3,241.49,0,East,2,Completed
205542,2025-10-09,5225,1022,2,39.12,0,North,3,Completed
205543,2024-08-24,5410,1021,4,115.67,0,South,,Cancelled
205544,2025-01-29,5034,1036,10,262.4,0,West,5,Completed
205545,2024-09-18,5288,1001,1,171.7,0.2,North,1,Completed
205546,2025-03-05,5288,1026,2,64.74,0,North,2,Completed
205547,2025-07-11,5418,1058,2,206.2,0.1,West,2,Completed
205548,2025-04-07,5411,1017,2,80.37,0.1,West,2,Completed
205549,2025-10-17,5449,1043,1,99.06,0.05,West,1,Completed
205550,2024-10-25,5185,1061,2,153.06,0.05,East,7,Completed
205551,2025-12-26,5213,1052,1,334.79,0.1,North,3,Completed
205552,2024-10-05,5044,1065,2,67.32,0,South,6,Completed
205553,2025-12-05,5186,1018,8,318.13,0.05,North,4,Completed
205554,2025-12-15,5349,1066,1,169.31,0.05,South,2,Completed
205555,2024-02-08,5389,1049,1,23.14,0,North,5,Completed
205556,2025-10-17,5200,1064,1,98.84,0,North,4,Completed
205557,2025-07-13,5405,1072,6,79.63,0.1,West,7,Returned
205558,2024-08-01,5225,1053,2,214.83,0,North,3,Completed
205559,2024-11-07,5420,1004,1,151.72,0.05,East,6,Completed
205560,2025-06-08,5282,1002,1,69.74,0.15,East,3,Completed
205561,2025-09-21,5437,1014,2,36.29,0.2,West,5,Completed
205562,2024-07-30,5383,1065,1,62.4,0,West,3,Completed
205563,2025-01-10,5086,1061,1,141.93,0.15,North,7,Completed
205564,2025-01-08,5192,1058,2,199.11,0.05,North,2,Completed
205565,2025-12-02,5037,1002,2,69.63,0.1,South,3,Returned
205566,2024-11-18,5031,1044,2,146.97,0.05,South,3,Completed
205567,2024-01-07,5027,1052,3,334.6,0.15,North,3,Completed
205568,2025-11-06,5499,1009,10,208.34,0,South,5,Completed
205569,2024-10-25,5085,1038,2,216.2,0,North,4,Completed
205570,2024-08-23,5151,1028,5,270.2,0.1,South,8,Completed
205571,2024-12-06,5169,1059,2,126.29,0,East,4,Completed
205572,2025-03-03,5138,1024,1,116.18,0.15,East,5,Completed
205573,2025-08-25,5159,1056,3,344.77,0.05,South,7,Completed
205574,2025-06-10,5417,1015,1,230.36,0.05,North,3,Completed
205575,2025-03-05,5011,1025,6,193.79,0.05,North,,Cancelled
205576,2025-02-03,5054,1018,2,319.62,0,East,1,Completed
205577,2025-11-01,5085,1021,3,116.38,0.15,North,4,Completed
205578,2024-03-12,5151,1028,1,274.39,0,South,4,Completed
205579,2025-09-13,5170,1057,1,66.37,0,North,3,Completed
205580,2025-05-11,5401,1072,1,74.54,0,East,3,Completed
205581,2024-07-21,5229,1068,1,191.12,0.05,North,5,Completed
205582,2024-08-29,5146,1013,2,136.21,0.2,South,4,Completed
205583,2024-05-11,5412,1026,1,65.2,0.15,East,2,Completed
205584,2025-04-27,5041,1054,4,244.46,0.05,East,2,Completed
205585,2024-12-08,5429,1040,1,280.7,0,East,6,Completed
205586,2024-07-27,5143,1039,3,190.9,0,North,3,Completed
205587,2024-05-03,5293,1036,2,255.53,0,West,4,Completed
205588,2025-09-10,5431,1065,2,65.68,0.15,West,,Cancelled
205589,2025-03-10,5246,1067,6,218.17,0.2,West,4,Completed
205590,2025-08-21,5123,1042,3,16.98,0.05,East,4,Completed
205591,2024-09-23,5405,1038,1,203.82,0,West,3,Completed
205592,2025-05-06,5176,1020,1,57.79,0.05,North,5,Completed
205593,2025-05-01,5084,1071,1,120.47,0,North,4,Completed
205594,2024-09-15,5313,1016,1,56.11,0,East,4,Completed
205595,2024-08-21,5452,1004,2,156.66,0.05,North,4,Completed
205596,2025-10-29,5010,1072,2,72.46,0,West,4,Completed
205597,2024-04-18,5184,1004,3,159.57,0.05,South,4,Completed
205598,2025-02-07,5089,1042,2,17.81,0.05,North,,Cancelled
205599,2025-11-23,5245,1039,4,194.23,0,North,5,Completed
205600,2025-02-16,5035,1067,2,231.6,0,South,4,Completed
205601,2024-08-26,5036,1052,4,333.08,0,East,2,Completed
205602,2024-05-25,5006,1026,2,68.89,0,West,4,Completed
205603,2025-09-16,5156,1004,2,148.58,0.1,North,3,Completed
205604,2024-08-18,5016,1041,1,45.34,0.2,East,3,Completed
205605,2024-10-21,5289,1044,1,132.99,0,West,6,Completed
205606,2024-03-19,5334,1005,5,85.34,0.05,West,6,Completed
205607,2024-01-10,5084,1069,4,180.49,0.05,North,3,Returned
205608,2024-11-25,5440,1050,3,76.3,0,North,3,Completed
205609,2024-03-22,5021,1005,5,84.18,0,East,3,Completed
205610,2024-01-15,5413,1039,5,178.55,0,North,,Cancelled
205611,2025-06-10,5234,1042,3,16.58,0,West,3,Completed
205612,2025-10-29,5433,1012,2,233.17,0.1,North,5,Completed
205613,2024-09-04,5381,1026,4,69.08,0,North,3,Completed
205614,2024-04-05,5080,1003,1,257.01,0,North,3,Completed
205615,2025-08-12,5213,1023,6,189.03,0.1,North,3,Completed
205616,2024-08-06,5034,1002,1,78.53,0.05,West,8,Completed
205617,2025-11-15,5455,1032,2,219.47,0.1,South,4,Completed
205618,2025-12-18,5220,1048,2,290.93,0,West,5,Returned
205619,2024-08-13,5410,1008,2,114.64,0.1,South,4,Completed
205620,2024-11-05,5224,1034,1,143.81,0.05,West,4,Completed
205621,2025-09-08,5089,1066,1,164.33,0,North,2,Completed
205622,2024-07-03,5449,1034,3,131.48,0.1,West,8,Completed
205623,2025-10-24,5343,1055,3,282.54,0.05,South,3,Completed
205624,2024-10-17,5491,1065,2,61.93,0,South,,Cancelled
205625,2024-02-14,5379,1033,1,160.42,0,South,3,Completed
205626,2024-05-21,5192,1069,1,182.95,0,North,5,Completed
205627,2024-03-20,5214,1045,2,113.9,0,South,3,Completed
205628,2025-08-29,5050,1045,3,108.32,0,East,1,Completed
205629,2025-07-01,5061,1041,1,47.43,0.2,North,3,Completed
205630,2025-07-14,5457,1017,1,71.51,0.05,East,8,Completed
205631,2024-04-20,5400,1027,6,109.26,0,West,3,Completed
205632,2025-12-01,5008,1044,1,143.46,0,West,4,Completed
205633,2024-07-09,5391,1027,1,102.98,0,West,3,Completed
205634,2025-12-24,5187,1048,6,320.74,0.2,East,6,Completed
205635,2025-01-15,5155,1064,2,99.21,0.15,West,2,Completed
205636,2025-08-31,5415,1030,2,130.24,0,North,4,Completed
205637,2025-07-06,5180,1011,2,34.44,0,North,6,Completed
205638,2024-01-16,5403,1068,2,207.02,0,South,5,Completed
205639,2025-06-14,5125,1058,3,209.45,0,South,3,Completed
205640,2024-10-26,5186,1067,4,210.15,0.05,North,3,Completed
205641,2025-03-05,5150,1044,1,141.35,0.1,North,1,Completed
205642,2025-04-03,5108,1021,2,114.12,0.05,East,4,Completed
205643,2024-02-24,5422,1043,2,90.24,0,West,3,Completed
205644,2024-02-16,5454,1017,4,71.37,0.05,North,3,Completed
205645,2025-08-17,5148,1027,2,110.11,0,South,3,Completed
205646,2025-09-20,5254,1025,1,193.67,0.05,West,6,Completed
205647,2025-11-29,5138,1002,3,70.37,0.05,East,4,Completed
205648,2024-05-03,5320,1001,1,161.9,0,West,6,Completed
205649,2025-02-08,5313,1010,3,94.13,0.15,East,2,Completed
205650,2025-03-01,5327,1051,1,231.2,0,East,4,Completed
205651,2024-07-06,5113,1045,2,114.96,0,North,1,Completed
205652,2025-12-02,5127,1014,4,35.33,0,North,2,Returned
205653,2025-10-12,5198,1011,1,33.18,0,West,4,Completed
205654,2025-05-19,5024,1008,4,114.14,0,East,4,Completed
205655,2025-07-17,5108,1005,4,84.93,0,East,2,Completed
205656,2024-05-23,5204,1063,5,232.14,0,East,3,Completed
205657,2024-04-28,5144,1061,1,148.93,0,North,7,Completed
205658,2025-04-09,5122,1063,5,215.57,0,West,4,Completed
205659,2025-04-15,5021,1008,3,112.35,0.05,East,4,Completed
205660,2024-02-17,5484,1069,3,178.53,0,North,5,Completed
205661,2025-10-15,5139,1060,2,124.28,0,West,3,Completed
205662,2025-08-29,5187,1058,1,204.05,0.1,East,3,Completed
205663,2025-10-10,5373,1041,3,46.79,0,West,4,Completed
205664,2025-08-20,5043,1003,3,264.76,0.05,East,5,Completed
205665,2025-06-25,5483,1062,3,173.52,0,North,5,Completed
205666,2024-10-22,5276,1001,1,158.0,0,West,3,Completed
205667,2024-06-27,5419,1070,2,214.21,0,South,3,Completed
205668,2024-12-23,5394,1060,2,125.52,0,West,4,Completed
205669,2025-12-29,5413,1038,2,209.4,0.05,North,2,Completed
205670,2025-10-11,5438,1019,1,105.38,0.1,North,2,Completed
205671,2025-02-01,5411,1023,3,201.64,0.15,West,,Cancelled
205672,2024-09-21,5465,1007,10,167.48,0.1,South,1,Completed
205673,2025-12-31,5456,1066,3,173.75,0,South,3,Completed
205674,2025-12-19,5155,1039,1,187.17,0.2,West,5,Completed
205675,2024-05-09,5473,1062,1,179.16,0,East,2,Completed
205676,2024-04-07,5290,1068,5,214.06,0.15,South,,Cancelled
205677,2024-08-26,5461,1055,1,285.89,0,West,3,Returned
205678,2024-04-27,5424,1058,2,203.95,0,South,3,Completed
205679,2024-10-07,5331,1056,3,323.86,0,East,6,Completed
205680,2025-03-13,5180,1040,1,266.23,0.05,North,2,Completed
205681,2025-04-15,5089,1041,2,47.27,0.05,North,4,Completed
205682,2024-08-14,5368,1062,2,184.31,0,North,3,Completed
205683,2025-11-15,5115,1021,3,107.98,0.1,West,3,Completed
205684,2025-09-21,5371,1003,3,258.55,0,South,4,Completed
205685,2025-10-21,5040,1045,1,110.35,0.05,South,,Cancelled
205686,2024-05-24,5342,1029,3,195.84,0,South,3,Completed
205687,2024-03-18,5303,1054,2,260.6,0.2,North,4,Completed
205688,2024-08-23,5352,1030,2,135.92,0,West,6,Completed
205689,2025-03-20,5350,1003,3,254.58,0.05,West,4,Completed
205690,2024-02-24,5210,1051,4,260.86,0,South,4,Completed
205691,2024-03-26,5030,1045,1,108.83,0.15,South,4,Completed
205692,2024-11-25,5209,1032,1,228.53,0.2,South,3,Completed
205693,2024-10-18,5323,1032,1,216.03,0.1,South,3,Completed
205694,2024-04-06,5199,1019,2,98.82,0,North,3,Completed
205695,2024-05-13,5256,1039,1,176.74,0,East,3,Completed
205696,2025-09-10,5248,1004,3,149.73,0.05,South,3,Completed
205697,2025-12-27,5087,1072,2,77.67,0,North,2,Completed
205698,2025-05-03,5072,1057,1,66.38,0.15,West,4,Returned
205699,2025-04-21,5067,1072,2,75.0,0,East,2,Completed
205700,2024-09-24,5227,1033,2,146.94,0,North,5,Returned
205701,2025-09-17,5156,1052,4,305.26,0.15,North,4,Completed
205702,2025-01-14,5035,1062,1,185.02,0,South,4,Completed
205703,2024-09-23,5153,1042,1,16.38,0.05,South,4,Completed
205704,2024-09-23,5182,1057,3,69.02,0.2,West,3,Completed
205705,2025-06-14,5274,1059,1,128.05,0.05,South,3,Completed
205706,2025-07-02,5024,1064,1,99.14,0.05,East,4,Completed
205707,2024-09-19,5448,1017,1,78.26,0.2,North,4,Completed
205708,2025-11-10,5199,1002,2,70.62,0,North,3,Completed
205709,2024-11-14,5425,1046,4,71.96,0,East,4,Completed
205710,2025-10-31,5056,1005,3,78.32,0,East,4,Completed
205711,2025-10-06,5349,1011,2,33.53,0.1,South,5,Completed
205712,2024-10-15,5267,1033,5,145.31,0,North,3,Completed
205713,2025-03-29,5038,1018,3,316.94,0.15,West,,Cancelled
205714,2024-07-18,5257,1044,3,131.67,0.1,West,3,Completed
205715,2025-08-06,5139,1063,1,208.34,0.15,West,2,Returned
205716,2025-09-01,5407,1069,1,181.36,0.05,South,3,Completed
205717,2024-11-29,5050,1050,1,77.67,0,East,3,Completed
205718,2024-05-09,5129,1042,3,17.75,0.05,South,4,Completed
205719,2024-08-31,5476,1022,2,40.65,0,East,1,Completed
205720,2024-01-09,5007,1071,2,120.95,0.05,East,4,Completed
205721,2024-01-14,5283,1066,1,177.1,0,South,3,Completed
205722,2025-02-10,5079,1070,3,236.49,0.05,North,4,Completed
205723,2024-02-22,5322,1020,10,56.4,0,West,8,Returned
205724,2025-03-10,5278,1009,1,220.96,0,West,4,Completed
205725,2024-06-20,5194,1051,1,261.09,0,East,1,Completed
205726,2024-03-01,5297,1072,4,73.71,0.05,East,5,Completed
205727,2025-12-12,5318,1022,5,39.04,0.15,East,3,Completed
205728,2024-08-31,5171,1069,1,166.67,0.15,North,4,Completed
205729,2025-05-14,5459,1070,1,231.32,0,South,1,Completed
205730,2024-09-02,5073,1030,5,137.01,0.05,West,7,Completed
205731,2025-10-27,5457,1066,2,168.24,0,East,4,Completed
205732,2024-03-24,5455,1056,1,350.26,0,South,3,Completed
205733,2025-12-15,5107,1003,2,267.89,0,East,4,Completed
205734,2025-11-23,5389,1008,6,114.89,0,North,4,Completed
205735,2025-10-29,5322,1021,2,115.02,0.1,West,4,Completed
205736,2024-10-08,5354,1013,1,133.14,0.05,North,4,Completed
205737,2025-04-29,5316,1016,2,58.72,0,North,4,Completed
205738,2025-08-23,5248,1035,5,223.56,0.05,South,2,Completed
205739,2025-02-11,5467,1067,2,235.04,0,North,4,Completed
205740,2025-07-24,5011,1008,1,108.83,0,North,4,Completed
205741,2024-08-03,5255,1037,3,136.6,0.2,East,,Cancelled
205742,2025-11-04,5352,1019,1,109.59,0,West,4,Returned
205743,2025-05-27,5192,1054,3,267.5,0,North,4,Completed
205744,2024-12-13,5001,1014,2,33.38,0,South,5,Completed
205745,2024-10-27,5140,1024,10,115.24,0,East,1,Completed
205746,2024-04-28,5070,1045,1,111.34,0.15,South,2,Completed
205747,2025-03-11,5356,1035,6,232.48,0.1,East,3,Completed
205748,2025-06-29,5082,1037,1,145.52,0,East,7,Completed
205749,2024-08-05,5484,1069,1,162.88,0.05,North,4,Completed
205750,2024-02-07,5440,1008,4,118.05,0,North,3,Completed
205751,2025-06-01,5395,1011,1,32.68,0.1,East,2,Completed
205752,2024-11-19,5100,1002,2,73.95,0.15,West,2,Completed
205753,2025-07-22,5398,1056,4,347.65,0.15,South,3,Completed
205754,2025-01-03,5491,1058,2,204.45,0,South,3,Completed
205755,2025-01-03,5197,1070,8,221.33,0.1,East,7,Completed
205756,2024-06-20,5245,1068,1,200.5,0.2,North,2,Completed
205757,2024-06-28,5027,1007,1,154.39,0.05,North,3,Completed
205758,2025-09-28,5147,1057,1,70.27,0,West,3,Completed
205759,2024-01-07,5148,1059,1,132.41,0.05,South,3,Completed
205760,2024-08-05,5382,1050,2,81.07,0,East,4,Completed
205761,2025-06-19,5437,1009,2,211.83,0,West,3,Completed
205762,2025-11-01,5448,1047,1,193.47,0,North,4,Completed
205763,2024-09-09,5053,1025,3,202.91,0,North,4,Returned
205764,2024-03-30,5434,1060,1,125.28,0,North,3,Completed
205765,2024-10-28,5402,1059,1,130.55,0,West,,Cancelled
205766,2025-08-30,5320,1001,3,174.45,0,West,2,Completed
205767,2025-04-26,5213,1035,3,227.48,0.2,North,3,Completed
205768,2025-06-30,5357,1067,3,220.86,0,East,5,Completed
205769,2025-11-12,5359,1068,2,207.05,0,South,4,Completed
205770,2024-10-26,5029,1070,4,222.82,0,West,4,Completed
205771,2025-07-31,5464,1058,3,202.0,0,West,4,Completed
205772,2024-01-21,5069,1054,3,242.61,0,East,6,Completed
205773,2024-11-05,5410,1069,3,183.72,0.05,South,3,Returned
205774,2025-01-18,5294,1042,4,16.57,0.05,West,2,Completed
205775,2025-06-14,5018,1064,5,98.88,0,North,4,Completed
205776,2024-04-21,5179,1040,1,265.17,0.1,East,4,Completed
205777,2024-06-29,5089,1026,3,68.3,0,North,3,Completed
205778,2024-03-20,5164,1064,4,102.56,0.2,West,3,Returned
205779,2024-12-06,5395,1027,4,109.85,0.05,East,3,Completed
205780,2025-12-18,5069,1064,1,100.32,0,East,7,Completed
205781,2024-03-17,5067,1068,2,210.29,0.1,East,3,Completed
205782,2024-10-07,5426,1038,1,205.02,0,North,8,Completed
205783,2024-08-01,5454,1049,2,24.77,0,North,4,Completed
205784,2025-11-10,5304,1071,1,121.45,0,East,,Cancelled
205785,2024-10-02,5185,1012,8,222.22,0,East,6,Completed
205786,2025-10-27,5244,1017,2,71.34,0.05,West,5,Completed
205787,2025-07-02,5407,1040,2,282.32,0.05,South,5,Completed
205788,2024-10-21,5126,1043,1,89.07,0,West,3,Completed
205789,2024-08-30,5371,1047,2,191.87,0,South,2,Completed
205790,2024-09-29,5009,1001,2,163.49,0.05,North,5,Completed
205791,2024-10-01,5085,1026,2,65.5,0.1,North,5,Completed
205792,2024-08-12,5341,1029,8,196.29,0,South,4,Completed
205793,2024-06-06,5033,1068,5,208.35,0.05,North,3,Completed
205794,2025-08-16,5405,1050,1,75.64,0,West,4,Completed
205795,2025-06-21,5107,1026,3,63.02,0.1,East,4,Completed
205796,2024-01-11,5001,1037,2,129.2,0.15,South,3,Completed
205797,2024-12-07,5162,1002,4,72.68,0,South,4,Completed
205798,2025-10-23,5314,1005,2,82.15,0,North,6,Completed
205799,2024-06-16,5384,1018,1,310.97,0,East,1,Completed
205800,2025-08-10,5123,1009,1,212.61,0,East,5,Completed
205801,2025-01-25,5052,1032,1,232.89,0,West,5,Completed
205802,2024-05-30,5433,1039,10,180.53,0,North,2,Completed
205803,2024-06-10,5074,1028,3,266.68,0.15,West,3,Completed
205804,2025-10-13,5367,1017,1,73.45,0,East,4,Completed
205805,2024-09-02,5088,1037,1,141.11,0,East,1,Completed
205806,2024-05-12,5050,1025,6,204.01,0,East,2,Completed
205807,2024-12-06,5340,1031,2,233.39,0,North,7,Completed
205808,2024-06-14,5172,1030,10,145.58,0,East,8,Completed
205809,2025-12-14,5095,1036,2,243.16,0,West,1,Completed
205810,2025-09-02,5394,1069,2,167.01,0.15,West,1,Completed
205811,2025-07-19,5141,1001,3,154.68,0,West,3,Completed
205812,2025-01-20,5477,1031,2,234.21,0,South,7,Completed
205813,2024-06-16,5217,1061,2,155.68,0.15,North,3,Completed
205814,2024-10-25,5301,1019,3,104.89,0.05,West,3,Completed
205815,2025-07-10,5233,1026,1,69.97,0,East,2,Completed
205816,2024-06-19,5144,1056,1,351.79,0.2,North,5,Completed
205817,2024-03-25,5101,1067,6,230.36,0,East,2,Completed
205818,2025-01-29,5308,1004,3,160.04,0.1,North,3,Completed
205819,2025-12-04,5419,1006,1,199.08,0,South,6,Completed
205820,2024-09-14,5095,1020,2,59.85,0.05,West,5,Completed
205821,2025-08-12,5291,1029,6,192.25,0.05,South,3,Completed
205822,2025-12-11,5466,1021,3,121.59,0,East,,Cancelled
205823,2024-12-26,5143,1015,5,246.25,0.05,North,6,Returned
205824,2024-07-31,5443,1030,2,139.25,0.05,West,5,Completed
205825,2024-12-14,5041,1003,1,252.82,0.05,East,4,Completed
205826,2024-03-01,5186,1045,10,117.95,0,North,2,Completed
205827,2024-01-15,5094,1025,1,209.88,0,East,4,Completed
205828,2025-05-30,5309,1039,2,182.14,0,West,4,Completed
205829,2025-09-26,5180,1022,2,40.47,0.1,North,3,Completed
205830,2025-07-23,5186,1006,2,212.85,0,North,3,Completed
205831,2024-06-25,5481,1001,1,170.42,0.05,West,4,Completed
205832,2025-10-02,5362,1034,1,145.05,0.05,West,6,Completed
205833,2024-07-01,5182,1053,10,210.23,0,West,3,Completed
205834,2024-01-27,5459,1065,6,69.29,0.1,South,5,Completed
205835,2024-11-05,5292,1052,1,311.51,0,West,5,Completed
205836,2024-07-22,5432,1042,1,16.26,0,South,,Cancelled
205837,2024-05-23,5372,1029,3,189.04,0,South,,Cancelled
205838,2025-12-13,5445,1008,5,120.89,0.1,West,3,Completed
205839,2025-12-29,5177,1020,4,56.36,0,South,4,Completed
205840,2025-06-30,5480,1053,6,216.39,0.05,East,3,Completed
205841,2024-07-09,5373,1010,2,92.73,0.1,West,3,Completed
205842,2025-03-24,5228,1037,1,139.76,0,East,3,Completed
205843,2025-06-02,5145,1021,6,114.41,0,East,4,Completed
205844,2025-06-20,5016,1059,1,126.63,0,East,2,Completed
205845,2025-06-20,5430,1038,2,208.19,0.05,South,2,Completed
205846,2025-05-08,5058,1066,2,163.16,0,North,4,Completed
205847,2025-11-04,5424,1007,3,161.62,0,South,,Cancelled
205848,2024-10-27,5353,1010,1,90.4,0,South,2,Returned
205849,2024-10-23,5366,1054,1,242.51,0,East,1,Completed
205850,2025-12-02,5434,1036,1,242.99,0.1,North,,Cancelled
205851,2024-03-31,5005,1028,2,252.01,0,West,3,Completed
205852,2025-03-31,5008,1056,2,316.41,0,West,,Cancelled
205853,2024-12-19,5268,1030,1,135.17,0,East,3,Returned
205854,2025-04-30,5068,1059,1,129.97,0,West,3,Completed
205855,2024-05-05,5054,1043,6,99.13,0,East,3,Completed
205856,2024-07-31,5050,1033,3,144.07,0,East,2,Completed
205857,2024-11-29,5439,1054,1,256.99,0.05,North,7,Completed
205858,2024-05-04,5179,1028,1,271.19,0,East,2,Completed
205859,2024-05-28,5004,1057,1,67.44,0.05,South,5,Completed
205860,2024-11-03,5383,1023,2,207.98,0,West,5,Returned
205861,2024-11-21,5220,1017,1,71.3,0,West,4,Completed
205862,2024-03-17,5473,1031,3,254.73,0,East,5,Completed
205863,2024-01-27,5396,1008,3,110.97,0.05,South,4,Completed
205864,2025-12-25,5320,1058,4,212.05,0,West,5,Completed
205865,2025-06-17,5095,1067,5,219.27,0.1,West,4,Completed
205866,2025-09-29,5463,1033,2,149.21,0.05,South,3,Completed
205867,2025-02-18,5023,1020,3,59.93,0,North,4,Completed
205868,2025-03-23,5321,1051,2,231.46,0.15,South,2,Returned
205869,2025-08-02,5393,1022,1,36.52,0.15,South,3,Completed
205870,2025-05-19,5010,1055,3,266.92,0,West,3,Completed
205871,2025-05-20,5035,1002,3,78.75,0,South,3,Completed
205872,2025-10-10,5406,1029,3,189.0,0.15,East,5,Completed
205873,2025-04-10,5050,1046,1,68.38,0,East,3,Completed
205874,2025-10-20,5043,1050,1,81.14,0.1,East,4,Completed
205875,2024-04-29,5496,1042,2,16.54,0.1,West,6,Completed
205876,2025-08-23,5288,1054,1,272.31,0,North,4,Completed
205877,2025-10-01,5001,1031,2,251.54,0.05,South,8,Completed
205878,2024-08-09,5201,1062,1,175.06,0.05,West,5,Completed
205879,2024-02-15,5112,1045,3,111.98,0.05,South,1,Completed
205880,2024-12-28,5367,1044,3,136.0,0.05,East,6,Completed
205881,2025-07-15,5348,1007,2,154.8,0.05,East,4,Completed
205882,2024-02-06,5303,1065,10,64.94,0,North,3,Completed
205883,2025-08-22,5410,1010,1,85.33,0,South,2,Completed
205884,2024-02-19,5034,1051,3,253.96,0.05,West,4,Completed
205885,2025-03-26,5496,1006,2,204.13,0.1,West,5,Completed
205886,2025-09-17,5461,1040,1,265.24,0,West,1,Completed
205887,2025-04-05,5069,1012,2,214.76,0.2,East,2,Completed
205888,2025-03-25,5245,1056,1,339.93,0.05,North,1,Completed
205889,2024-12-13,5097,1064,1,96.51,0.15,East,3,Completed
205890,2024-06-30,5331,1017,1,78.91,0.05,East,3,Completed
205891,2025-08-20,5465,1026,2,65.59,0,South,5,Completed
205892,2025-04-28,5452,1051,5,240.52,0.1,North,,Cancelled
205893,2024-09-11,5039,1041,3,45.56,0.2,West,4,Completed
205894,2024-01-02,5070,1064,1,92.88,0,South,5,Completed
205895,2025-05-19,5014,1027,5,106.13,0,East,2,Completed
205896,2025-05-29,5444,1001,1,170.63,0.15,South,3,Completed
205897,2025-08-13,5306,1004,2,158.96,0.05,North,3,Completed
205898,2025-02-12,5454,1052,1,311.27,0.15,North,3,Completed
205899,2024-10-14,5307,1007,2,161.77,0.1,West,6,Completed
205900,2025-03-20,5368,1010,1,95.18,0.05,North,,Cancelled
205901,2024-05-15,5354,1057,1,70.46,0,North,5,Completed
205902,2025-01-25,5020,1022,5,37.28,0.05,East,5,Completed
205903,2025-08-21,5183,1043,1,92.48,0.05,North,4,Completed
205904,2024-09-13,5414,1052,3,335.49,0.15,North,4,Completed
205905,2024-12-26,5231,1036,3,232.62,0,East,2,Completed
205906,2025-03-27,5151,1072,4,74.99,0,South,5,Completed
205907,2025-11-16,5434,1029,2,202.87,0,North,4,Completed
205908,2025-06-08,5318,1008,1,115.48,0.1,East,3,Completed
205909,2024-04-17,5201,1028,1,265.03,0,West,1,Completed
205910,2025-08-30,5082,1037,2,134.76,0.15,East,5,Completed
205911,2025-11-05,5152,1052,1,340.02,0.2,East,2,Completed
205912,2025-05-18,5417,1055,1,274.66,0.05,North,1,Completed
205913,2025-03-13,5011,1049,2,24.12,0.05,North,2,Completed
205914,2025-01-13,5159,1017,2,76.51,0,South,4,Completed
205915,2025-12-20,5169,1033,1,157.53,0.05,East,4,Completed
205916,2025-08-11,5010,1030,1,132.48,0.15,West,3,Completed
205917,2025-09-09,5486,1050,2,75.0,0.2,West,4,Completed
205918,2025-09-11,5023,1018,4,308.63,0.2,North,4,Completed
205919,2024-03-19,5457,1029,6,183.92,0,East,6,Completed
205920,2025-09-24,5409,1014,1,34.65,0.05,West,3,Completed
205921,2025-01-02,5012,1010,3,86.47,0.05,North,7,Completed
205922,2024-11-22,5477,1036,3,262.66,0,South,5,Completed
205923,2024-03-30,5178,1035,1,233.91,0,East,3,Completed
205924,2024-05-28,5252,1040,1,266.81,0.1,West,4,Returned
205925,2024-07-23,5069,1006,4,209.52,0,East,1,Completed
205926,2025-04-02,5261,1055,1,280.51,0,South,2,Completed
205927,2025-05-10,5384,1041,5,48.76,0.05,East,4,Completed
205928,2025-02-05,5334,1029,1,185.21,0.2,West,2,Completed
205929,2024-10-14,5130,1061,2,156.65,0.1,South,5,Completed
205930,2025-03-23,5077,1041,1,49.14,0,North,5,Completed
205931,2025-12-17,5354,1021,1,112.57,0,North,3,Completed
205932,2025-11-28,5083,1058,2,213.69,0,West,1,Completed
205933,2024-01-31,5446,1051,3,249.04,0.1,South,3,Completed
205934,2024-03-03,5460,1008,2,118.58,0,East,5,Completed
205935,2025-09-06,5464,1043,2,94.95,0,West,4,Completed
205936,2025-04-30,5494,1072,2,73.79,0,South,3,Completed
205937,2024-10-16,5242,1016,5,59.79,0,East,1,Completed
205938,2025-10-25,5066,1069,2,180.27,0,West,5,Completed
205939,2024-07-04,5494,1044,6,136.4,0,South,2,Completed
205940,2024-12-15,5190,1033,1,149.35,0,South,4,Completed
205941,2025-09-11,5262,1032,3,224.94,0,South,3,Completed
205942,2024-07-04,5481,1022,5,35.96,0,West,3,Completed
205943,2025-02-11,5134,1064,5,100.02,0.05,North,8,Completed
205944,2024-03-10,5363,1002,3,76.95,0,East,,Cancelled
205945,2025-04-01,5448,1022,5,37.42,0.05,North,4,Completed
205946,2025-04-06,5444,1067,5,224.5,0.1,South,3,Completed
205947,2024-08-18,5498,1035,4,238.14,0.05,East,6,Completed
205948,2024-11-21,5123,1071,5,123.56,0,East,2,Completed
205949,2025-07-02,5460,1034,1,138.56,0,East,4,Completed
205950,2025-10-13,5456,1072,2,74.43,0,South,6,Completed
205951,2025-05-14,5131,1023,2,190.52,0,South,3,Completed
205952,2025-05-06,5234,1025,2,197.54,0,West,5,Completed
205953,2024-03-07,5207,1021,1,119.97,0.15,North,2,Completed
205954,2024-07-21,5271,1064,1,95.03,0.05,South,2,Completed
205955,2025-02-11,5354,1016,5,58.03,0.1,North,3,Completed
205956,2025-09-24,5346,1051,2,253.36,0.05,South,3,Completed
205957,2024-06-25,5473,1051,1,240.11,0,East,4,Returned
205958,2024-05-08,5323,1024,2,121.82,0.2,South,3,Completed
205959,2024-04-14,5022,1059,2,134.94,0.05,East,4,Completed
205960,2024-12-07,5236,1019,2,111.44,0,West,8,Completed
205961,2024-02-26,5306,1065,1,63.78,0.05,North,,Cancelled
205962,2025-03-28,5036,1029,2,190.68,0,East,5,Completed
205963,2024-03-08,5419,1013,1,133.93,0.2,South,7,Completed
205964,2025-08-02,5286,1015,2,250.97,0.1,South,3,Completed
205965,2025-04-12,5014,1056,2,319.88,0.05,East,6,Completed
205966,2025-02-04,5108,1013,1,123.08,0,East,3,Returned
205967,2024-12-23,5152,1021,1,112.85,0,East,3,Completed
205968,2024-03-31,5471,1023,1,205.59,0.15,North,3,Completed
205969,2024-10-26,5394,1009,3,212.8,0,West,5,Completed
205970,2024-02-13,5230,1061,3,147.59,0,East,4,Completed
205971,2025-01-13,5372,1017,1,73.5,0,South,6,Completed
205972,2025-01-14,5169,1040,6,269.88,0,East,3,Completed
205973,2025-12-03,5262,1066,10,166.47,0,South,3,Completed
205974,2025-11-16,5437,1039,1,191.74,0.05,West,1,Completed
205975,2024-05-15,5207,1025,5,201.59,0.1,North,4,Completed
205976,2024-10-08,5194,1003,10,264.43,0,East,6,Completed
205977,2024-04-01,5388,1010,1,94.86,0,East,4,Completed
205978,2024-02-21,5406,1044,3,132.97,0.05,East,4,Completed
205979,2025-05-29,5378,1027,5,115.7,0,West,2,Completed
205980,2024-07-15,5078,1065,4,68.32,0.05,West,1,Completed
205981,2025-11-13,5189,1001,3,160.89,0,East,,Cancelled
205982,2025-03-12,5153,1063,2,228.9,0.1,South,8,Completed
205983,2024-08-31,5263,1005,3,76.07,0.15,South,8,Completed
205984,2025-03-06,5350,1035,1,224.34,0.1,West,5,Completed
205985,2024-08-04,5463,1036,2,246.89,0.15,South,2,Returned
205986,2024-05-02,5053,1014,2,35.19,0.05,North,5,Returned
205987,2025-08-14,5332,1017,3,80.32,0.05,North,4,Completed
205988,2025-09-08,5432,1007,1,157.41,0,South,3,Completed
205989,2024-01-19,5489,1017,4,73.85,0.2,East,4,Returned
205990,2024-01-26,5403,1051,10,261.38,0.15,South,3,Returned
205991,2024-04-19,5267,1002,2,75.9,0.2,North,8,Completed
205992,2025-10-01,5214,1003,1,264.95,0,South,8,Completed
205993,2025-09-14,5336,1035,1,235.78,0,South,1,Completed
205994,2024-07-20,5060,1048,4,319.64,0.2,South,3,Completed
205995,2025-03-18,5092,1045,6,119.22,0.05,South,4,Completed
205996,2025-10-24,5440,1072,4,81.02,0.05,North,,Cancelled
205997,2024-02-14,5154,1064,1,96.49,0.15,South,3,Completed
205998,2025-08-06,5050,1052,1,335.23,0,East,6,Completed
205999,2025-11-19,5327,1058,1,210.45,0,East,,Cancelled
206000,2024-07-22,5105,1048,3,313.84,0,West,4,Completed
206001,2025-02-13,5356,1051,3,251.65,0.05,East,3,Completed
206002,2024-12-06,5038,1065,5,68.67,0,West,1,Completed
206003,2025-09-12,5356,1025,2,207.44,0,East,4,Completed
206004,2024-11-30,5272,1019,4,102.92,0.1,North,4,Completed
206005,2024-02-16,5103,1070,1,219.55,0,East,2,Completed
206006,2025-07-19,5027,1048,2,300.49,0.05,North,3,Completed
206007,2025-04-12,5355,1008,2,120.47,0.05,South,3,Completed
206008,2025-12-08,5012,1045,6,105.72,0,North,2,Completed
206009,2025-12-28,5052,1032,2,214.26,0,West,1,Completed
206010,2025-01-01,5142,1066,3,173.73,0.1,North,5,Completed
206011,2025-11-12,5350,1025,6,205.7,0,West,3,Completed
206012,2024-11-21,5167,1022,1,36.51,0.05,West,5,Completed
206013,2024-10-05,5221,1011,6,35.67,0.05,North,4,Completed
206014,2025-04-01,5376,1070,6,219.1,0,West,2,Completed
206015,2025-08-25,5171,1019,2,100.04,0,North,6,Completed
206016,2024-08-27,5158,1066,4,165.88,0,East,3,Completed
206017,2025-11-24,5388,1018,1,334.77,0,East,3,Completed
206018,2025-06-12,5366,1039,3,171.25,0.05,East,1,Completed
206019,2024-08-12,5364,1027,1,110.77,0,West,,Cancelled
206020,2025-01-12,5196,1044,2,134.33,0,North,2,Completed
206021,2025-02-01,5373,1025,1,194.34,0,West,6,Completed
206022,2024-01-24,5090,1065,1,61.79,0.05,North,8,Completed
206023,2024-12-16,5263,1002,2,78.2,0.05,South,4,Completed
206024,2025-06-21,5139,1021,2,109.78,0,West,7,Completed
206025,2024-03-28,5252,1023,2,195.03,0,West,6,Completed
206026,2025-01-16,5489,1007,6,162.48,0.15,East,6,Completed
206027,2024-03-27,5294,1066,1,169.9,0.05,West,4,Completed
206028,2024-06-20,5405,1048,1,293.97,0.05,West,2,Completed
206029,2025-07-18,5102,1017,1,79.91,0.05,East,4,Completed
206030,2024-03-02,5291,1069,1,163.91,0,South,6,Completed
206031,2024-11-17,5089,1050,3,74.69,0,North,1,Completed
206032,2025-05-17,5321,1043,1,89.93,0.2,South,3,Completed
206033,2024-05-20,5391,1049,1,25.3,0,West,3,Completed
206034,2024-01-17,5034,1029,1,194.16,0,West,5,Completed
206035,2024-10-15,5095,1011,3,36.37,0.05,West,1,Completed
206036,2024-12-09,5435,1048,3,323.61,0.1,South,7,Completed
206037,2025-03-13,5013,1017,1,76.96,0,South,4,Completed
206038,2025-04-05,5314,1067,2,222.16,0.05,North,5,Completed
206039,2024-08-04,5040,1009,5,218.62,0.05,South,4,Completed
206040,2024-06-20,5195,1058,3,208.45,0,East,3,Completed
206041,2025-03-29,5485,1006,1,203.98,0.15,South,1,Completed
206042,2025-10-12,5486,1046,1,74.13,0,West,5,Completed
206043,2024-10-15,5248,1002,8,75.02,0,South,2,Completed
206044,2024-08-03,5333,1018,1,309.82,0,South,3,Completed
206045,2025-03-17,5487,1010,3,91.5,0.05,West,,Cancelled
206046,2025-02-27,5158,1040,1,277.15,0,East,4,Completed
206047,2024-03-10,5368,1043,1,99.58,0,North,2,Completed
206048,2024-07-20,5299,1008,1,122.23,0,West,3,Completed
206049,2024-11-04,5094,1052,2,335.11,0,East,3,Completed
206050,2024-10-19,5261,1069,3,172.12,0.15,South,5,Completed
206051,2025-05-23,5237,1071,1,124.81,0.05,East,4,Completed
206052,2024-03-10,5322,1009,4,204.35,0,West,3,Returned
206053,2024-06-08,5026,1008,4,117.47,0.1,North,2,Completed
206054,2025-03-28,5158,1030,1,145.86,0,East,3,Completed
206055,2025-04-14,5276,1051,2,232.42,0,West,2,Completed
206056,2025-10-22,5251,1057,4,69.93,0,East,3,Completed
206057,2025-01-18,5266,1038,2,227.09,0,East,4,Completed
206058,2025-10-17,5328,1014,4,33.85,0.05,South,3,Completed
206059,2024-05-03,5438,1037,4,142.25,0,North,4,Completed
206060,2025-09-03,5176,1057,4,70.05,0.1,North,4,Completed
206061,2025-10-19,5244,1057,1,67.71,0.05,West,2,Completed
206062,2025-05-11,5011,1010,4,85.61,0,North,2,Completed
206063,2024-04-21,5180,1023,2,197.47,0.05,North,4,Completed
206064,2025-01-10,5133,1007,4,150.8,0.15,West,5,Completed
206065,2025-04-25,5054,1064,2,94.28,0,East,4,Completed
206066,2024-10-03,5158,1020,1,56.89,0.05,East,2,Completed
206067,2024-02-22,5095,1017,1,76.46,0,West,1,Completed
206068,2024-12-14,5083,1049,1,24.69,0.1,West,4,Completed
206069,2025-03-05,5263,1060,2,121.29,0.2,South,3,Completed
206070,2024-06-13,5029,1031,3,253.08,0,West,,Cancelled
206071,2024-07-02,5319,1025,3,196.03,0,West,3,Completed
206072,2025-10-05,5291,1050,3,81.13,0.2,South,4,Completed
206073,2024-05-09,5140,1045,1,105.94,0.15,East,6,Completed
206074,2025-11-24,5014,1005,2,80.21,0,East,1,Completed
206075,2024-05-27,5030,1053,1,195.98,0.1,South,7,Completed
206076,2024-05-07,5239,1041,2,49.2,0.1,South,3,Completed
206077,2025-03-16,5173,1067,1,232.5,0,West,3,Completed
206078,2024-02-03,5092,1023,1,189.68,0,South,4,Completed
206079,2025-04-13,5478,1059,1,136.65,0,West,7,Completed
206080,2025-06-02,5446,1043,3,92.19,0,South,4,Completed
206081,2024-03-25,5204,1005,2,82.68,0.15,East,4,Completed
206082,2024-08-06,5272,1058,4,196.62,0.05,North,1,Returned
206083,2025-10-30,5106,1005,3,85.84,0.05,East,4,Completed
206084,2024-05-31,5187,1022,2,37.2,0,East,4,Completed
206085,2025-10-30,5016,1051,1,251.75,0,East,3,Completed
206086,2024-02-05,5129,1053,1,197.29,0.15,South,2,Completed
206087,2024-11-28,5371,1047,1,193.95,0.05,South,4,Completed
206088,2024-05-15,5241,1008,5,109.68,0.05,West,3,Completed
206089,2024-11-15,5425,1005,2,86.05,0,East,5,Completed
206090,2024-09-26,5339,1047,2,209.45,0,South,2,Completed
206091,2024-06-19,5239,1005,2,76.35,0.15,South,1,Completed
206092,2024-06-21,5165,1053,2,212.69,0,South,3,Completed
206093,2025-02-10,5138,1042,2,16.44,0.15,East,2,Completed
206094,2025-02-18,5300,1005,2,84.97,0,South,4,Completed
206095,2024-04-28,5249,1010,2,85.94,0,North,4,Completed
206096,2024-07-01,5088,1059,2,131.02,0,East,2,Completed
206097,2025-09-13,5075,1017,2,71.6,0.05,West,3,Completed
206098,2025-02-03,5405,1062,2,173.51,0.05,West,4,Completed
206099,2025-06-17,5442,1047,2,194.96,0.15,North,3,Returned
206100,2024-08-09,5256,1072,3,74.45,0,East,5,Completed
206101,2025-06-07,5100,1061,5,156.69,0,West,4,Completed
206102,2025-02-28,5437,1050,2,77.44,0.05,West,1,Completed
206103,2025-03-03,5302,1048,1,320.45,0,West,3,Completed
206104,2025-09-22,5187,1002,2,72.27,0.1,East,6,Completed
206105,2025-07-27,5317,1020,5,56.52,0,North,2,Completed
206106,2025-04-28,5058,1028,4,260.35,0,North,4,Completed
206107,2025-12-02,5324,1019,3,102.3,0.05,East,4,Completed
206108,2025-05-25,5134,1021,3,111.17,0,North,4,Completed
206109,2025-08-10,5127,1051,2,240.03,0,North,4,Completed
206110,2024-03-28,5090,1066,3,167.95,0,North,4,Completed
206111,2024-03-18,5342,1054,1,267.53,0.1,South,1,Completed
206112,2024-03-04,5274,1072,3,79.63,0,South,3,Completed
206113,2024-12-03,5138,1039,1,177.28,0,East,3,Completed
206114,2025-12-07,5120,1018,3,337.97,0,East,2,Completed
206115,2024-08-31,5162,1045,1,113.78,0,South,4,Completed
206116,2025-08-03,5398,1024,2,109.35,0,South,4,Returned
206117,2025-03-08,5174,1009,2,205.38,0.1,West,4,Completed
206118,2024-08-18,5167,1014,2,32.46,0.1,West,5,Completed
206119,2024-11-27,5175,1060,3,126.06,0,South,6,Completed
206120,2025-11-27,5246,1009,1,201.02,0.15,West,1,Completed
206121,2025-08-10,5080,1025,3,212.06,0.05,North,3,Completed
206122,2025-02-24,5187,1007,2,164.83,0.05,East,3,Returned
206123,2025-01-22,5464,1009,3,220.99,0,West,3,Completed
206124,2025-09-03,5317,1010,4,88.54,0.05,North,5,Completed
206125,2025-01-22,5071,1026,1,68.67,0.1,South,3,Completed
206126,2024-08-28,5054,1038,1,224.34,0,East,3,Completed
206127,2025-09-13,5080,1038,2,203.33,0,North,3,Completed
206128,2025-12-26,5392,1035,1,243.98,0,North,4,Returned
206129,2025-08-27,5068,1014,1,35.41,0.05,West,6,Completed
206130,2024-08-26,5350,1004,1,145.13,0,West,4,Completed
206131,2025-07-07,5303,1047,2,207.88,0,North,2,Completed
206132,2024-01-25,5243,1013,1,121.3,0.2,North,2,Completed
206133,2024-07-25,5333,1055,3,255.82,0.2,South,,Cancelled
206134,2025-09-11,5226,1010,3,95.35,0,West,2,Completed
206135,2024-12-22,5413,1026,3,69.34,0.1,North,6,Completed
206136,2025-10-16,5109,1032,8,222.12,0,East,3,Completed
206137,2025-08-08,5211,1070,3,225.15,0,South,,Cancelled
206138,2025-08-06,5277,1018,3,315.12,0.1,East,,Cancelled
206139,2024-06-26,5283,1006,6,194.04,0,South,4,Returned
206140,2025-07-31,5294,1013,2,132.06,0,West,3,Completed
206141,2024-04-19,5151,1026,1,64.82,0.1,South,2,Returned
206142,2025-03-20,5472,1067,1,217.99,0,South,3,Completed
206143,2025-03-15,5221,1013,1,127.29,0,North,1,Completed
206144,2025-01-26,5386,1031,1,245.62,0.1,West,3,Completed
206145,2024-09-02,5386,1048,1,309.28,0,West,5,Completed
206146,2025-11-09,5155,1001,3,174.29,0,West,3,Completed
206147,2024-10-06,5073,1007,2,148.83,0.05,West,5,Completed
206148,2025-03-30,5055,1049,5,24.87,0,West,7,Completed
206149,2025-05-18,5198,1034,1,131.34,0.1,West,,Cancelled
206150,2025-10-15,5421,1019,1,111.68,0,East,3,Completed
206151,2025-02-04,5001,1034,2,133.41,0,South,5,Completed
206152,2024-02-20,5463,1035,5,229.66,0,South,3,Completed
206153,2025-03-04,5177,1057,3,65.51,0.05,South,2,Completed
206154,2025-09-23,5479,1008,1,109.36,0.05,West,3,Completed
206155,2024-06-13,5331,1042,2,17.69,0,East,2,Completed
206156,2025-05-12,5318,1055,5,260.58,0.15,East,3,Completed
206157,2025-09-24,5359,1047,5,208.91,0,South,3,Completed
206158,2025-06-08,5263,1047,3,192.7,0.05,South,3,Returned
206159,2024-08-20,5332,1035,2,223.63,0,North,3,Completed
206160,2024-04-28,5040,1060,2,129.53,0.15,South,,Cancelled
206161,2024-12-21,5176,1043,3,98.42,0.15,North,,Cancelled
206162,2025-09-22,5218,1067,4,217.21,0,North,3,Completed
206163,2025-09-13,5401,1008,2,113.48,0,East,4,Completed
206164,2025-04-02,5142,1016,3,57.09,0.1,North,2,Completed
206165,2024-09-26,5160,1016,1,60.26,0,West,8,Completed
206166,2025-04-18,5017,1052,1,323.17,0.15,North,7,Completed
206167,2024-02-03,5254,1034,8,142.44,0,West,4,Completed
206168,2024-01-21,5326,1060,1,120.37,0,South,5,Completed
206169,2024-02-21,5417,1030,4,136.77,0.05,North,,Cancelled
206170,2024-11-24,5416,1063,3,219.55,0.05,East,4,Completed
206171,2025-09-28,5393,1013,1,132.98,0,South,2,Completed
206172,2024-04-15,5487,1053,1,212.36,0,West,3,Completed
206173,2025-07-31,5263,1020,1,58.29,0,South,5,Completed
206174,2024-01-05,5108,1004,3,158.5,0,East,2,Completed
206175,2025-11-21,5226,1033,2,144.44,0.05,West,3,Completed
206176,2024-05-09,5190,1042,2,15.73,0.05,South,4,Completed
206177,2024-12-19,5469,1064,4,104.04,0,South,3,Completed
206178,2024-08-25,5070,1049,4,25.35,0,South,4,Completed
206179,2025-02-28,5279,1040,2,280.98,0,South,4,Completed
206180,2025-07-26,5406,1007,1,156.04,0,East,1,Completed
206181,2025-11-08,5339,1033,1,147.31,0.05,South,4,Completed
206182,2024-10-24,5290,1032,1,227.41,0,South,6,Returned
206183,2024-10-18,5100,1027,3,112.58,0.15,West,1,Completed
206184,2024-04-23,5389,1059,4,127.72,0.1,North,5,Completed
206185,2025-01-27,5082,1012,5,228.55,0.05,East,7,Completed
206186,2025-01-20,5035,1068,3,205.71,0.05,South,4,Completed
206187,2025-07-11,5422,1004,6,160.2,0,West,6,Completed
206188,2025-02-12,5286,1031,3,254.65,0.15,South,,Cancelled
206189,2025-04-05,5072,1046,1,69.96,0.1,West,3,Completed
206190,2025-09-12,5033,1009,1,218.46,0,North,4,Completed
206191,2024-09-11,5268,1051,2,239.93,0,East,1,Completed
206192,2025-05-29,5081,1030,8,132.95,0,North,3,Completed
206193,2024-09-24,5177,1010,3,84.15,0.05,South,2,Completed
206194,2025-05-05,5346,1047,5,204.76,0.05,South,2,Completed
206195,2024-01-26,5487,1012,3,218.22,0,West,4,Completed
206196,2024-11-23,5228,1050,8,78.7,0,East,5,Completed
206197,2025-08-13,5355,1039,2,175.22,0.05,South,7,Completed
206198,2024-12-19,5186,1071,3,119.02,0,North,6,Completed
206199,2025-11-25,5325,1047,4,196.88,0.05,West,4,Completed
206200,2024-10-04,5003,1058,1,211.8,0.1,North,5,Completed
206201,2024-07-12,5239,1002,1,73.9,0.1,South,3,Completed
206202,2024-05-17,5314,1007,1,159.57,0.15,North,8,Completed
206203,2024-01-27,5124,1010,1,87.02,0,South,,Cancelled
206204,2024-08-23,5371,1007,1,148.62,0.1,South,2,Completed
206205,2024-06-25,5386,1059,4,143.13,0,West,6,Completed
206206,2025-03-17,5059,1020,1,61.69,0,North,3,Completed
206207,2024-07-31,5475,1028,4,244.97,0,West,3,Completed
206208,2025-09-29,5224,1069,1,168.56,0,West,2,Completed
206209,2024-08-07,5437,1027,2,110.52,0.1,West,4,Completed
206210,2025-02-11,5485,1048,2,326.09,0,South,4,Returned
206211,2025-09-04,5372,1042,5,17.55,0.05,South,2,Completed
206212,2025-01-08,5153,1064,4,94.79,0,South,3,Returned
206213,2024-12-23,5285,1023,6,196.75,0.1,South,,Cancelled
206214,2025-05-24,5220,1040,2,267.33,0.15,West,3,Completed
206215,2024-11-25,5371,1001,2,171.02,0,South,3,Completed
206216,2024-10-13,5307,1053,1,209.74,0,West,3,Completed
206217,2025-02-26,5071,1043,1,93.79,0.15,South,3,Completed
206218,2025-09-24,5313,1064,5,102.23,0.05,East,3,Completed
206219,2024-01-07,5204,1053,3,211.4,0,East,5,Completed
206220,2025-01-15,5094,1065,1,67.73,0,East,3,Completed
206221,2024-01-29,5440,1021,1,109.16,0,North,5,Completed
206222,2025-07-28,5417,1029,2,190.58,0.05,North,4,Completed
206223,2025-05-19,5196,1018,1,337.61,0.1,North,3,Completed
206224,2025-08-27,5238,1034,3,130.99,0,East,4,Completed
206225,2024-10-09,5486,1043,4,97.49,0.05,West,4,Completed
206226,2024-12-05,5115,1030,3,140.04,0.05,West,4,Completed
206227,2025-03-19,5315,1009,1,217.96,0,West,4,Completed
206228,2024-05-26,5365,1044,3,135.68,0.05,South,2,Completed
206229,2024-03-08,5004,1006,2,205.97,0,South,3,Completed
206230,2024-03-22,5033,1016,3,58.02,0,North,1,Completed
206231,2024-02-25,5278,1013,1,132.19,0.05,West,4,Completed
206232,2025-09-25,5200,1014,5,32.72,0.2,North,5,Completed
206233,2025-01-10,5186,1063,1,236.56,0.15,North,3,Completed
206234,2024-06-21,5377,1035,3,238.54,0,West,6,Completed
206235,2025-06-10,5417,1012,3,221.34,0.15,North,4,Completed
206236,2025-07-14,5427,1060,1,120.26,0,North,2,Completed
206237,2025-09-12,5455,1016,1,58.2,0,South,3,Completed
206238,2025-08-16,5002,1057,3,72.32,0,North,,Cancelled
206239,2025-11-17,5206,1012,1,222.63,0,East,2,Completed
206240,2024-09-25,5419,1070,2,231.08,0,South,8,Completed
206241,2025-08-25,5402,1047,2,200.84,0,West,1,Completed
206242,2024-05-19,5210,1017,4,74.55,0,South,4,Completed
206243,2025-09-04,5344,1033,5,156.02,0.15,East,3,Completed
206244,2024-01-12,5064,1003,1,265.83,0.1,East,1,Completed
206245,2025-01-09,5320,1034,3,131.21,0,West,,Cancelled
206246,2024-07-29,5488,1061,3,151.48,0.15,West,6,Completed
206247,2024-07-24,5339,1055,2,277.66,0.15,South,3,Completed
206248,2024-09-05,5355,1011,3,34.83,0.15,South,6,Completed
206249,2025-06-12,5058,1072,4,79.45,0.05,North,2,Completed
206250,2024-08-27,5370,1030,3,145.5,0.15,West,2,Completed
206251,2024-08-28,5049,1035,1,218.72,0.15,East,3,Completed
206252,2024-05-28,5389,1013,2,123.8,0.05,North,5,Completed
206253,2025-06-08,5249,1006,1,195.45,0.15,North,1,Completed
206254,2024-07-04,5260,1019,1,107.43,0.05,South,4,Completed
206255,2024-04-24,5442,1041,2,47.22,0.15,North,3,Completed
206256,2025-05-02,5131,1046,4,74.93,0.1,South,4,Completed
206257,2024-01-16,5175,1003,5,253.71,0,South,2,Completed
206258,2025-05-25,5392,1013,1,130.58,0.1,North,7,Completed
206259,2024-09-01,5115,1013,3,120.43,0,West,8,Completed
206260,2024-12-15,5465,1008,2,119.03,0,South,4,Completed
206261,2024-08-16,5255,1029,2,193.76,0,East,2,Completed
206262,2024-03-24,5084,1007,1,166.81,0,North,4,Completed
206263,2025-07-20,5316,1054,1,243.61,0,North,7,Completed
206264,2025-03-03,5005,1007,2,164.14,0.15,West,3,Completed
206265,2025-03-19,5235,1049,3,25.1,0,East,3,Completed
206266,2024-04-29,5425,1017,1,71.34,0.1,East,5,Completed
206267,2024-10-04,5054,1031,3,252.08,0.05,East,8,Completed
206268,2024-01-28,5421,1042,4,17.45,0,East,3,Completed
206269,2024-12-30,5482,1033,6,157.79,0.05,South,3,Completed
206270,2025-04-22,5181,1038,3,207.96,0.1,East,3,Completed
206271,2024-05-08,5428,1040,2,264.1,0,East,3,Completed
206272,2025-01-28,5001,1034,5,134.66,0,South,4,Completed
206273,2024-11-12,5186,1063,4,212.85,0.1,North,2,Completed
206274,2025-06-07,5455,1066,4,163.99,0,South,1,Completed
206275,2024-01-26,5287,1030,10,138.82,0,North,2,Completed
206276,2024-08-17,5122,1013,3,128.05,0.05,West,3,Completed
206277,2025-05-14,5113,1028,5,267.24,0,North,3,Completed
206278,2024-09-14,5063,1047,1,214.6,0,North,8,Completed
206279,2024-07-27,5408,1001,3,155.61,0,South,3,Completed
206280,2024-08-23,5071,1024,5,108.74,0.15,South,,Cancelled
206281,2025-09-05,5153,1009,1,222.85,0,South,1,Completed
206282,2024-06-14,5220,1031,6,251.3,0.05,West,4,Completed
206283,2024-08-02,5251,1059,2,126.01,0,East,3,Completed
206284,2025-10-17,5272,1025,2,209.99,0.15,North,5,Completed
206285,2024-08-19,5497,1054,1,266.91,0.05,North,5,Completed
206286,2024-03-03,5190,1013,2,131.44,0.05,South,4,Completed
206287,2025-06-24,5499,1012,1,230.04,0.2,South,2,Completed
206288,2025-12-28,5062,1064,1,92.34,0.1,West,3,Completed
206289,2024-12-13,5103,1041,1,47.24,0,East,3,Completed
206290,2024-05-10,5051,1057,1,72.44,0.1,West,4,Completed
206291,2024-10-25,5111,1024,4,122.46,0.1,East,5,Completed
206292,2025-09-19,5017,1004,3,152.16,0.2,North,2,Completed
206293,2024-05-16,5099,1029,1,199.96,0.05,North,4,Completed
206294,2024-11-09,5392,1022,2,39.4,0.1,North,6,Completed
206295,2024-03-26,5061,1018,1,334.49,0,North,7,Returned
206296,2024-02-21,5222,1010,5,89.65,0.05,South,5,Completed
206297,2024-06-15,5092,1061,1,144.05,0.05,South,,Cancelled
206298,2025-01-28,5020,1057,3,65.99,0,East,6,Completed
206299,2024-04-02,5108,1011,2,35.04,0,East,2,Returned
206300,2024-02-27,5208,1046,5,69.5,0,North,3,Returned
206301,2025-04-22,5011,1019,1,100.25,0.05,North,2,Completed
206302,2025-04-27,5071,1044,1,133.79,0,South,6,Completed
206303,2024-12-23,5385,1069,1,182.9,0.05,South,3,Completed
206304,2025-07-15,5330,1031,4,256.12,0.2,South,2,Completed
206305,2024-10-02,5355,1070,2,224.87,0,South,6,Completed
206306,2024-04-19,5475,1023,4,192.59,0.05,West,2,Completed
206307,2024-05-17,5437,1061,1,153.43,0,West,7,Completed
206308,2024-03-29,5381,1027,2,102.97,0,North,1,Completed
206309,2025-11-20,5401,1059,3,132.04,0,East,6,Completed
206310,2024-11-29,5079,1021,5,121.57,0,North,5,Completed
206311,2025-05-21,5345,1036,4,234.19,0,East,3,Completed
206312,2024-07-30,5461,1007,1,166.2,0.2,West,6,Completed
206313,2025-03-27,5082,1027,10,108.97,0,East,3,Completed
206314,2024-06-20,5433,1017,3,75.7,0,North,4,Completed
206315,2024-10-11,5302,1002,10,71.18,0,West,2,Completed
206316,2025-12-09,5371,1022,3,40.55,0,South,2,Completed
206317,2025-06-29,5148,1058,1,209.84,0,South,7,Completed
206318,2024-02-10,5336,1051,1,255.6,0.15,South,4,Completed
206319,2024-03-11,5468,1029,1,204.74,0,North,2,Completed
206320,2024-07-08,5453,1048,1,317.27,0.1,North,4,Returned
206321,2024-09-18,5144,1024,2,111.95,0.05,North,5,Completed
206322,2025-12-21,5239,1008,4,120.48,0,South,3,Completed
206323,2024-12-26,5270,1048,3,305.28,0.15,North,,Cancelled
206324,2025-10-10,5165,1034,2,139.43,0.05,South,5,Completed
206325,2024-09-23,5365,1062,3,184.44,0.15,South,4,Completed
206326,2024-08-06,5030,1039,1,180.66,0,South,3,Completed
206327,2024-12-01,5254,1068,3,201.77,0.15,West,4,Completed
206328,2024-07-04,5221,1062,1,172.24,0.1,North,4,Completed
206329,2025-03-25,5279,1052,4,311.3,0.15,South,2,Completed
206330,2025-11-26,5434,1029,1,195.61,0,North,4,Returned
206331,2025-04-20,5329,1020,1,56.01,0.15,East,1,Completed
206332,2025-09-19,5076,1048,1,318.67,0,South,5,Completed
206333,2024-02-26,5180,1058,4,212.52,0,North,3,Completed
206334,2024-03-07,5114,1003,4,276.08,0,North,4,Completed
206335,2025-12-28,5247,1021,8,117.22,0,West,2,Completed
206336,2025-06-27,5253,1042,2,16.15,0.1,East,,Cancelled
206337,2025-08-28,5364,1068,1,190.31,0,West,2,Completed
206338,2025-12-24,5018,1032,3,221.0,0,North,5,Completed
206339,2025-07-19,5303,1008,4,111.74,0,North,4,Completed
206340,2025-08-07,5500,1054,2,256.71,0.05,West,3,Completed
206341,2024-02-14,5025,1011,2,35.38,0.05,East,3,Completed
206342,2024-01-02,5150,1007,2,151.86,0,North,3,Completed
206343,2025-01-25,5346,1051,1,233.23,0,South,4,Completed
206344,2025-04-09,5174,1032,2,216.21,0.1,West,6,Completed
206345,2024-05-15,5385,1018,1,335.22,0,South,6,Completed
206346,2024-11-22,5484,1006,3,216.19,0,North,2,Completed
206347,2024-03-10,5469,1070,2,234.74,0.1,South,2,Completed
206348,2025-04-19,5401,1049,2,22.77,0,East,5,Completed
206349,2025-09-20,5057,1037,1,142.42,0.1,East,3,Completed
206350,2025-07-26,5429,1023,1,197.45,0,East,5,Completed
206351,2025-06-03,5467,1043,1,89.95,0,North,6,Completed
206352,2024-06-08,5249,1003,1,271.06,0,North,3,Completed
206353,2024-06-09,5168,1005,6,83.46,0,West,5,Completed
206354,2024-11-29,5340,1019,1,103.01,0.05,North,3,Completed
206355,2024-01-03,5177,1043,1,91.69,0,South,,Cancelled
206356,2025-03-04,5393,1018,8,305.83,0,South,3,Completed
206357,2025-05-30,5165,1037,8,145.68,0.1,South,2,Completed
206358,2025-02-14,5080,1003,1,248.22,0.1,North,2,Completed
206359,2025-03-01,5399,1068,4,200.22,0.1,East,3,Completed
206360,2024-07-01,5453,1022,2,40.26,0,North,4,Completed
206361,2025-09-18,5023,1039,1,180.27,0.05,North,3,Completed
206362,2024-06-27,5230,1056,1,345.23,0,East,4,Completed
206363,2025-09-16,5223,1040,6,265.01,0.05,East,4,Completed
206364,2024-10-31,5063,1054,3,273.07,0.15,North,8,Completed
206365,2024-09-28,5327,1065,6,65.2,0,East,7,Completed
206366,2024-04-23,5126,1058,1,213.26,0,West,2,Completed
206367,2025-06-17,5432,1023,2,211.73,0,South,5,Returned
206368,2025-01-21,5413,1060,1,122.78,0.1,North,3,Completed
206369,2025-08-31,5256,1040,1,266.7,0,East,4,Completed
206370,2024-07-12,5332,1008,1,118.08,0,North,5,Returned
206371,2025-03-01,5120,1050,5,74.99,0.2,East,6,Completed
206372,2025-07-20,5104,1071,10,123.05,0,South,5,Completed
206373,2024-08-11,5171,1032,2,242.06,0.1,North,5,Completed
206374,2025-01-08,5269,1054,3,270.25,0,North,2,Completed
206375,2025-12-17,5003,1029,1,203.83,0,North,3,Completed
206376,2025-09-18,5204,1010,2,95.02,0,East,2,Completed
206377,2024-04-27,5160,1012,2,215.17,0.1,West,3,Returned
206378,2024-03-11,5079,1028,3,243.97,0,North,3,Completed
206379,2024-12-11,5237,1052,4,337.49,0,East,3,Completed
206380,2024-01-24,5327,1047,2,208.34,0.1,East,5,Completed
206381,2024-03-06,5062,1048,6,292.07,0.05,West,1,Completed
206382,2024-10-28,5297,1034,1,133.25,0,East,5,Completed
206383,2024-12-09,5347,1049,1,23.85,0,South,2,Completed
206384,2024-06-26,5005,1068,1,198.45,0,West,3,Completed
206385,2025-12-12,5378,1029,1,202.25,0,West,3,Completed
206386,2025-05-02,5118,1065,1,69.52,0,North,,Cancelled
206387,2024-10-25,5096,1056,1,340.03,0.1,West,5,Completed
206388,2024-04-24,5375,1049,1,25.15,0.1,East,4,Completed
206389,2025-02-26,5447,1009,3,211.97,0,West,4,Completed
206390,2024-02-22,5161,1040,1,264.63,0,West,5,Completed
206391,2024-12-10,5150,1063,2,231.12,0.05,North,2,Completed
206392,2025-09-13,5157,1043,2,95.22,0.15,West,2,Completed
206393,2024-12-14,5409,1037,1,145.25,0.1,West,2,Completed
206394,2024-04-25,5011,1002,3,70.64,0,North,5,Completed
206395,2025-06-23,5243,1058,1,213.06,0,North,4,Completed
206396,2025-03-26,5370,1045,2,106.74,0,West,5,Completed
206397,2024-08-08,5305,1023,1,211.53,0,West,5,Completed
206398,2025-11-01,5017,1017,2,74.17,0,North,4,Completed
206399,2025-02-13,5444,1048,2,314.79,0.1,South,2,Completed
206400,2024-06-10,5090,1046,2,73.43,0.1,North,2,Completed
206401,2024-03-05,5049,1015,1,227.87,0,East,4,Completed
206402,2024-10-28,5211,1019,3,99.71,0,South,3,Completed
206403,2024-08-13,5159,1040,5,272.04,0,South,1,Completed
206404,2024-12-22,5166,1028,3,244.32,0.05,East,1,Returned
206405,2025-07-05,5180,1036,4,244.98,0,North,4,Returned
206406,2025-09-17,5248,1028,1,248.23,0.05,South,2,Completed
206407,2024-01-01,5043,1020,3,59.08,0.15,East,4,Completed
206408,2025-07-25,5370,1061,3,147.02,0,West,3,Completed
206409,2024-05-20,5204,1057,2,71.35,0.15,East,3,Completed
206410,2025-01-19,5424,1050,1,73.36,0.15,South,5,Completed
206411,2025-06-14,5161,1051,5,243.53,0,West,5,Completed
206412,2024-04-11,5122,1027,1,113.26,0,West,4,Completed
206413,2024-01-30,5163,1040,3,274.15,0,East,3,Completed
206414,2024-09-08,5355,1002,2,76.12,0,South,5,Completed
206415,2024-06-24,5282,1042,3,16.43,0,East,2,Completed
206416,2025-03-26,5356,1008,1,122.71,0.05,East,2,Completed
206417,2025-06-07,5344,1038,1,225.34,0,East,2,Completed
206418,2025-10-23,5003,1060,1,128.47,0.05,North,3,Completed
206419,2024-10-24,5251,1061,5,156.48,0.15,East,5,Completed
206420,2024-04-12,5406,1045,1,115.78,0,East,6,Completed
206421,2025-12-23,5114,1032,1,223.59,0,North,4,Completed
206422,2025-02-17,5417,1049,2,25.13,0,North,6,Completed
206423,2025-01-25,5012,1059,1,137.05,0,North,3,Completed
206424,2025-12-29,5264,1047,1,202.13,0,West,3,Completed
206425,2024-05-19,5178,1027,10,114.79,0,East,4,Completed
206426,2024-07-03,5133,1009,1,204.4,0.1,West,4,Completed
206427,2025-06-11,5267,1037,1,135.57,0.1,North,1,Completed
206428,2025-07-19,5452,1009,1,210.57,0.15,North,3,Completed
206429,2025-07-18,5111,1068,1,204.58,0.05,East,2,Completed
206430,2025-06-02,5042,1013,4,133.9,0.05,East,7,Completed
206431,2025-09-10,5274,1062,2,189.45,0,South,7,Completed
206432,2025-04-12,5239,1047,1,213.82,0.05,South,3,Completed
206433,2024-05-08,5226,1041,1,44.37,0.05,West,2,Completed
206434,2024-06-21,5266,1029,6,193.64,0.2,East,3,Completed
206435,2025-05-14,5407,1011,1,36.24,0,South,,Cancelled
206436,2024-10-23,5394,1059,1,138.3,0,West,5,Completed
206437,2024-07-05,5251,1055,2,286.59,0.05,East,3,Completed
206438,2024-04-05,5190,1009,5,217.73,0,South,3,Completed
206439,2024-04-22,5397,1044,3,138.3,0,East,5,Completed
206440,2025-12-10,5129,1069,1,178.61,0,South,7,Completed
206441,2024-08-27,5148,1016,1,57.86,0,South,4,Completed
206442,2025-10-11,5160,1054,2,261.83,0,West,,Cancelled
206443,2025-12-17,5152,1055,3,257.53,0.05,East,5,Completed
206444,2024-08-10,5438,1063,2,229.9,0,North,6,Completed
206445,2025-06-06,5464,1042,2,17.44,0,West,6,Completed
206446,2024-08-11,5180,1008,2,119.88,0,North,3,Completed
206447,2025-12-22,5028,1070,1,229.96,0,East,3,Completed
206448,2025-07-12,5382,1029,1,195.86,0,East,2,Completed
206449,2024-12-13,5045,1022,3,39.21,0.05,East,6,Completed
206450,2024-09-26,5328,1032,1,235.95,0,South,5,Completed
206451,2025-03-07,5070,1058,2,218.63,0.1,South,5,Completed
206452,2025-05-25,5449,1054,5,248.24,0.15,West,8,Completed
206453,2025-04-10,5226,1063,5,229.25,0,West,8,Completed
206454,2024-07-26,5287,1033,6,158.31,0.1,North,4,Completed
206455,2024-01-13,5361,1008,6,117.77,0,North,3,Completed
206456,2024-07-06,5378,1066,3,167.59,0.15,West,4,Completed
206457,2024-02-24,5472,1018,3,317.33,0,South,6,Completed
206458,2024-04-08,5360,1047,2,202.02,0,East,3,Completed
206459,2025-06-22,5367,1060,10,122.26,0,East,4,Completed
206460,2025-04-21,5252,1046,2,74.04,0,West,2,Completed
206461,2025-03-02,5470,1038,5,210.33,0,East,4,Completed
206462,2024-08-18,5482,1023,2,188.2,0,South,6,Completed
206463,2024-05-16,5493,1027,3,108.14,0.2,West,5,Completed
206464,2024-11-04,5278,1068,1,198.24,0,West,5,Completed
206465,2024-02-20,5031,1030,6,130.68,0,South,5,Completed
206466,2025-02-20,5021,1057,1,66.64,0.1,East,2,Completed
206467,2025-09-06,5289,1037,2,146.17,0,West,5,Completed
206468,2024-02-01,5214,1010,4,91.68,0.15,South,2,Completed
206469,2024-02-25,5368,1062,1,179.61,0.05,North,3,Completed
206470,2025-12-12,5036,1019,2,100.6,0,East,7,Completed
206471,2024-12-09,5482,1026,1,70.37,0.1,South,4,Completed
206472,2024-12-18,5436,1016,6,59.55,0.15,West,4,Completed
206473,2025-10-18,5156,1072,2,74.89,0.15,North,6,Completed
206474,2024-02-02,5092,1007,1,153.81,0.15,South,8,Completed
206475,2024-10-13,5016,1023,3,198.05,0,East,3,Completed
206476,2025-05-17,5453,1032,1,237.14,0,North,2,Completed
206477,2025-10-03,5033,1038,4,213.26,0.05,North,5,Completed
206478,2025-05-06,5084,1010,2,91.44,0.15,North,5,Completed
206479,2024-05-24,5486,1038,3,201.01,0,West,,Cancelled
206480,2024-05-19,5054,1064,1,93.33,0.1,East,3,Completed
206481,2024-12-11,5045,1062,3,182.94,0,East,,Cancelled
206482,2024-08-18,5121,1011,3,35.71,0.05,West,3,Completed
206483,2025-09-29,5200,1011,3,33.9,0.2,North,4,Returned
206484,2025-05-07,5201,1022,2,37.87,0,West,6,Completed
206485,2025-06-03,5273,1056,4,320.6,0.15,East,4,Completed
206486,2025-04-18,5357,1058,5,198.21,0,East,4,Completed
206487,2025-12-11,5293,1025,3,196.85,0,West,5,Completed
206488,2025-10-14,5001,1063,1,224.75,0.05,South,3,Completed
206489,2024-11-09,5083,1036,2,240.45,0.2,West,2,Completed
206490,2024-08-12,5359,1002,2,69.98,0.05,South,8,Completed
206491,2025-03-09,5496,1037,2,141.73,0.05,West,2,Returned
206492,2025-02-28,5391,1070,3,231.08,0.1,West,4,Completed
206493,2025-09-08,5357,1035,3,239.91,0,East,2,Completed
206494,2025-02-16,5194,1071,1,126.66,0.05,East,3,Completed
206495,2025-06-28,5378,1063,5,228.39,0,West,6,Completed
206496,2024-08-07,5455,1042,1,16.57,0.1,South,2,Completed
206497,2024-04-24,5467,1065,1,65.19,0,North,1,Completed
206498,2024-06-16,5039,1018,1,333.94,0,West,5,Completed
206499,2024-11-18,5002,1036,3,238.62,0.05,North,3,Completed
206500,2025-11-06,5292,1020,2,60.89,0,West,,Cancelled
206501,2025-03-14,5252,1057,10,70.75,0,West,3,Completed
206502,2024-03-03,5247,1009,1,220.22,0.05,West,4,Completed
206503,2024-10-06,5389,1055,2,274.29,0.05,North,5,Completed
206504,2025-09-09,5314,1062,5,184.61,0.1,North,5,Completed
206505,2024-09-08,5314,1026,3,68.89,0.05,North,4,Completed
206506,2025-02-12,5108,1071,4,127.35,0,East,7,Completed
206507,2025-03-20,5108,1072,1,75.91,0.2,East,,Cancelled
206508,2024-09-12,5381,1019,2,106.68,0.1,North,4,Completed
206509,2025-05-06,5316,1031,2,241.71,0.1,North,2,Completed
206510,2024-01-26,5310,1067,2,226.77,0.15,North,1,Completed
206511,2024-10-23,5101,1027,6,112.81,0.1,East,1,Completed
206512,2024-06-06,5203,1060,1,121.21,0.05,West,,Cancelled
206513,2024-02-27,5274,1012,2,224.93,0.1,South,5,Completed
206514,2025-03-29,5437,1053,1,194.81,0.05,West,8,Completed
206515,2025-01-02,5312,1006,2,204.04,0.15,West,5,Completed
206516,2024-08-10,5459,1030,1,129.73,0,South,3,Completed
206517,2024-05-23,5499,1033,1,146.34,0,South,8,Completed
206518,2025-05-25,5355,1061,2,145.93,0.05,South,4,Completed
206519,2025-02-22,5315,1069,1,168.91,0,West,3,Completed
206520,2025-04-28,5484,1047,2,204.36,0.1,North,3,Completed
206521,2025-02-10,5392,1019,2,104.81,0,North,4,Completed
206522,2024-08-20,5347,1039,3,189.36,0,South,5,Completed
206523,2025-03-15,5014,1066,3,160.61,0.1,East,4,Completed
206524,2025-12-07,5138,1041,1,47.55,0.15,East,3,Completed
206525,2024-08-16,5387,1060,3,117.95,0,West,3,Completed
206526,2024-08-28,5407,1042,5,16.52,0.05,South,,Cancelled
206527,2025-05-14,5367,1008,6,115.13,0.05,East,2,Completed
206528,2025-12-15,5083,1019,5,107.65,0,West,5,Completed
206529,2024-08-30,5166,1031,1,234.65,0,East,,Cancelled
206530,2024-03-02,5397,1047,2,211.44,0,East,8,Completed
206531,2025-12-11,5241,1056,5,349.7,0.05,West,2,Completed
206532,2025-07-21,5184,1031,3,259.7,0,South,4,Completed
206533,2024-06-07,5447,1010,5,93.89,0,West,1,Completed
206534,2024-12-22,5207,1011,5,35.01,0,North,6,Completed
206535,2024-05-27,5458,1021,1,113.96,0,South,2,Completed
206536,2024-04-08,5093,1017,10,73.92,0.2,North,5,Completed
206537,2025-11-02,5098,1048,2,296.28,0.05,East,7,Completed
206538,2024-03-22,5123,1071,2,119.67,0.05,East,1,Completed
206539,2025-09-04,5378,1056,1,346.51,0.1,West,2,Completed
206540,2025-10-28,5463,1015,4,236.31,0.05,South,1,Completed
206541,2025-10-25,5414,1065,2,61.53,0,North,3,Completed
206542,2025-06-27,5407,1030,1,136.75,0,South,8,Completed
206543,2024-05-18,5266,1051,8,254.88,0,East,2,Completed
206544,2025-01-04,5147,1008,2,114.22,0,West,1,Completed
206545,2024-04-19,5480,1025,1,193.86,0,East,4,Completed
206546,2025-08-03,5182,1068,1,190.06,0.15,West,8,Completed
206547,2025-08-31,5140,1002,2,73.67,0.15,East,8,Completed
206548,2025-09-29,5236,1009,6,222.83,0.05,West,4,Completed
206549,2025-06-06,5191,1033,2,151.19,0,East,2,Completed
206550,2025-01-15,5015,1007,1,153.75,0.05,South,4,Completed
206551,2025-01-04,5447,1014,1,36.47,0.1,West,4,Completed
206552,2024-12-08,5372,1029,2,192.95,0,South,5,Completed
206553,2024-01-30,5434,1047,3,210.9,0.1,North,,Cancelled
206554,2025-12-13,5330,1048,1,311.09,0.05,South,5,Completed
206555,2025-08-20,5244,1032,3,219.87,0,West,2,Completed
206556,2025-12-22,5291,1006,5,211.6,0,South,5,Completed
206557,2024-01-19,5375,1050,1,81.04,0,East,3,Completed
206558,2024-07-10,5037,1040,3,259.53,0,South,5,Completed
206559,2024-05-13,5298,1007,2,152.25,0.05,North,3,Completed
206560,2024-04-21,5324,1071,8,119.12,0.1,East,6,Completed
206561,2024-04-10,5276,1032,2,227.61,0,West,,Cancelled
206562,2024-07-31,5472,1002,1,78.0,0,South,4,Completed
206563,2025-01-08,5136,1020,2,60.08,0.15,North,3,Completed
206564,2025-11-05,5273,1005,6,76.53,0,East,,Cancelled
206565,2025-08-12,5185,1072,6,74.59,0.05,East,2,Completed
206566,2024-02-24,5241,1048,5,315.44,0,West,8,Returned
206567,2025-04-09,5383,1043,2,94.47,0,West,4,Completed
206568,2025-09-26,5467,1036,6,259.11,0.1,North,8,Returned
206569,2024-12-21,5447,1015,5,247.09,0.2,West,7,Completed
206570,2025-02-20,5139,1055,3,262.31,0.05,West,3,Completed
206571,2025-02-20,5019,1001,2,161.86,0,South,3,Returned
206572,2024-10-24,5284,1047,1,208.96,0,East,4,Completed
206573,2025-05-24,5205,1029,2,198.68,0,East,6,Returned
206574,2024-06-21,5317,1006,1,211.78,0.15,North,2,Completed
206575,2024-04-14,5411,1072,1,82.1,0,West,4,Completed
206576,2025-06-23,5159,1014,1,33.15,0,South,4,Completed
206577,2025-12-30,5207,1028,8,266.4,0.05,North,2,Completed
206578,2024-03-25,5338,1047,1,197.8,0.2,East,2,Completed
206579,2024-01-05,5056,1057,2,67.35,0,East,3,Completed
206580,2025-04-01,5426,1025,1,209.89,0.1,North,5,Completed
206581,2024-03-18,5248,1049,10,23.07,0,South,2,Completed
206582,2024-12-15,5268,1070,2,237.3,0.15,East,4,Completed
206583,2025-10-11,5062,1028,1,257.93,0.05,West,1,Completed
206584,2025-04-02,5230,1040,5,272.7,0,East,4,Completed
206585,2025-05-13,5215,1014,2,34.98,0,South,5,Completed
206586,2025-06-02,5198,1016,3,57.31,0,West,2,Returned
206587,2024-09-23,5020,1041,1,47.83,0.15,East,3,Completed
206588,2025-06-10,5189,1017,1,70.98,0.05,East,,Cancelled
206589,2024-03-30,5493,1055,1,276.7,0.1,West,3,Completed
206590,2024-11-07,5466,1016,1,60.02,0,East,3,Completed
206591,2024-04-08,5092,1003,2,258.4,0,South,4,Completed
206592,2024-03-19,5195,1039,2,181.18,0,East,8,Completed
206593,2025-09-25,5139,1001,1,164.2,0.05,West,1,Completed
206594,2024-04-23,5003,1063,2,235.57,0,North,6,Completed
206595,2025-08-19,5053,1040,1,278.83,0.15,North,3,Completed
206596,2025-07-09,5397,1025,1,211.6,0.05,East,3,Completed
206597,2025-03-12,5305,1051,5,247.14,0.05,West,3,Completed
206598,2024-03-11,5267,1067,2,234.25,0.05,North,4,Completed
206599,2025-08-31,5101,1003,2,254.28,0,East,7,Completed
206600,2024-12-14,5142,1033,1,156.54,0,North,3,Completed
206601,2025-11-21,5366,1016,1,58.7,0,East,2,Completed
206602,2024-06-30,5028,1004,4,162.64,0,East,5,Completed
206603,2024-06-19,5234,1024,2,117.16,0.1,West,3,Completed
206604,2024-05-29,5135,1027,2,110.85,0,East,3,Returned
206605,2024-08-03,5120,1046,1,73.59,0,East,6,Completed
206606,2024-02-23,5134,1027,4,105.57,0,North,,Cancelled
206607,2024-07-13,5491,1060,5,125.02,0,South,3,Completed
206608,2024-10-30,5315,1056,1,314.11,0,West,1,Completed
206609,2024-06-09,5288,1059,5,127.55,0.1,North,4,Completed
206610,2025-01-31,5125,1015,4,247.53,0.05,South,4,Completed
206611,2025-03-05,5223,1047,1,208.54,0.05,East,4,Completed
206612,2024-06-26,5474,1037,1,141.99,0,East,4,Completed
206613,2024-07-12,5094,1022,1,38.78,0.15,East,4,Completed
206614,2025-08-09,5276,1041,5,44.86,0.05,West,3,Completed
206615,2024-10-12,5329,1062,1,184.22,0.05,East,3,Completed
206616,2024-11-18,5204,1047,2,202.13,0.1,East,6,Completed
206617,2025-03-22,5344,1043,1,93.77,0,East,5,Completed
206618,2024-03-23,5030,1027,1,103.63,0,South,2,Completed
206619,2025-05-19,5390,1067,1,232.17,0.1,South,2,Completed
206620,2025-06-07,5155,1037,4,142.4,0,West,3,Completed
206621,2024-10-22,5402,1059,2,136.66,0.05,West,6,Completed
206622,2025-07-29,5497,1026,2,64.38,0,North,1,Completed
206623,2024-12-15,5439,1025,6,211.83,0,North,3,Completed
206624,2025-11-27,5251,1026,4,69.15,0,East,,Cancelled
206625,2025-06-29,5482,1056,3,342.79,0.1,South,2,Completed
206626,2025-04-26,5384,1033,2,151.51,0.1,East,2,Completed
206627,2025-11-11,5280,1006,1,191.47,0,East,2,Returned
206628,2024-08-02,5053,1018,8,305.05,0,North,5,Completed
206629,2024-08-17,5306,1066,1,162.73,0,North,3,Completed
206630,2025-02-23,5065,1022,3,40.69,0,West,2,Completed
206631,2024-11-23,5152,1034,2,129.91,0,East,3,Completed
206632,2025-05-15,5428,1051,2,255.8,0.05,East,5,Completed
206633,2025-11-26,5492,1011,2,33.41,0.05,East,3,Completed
206634,2024-07-19,5153,1024,3,113.09,0,South,5,Returned
206635,2024-07-31,5213,1006,2,209.38,0.1,North,2,Completed
206636,2025-03-31,5449,1044,2,142.47,0,West,2,Completed
206637,2024-12-12,5151,1044,8,142.93,0.15,South,3,Completed
206638,2025-10-07,5399,1021,5,112.39,0.15,East,3,Completed
206639,2024-01-15,5347,1030,4,137.95,0.05,South,8,Completed
206640,2024-01-13,5308,1048,2,310.88,0,North,3,Completed
206641,2025-11-14,5293,1028,1,262.9,0.05,West,6,Completed
206642,2025-07-29,5322,1038,6,210.69,0,West,,Cancelled
206643,2025-11-06,5089,1031,3,234.84,0,North,2,Completed
206644,2025-05-21,5173,1015,1,249.09,0.1,West,6,Completed
206645,2024-08-03,5472,1058,1,194.4,0.15,South,3,Completed
206646,2025-02-22,5418,1052,2,339.0,0.1,West,,Cancelled
206647,2024-10-02,5189,1070,1,215.48,0,East,4,Completed
206648,2024-12-29,5356,1052,4,325.87,0,East,5,Completed
206649,2025-01-07,5106,1052,1,301.29,0,East,3,Completed
206650,2025-11-09,5254,1009,1,215.24,0,West,2,Completed
206651,2024-02-12,5170,1054,3,265.7,0.2,North,4,Completed
206652,2025-09-14,5313,1058,1,198.89,0.05,East,6,Completed
206653,2024-09-25,5097,1013,4,121.53,0,East,3,Completed
206654,2025-03-19,5446,1071,1,119.08,0.2,South,4,Completed
206655,2025-07-18,5263,1014,1,36.32,0.05,South,4,Completed
206656,2024-11-20,5373,1015,8,230.47,0.1,West,3,Completed
206657,2024-12-23,5031,1072,1,75.1,0,South,4,Completed
206658,2025-09-07,5367,1021,6,111.29,0.1,East,6,Completed
206659,2024-11-06,5088,1053,1,198.61,0,East,4,Completed
206660,2024-10-19,5442,1023,3,188.0,0.1,North,3,Completed
206661,2025-07-03,5130,1004,2,148.57,0.1,South,,Cancelled
206662,2025-08-07,5189,1031,4,242.98,0.1,East,4,Completed
206663,2025-04-08,5385,1024,8,120.75,0,South,1,Completed
206664,2025-10-25,5051,1071,1,134.95,0,West,3,Completed
206665,2024-06-12,5063,1034,2,137.9,0.05,North,2,Completed
206666,2025-08-24,5312,1060,3,120.02,0.05,West,6,Completed
206667,2025-09-29,5426,1041,2,45.27,0.05,North,3,Completed
206668,2024-07-27,5070,1045,3,110.49,0,South,3,Completed
206669,2025-04-23,5332,1031,6,236.04,0.05,North,3,Completed
206670,2025-05-19,5240,1012,3,219.01,0,North,1,Completed
206671,2024-12-10,5103,1024,2,112.11,0.1,East,,Cancelled
206672,2024-03-09,5391,1033,6,145.33,0,West,2,Completed
206673,2024-08-20,5213,1065,10,67.13,0.1,North,2,Completed
206674,2024-07-21,5212,1056,1,336.74,0,South,5,Completed
206675,2025-10-19,5016,1027,8,104.28,0.05,East,,Cancelled
206676,2025-01-25,5039,1046,1,69.56,0.1,West,3,Completed
206677,2024-11-09,5107,1052,6,303.97,0,East,6,Completed
206678,2024-07-07,5167,1022,3,40.11,0,West,4,Completed
206679,2025-06-07,5426,1040,3,276.87,0.1,North,5,Completed
206680,2025-12-30,5291,1028,5,256.03,0,South,3,Completed
206681,2024-12-20,5123,1029,3,208.09,0,East,3,Completed
206682,2024-10-22,5004,1056,1,344.99,0.05,South,4,Completed
206683,2024-02-11,5166,1036,1,237.74,0,East,6,Completed
206684,2024-01-15,5232,1043,1,88.89,0,West,2,Completed
206685,2024-09-15,5138,1015,1,233.15,0,East,4,Completed
206686,2025-02-27,5204,1026,1,68.14,0.15,East,2,Returned
206687,2024-09-24,5448,1052,8,320.55,0,North,3,Completed
206688,2025-09-17,5484,1062,2,180.89,0,North,,Cancelled
206689,2025-01-30,5439,1024,2,121.29,0,North,2,Completed
206690,2024-08-13,5120,1027,3,113.9,0.05,East,4,Completed
206691,2024-04-06,5486,1018,1,318.26,0.05,West,6,Completed
206692,2024-03-13,5062,1050,3,80.55,0.05,West,3,Completed
206693,2024-12-29,5158,1059,1,126.72,0,East,2,Completed
206694,2025-12-08,5145,1042,1,17.56,0,East,5,Completed
206695,2025-04-14,5497,1065,3,67.86,0,North,5,Completed
206696,2025-01-26,5290,1049,6,24.49,0.05,South,2,Completed
206697,2025-04-07,5375,1044,1,135.92,0.05,East,6,Completed
206698,2024-07-14,5217,1002,3,72.32,0.1,North,5,Completed
206699,2024-03-21,5248,1010,1,93.42,0,South,4,Completed
206700,2025-06-24,5463,1030,8,143.66,0.05,South,4,Completed
206701,2025-12-11,5421,1013,3,135.48,0,East,3,Completed
206702,2024-02-16,5076,1026,1,63.22,0.1,South,2,Completed
206703,2024-03-10,5277,1046,1,73.05,0,East,4,Completed
206704,2024-09-06,5255,1061,3,149.11,0.05,East,8,Completed
206705,2025-06-30,5200,1057,1,69.61,0,North,3,Completed
206706,2025-02-21,5067,1050,1,79.95,0.05,East,3,Completed
206707,2024-07-21,5236,1035,2,229.77,0.1,West,1,Completed
206708,2025-10-13,5347,1072,2,78.28,0.05,South,4,Completed
206709,2024-06-26,5073,1007,2,147.72,0,West,1,Completed
206710,2025-10-24,5140,1031,1,233.02,0,East,4,Completed
206711,2025-12-18,5060,1010,2,94.12,0,South,,Cancelled
206712,2024-01-02,5011,1044,4,147.02,0,North,,Cancelled
206713,2024-10-16,5028,1037,5,143.28,0,East,4,Completed
206714,2025-10-27,5293,1072,1,82.14,0.05,West,,Cancelled
206715,2024-04-24,5333,1034,2,139.74,0.05,South,8,Completed
206716,2024-07-02,5493,1053,1,213.05,0.1,West,8,Completed
206717,2024-08-26,5059,1055,2,254.03,0,North,6,Completed
206718,2025-12-30,5164,1062,1,179.3,0,West,2,Completed
206719,2025-09-07,5213,1043,3,99.93,0,North,5,Completed
206720,2024-12-24,5108,1068,2,201.63,0,East,8,Completed
206721,2024-10-16,5061,1053,1,214.52,0,North,3,Completed
206722,2024-07-13,5246,1014,6,36.45,0,West,5,Completed
206723,2025-09-10,5455,1023,6,209.73,0.05,South,5,Completed
206724,2025-12-02,5442,1044,1,131.4,0,North,2,Completed
206725,2024-04-06,5484,1007,1,162.57,0,North,3,Completed
206726,2025-06-05,5173,1051,3,238.81,0,West,1,Completed
206727,2025-12-10,5059,1018,2,317.52,0.1,North,5,Completed
206728,2024-05-26,5203,1007,2,156.87,0.05,West,6,Completed
206729,2024-10-08,5285,1072,2,77.02,0.05,South,2,Completed
206730,2025-06-28,5040,1026,2,68.28,0.15,South,3,Completed
206731,2025-10-25,5046,1002,3,71.81,0,North,1,Completed
206732,2024-02-01,5322,1072,2,74.59,0.15,West,4,Completed
206733,2025-06-07,5357,1039,3,190.68,0.15,East,3,Completed
206734,2024-10-07,5120,1003,1,261.65,0.05,East,4,Completed
206735,2025-07-30,5076,1042,1,17.29,0.15,South,5,Completed
206736,2025-08-27,5477,1012,2,218.6,0.1,South,3,Completed
206737,2024-09-21,5004,1008,2,111.47,0.05,South,1,Completed
206738,2025-02-02,5014,1057,1,70.95,0,East,2,Completed
206739,2025-07-23,5351,1052,5,328.92,0,North,4,Completed
206740,2025-09-05,5070,1004,1,153.41,0,South,5,Completed
206741,2024-04-18,5037,1066,2,162.02,0.05,South,3,Completed
206742,2024-02-27,5460,1033,2,149.43,0.15,East,5,Completed
206743,2024-08-15,5088,1011,2,36.77,0,East,2,Completed
206744,2025-02-21,5363,1010,3,91.65,0,East,3,Completed
206745,2025-12-18,5057,1062,1,170.42,0.15,East,3,Completed
206746,2025-03-09,5358,1050,2,80.16,0,North,,Cancelled
206747,2025-12-15,5069,1013,2,123.4,0.05,East,3,Completed
206748,2025-11-01,5482,1033,4,158.65,0,South,6,Completed
206749,2024-03-31,5356,1059,4,131.48,0.1,East,7,Completed
206750,2024-04-13,5197,1036,1,245.75,0,East,3,Completed
206751,2024-03-26,5396,1015,1,222.16,0.15,South,4,Completed
206752,2025-12-10,5337,1003,2,269.41,0.05,North,4,Completed
206753,2025-02-23,5252,1024,3,113.2,0,West,3,Completed
206754,2025-12-29,5179,1004,5,146.83,0.15,East,6,Completed
206755,2025-10-23,5311,1066,1,158.56,0.05,East,3,Completed
206756,2024-07-14,5390,1067,4,237.01,0,South,2,Completed
206757,2025-07-07,5309,1064,1,101.04,0.15,West,1,Completed
206758,2024-08-12,5365,1031,2,230.67,0.1,South,1,Returned
206759,2024-09-10,5004,1007,4,158.7,0,South,5,Completed
206760,2024-04-18,5471,1003,1,254.98,0,North,1,Returned
206761,2025-04-05,5428,1046,1,73.38,0.1,East,1,Completed
206762,2024-05-26,5167,1008,2,108.63,0.05,West,3,Completed
206763,2025-09-01,5203,1009,6,202.59,0.05,West,4,Completed
206764,2025-06-27,5452,1035,1,235.88,0,North,7,Completed
206765,2025-12-18,5041,1053,8,205.36,0.05,East,1,Completed
206766,2024-11-21,5470,1059,2,135.84,0.15,East,3,Completed
206767,2025-12-06,5345,1024,1,118.55,0.15,East,4,Completed
206768,2025-07-11,5237,1070,3,233.69,0,East,3,Completed
206769,2025-03-31,5427,1021,2,119.2,0,North,5,Completed
206770,2024-12-12,5242,1044,2,144.94,0,East,4,Completed
206771,2025-06-29,5279,1069,6,183.55,0,South,4,Completed
206772,2024-04-13,5443,1004,2,147.09,0.15,West,3,Completed
206773,2024-03-23,5225,1036,1,240.02,0,North,4,Completed
206774,2024-11-13,5337,1069,10,174.34,0.1,North,5,Completed
206775,2024-01-18,5039,1040,1,271.33,0,West,4,Completed
206776,2025-03-26,5408,1046,1,67.6,0,South,6,Returned
206777,2025-05-28,5120,1007,1,163.19,0,East,3,Completed
206778,2024-10-17,5336,1065,1,68.33,0.1,South,8,Completed
206779,2025-08-31,5483,1006,8,201.88,0,North,3,Completed
206780,2024-02-28,5411,1025,2,201.8,0.15,West,2,Completed
206781,2024-10-12,5446,1065,2,66.33,0,South,3,Completed
206782,2024-08-08,5048,1006,2,195.2,0.1,South,3,Completed
206783,2024-03-11,5204,1018,10,302.46,0.05,East,4,Completed
206784,2025-08-27,5178,1059,2,139.86,0,East,,Cancelled
206785,2024-10-31,5392,1033,2,159.71,0.15,North,3,Completed
206786,2025-01-18,5122,1006,5,202.28,0,West,5,Completed
206787,2024-01-23,5464,1024,2,110.74,0.05,West,6,Completed
206788,2024-11-24,5109,1003,1,265.3,0.1,East,4,Completed
206789,2025-11-12,5360,1004,1,146.15,0.1,East,5,Completed
206790,2024-05-24,5266,1025,2,210.6,0.15,East,3,Completed
206791,2025-01-19,5244,1035,2,223.91,0,West,2,Completed
206792,2025-06-01,5391,1038,2,216.59,0.2,West,8,Completed
206793,2025-05-13,5373,1005,2,78.98,0.05,West,5,Completed
206794,2025-11-23,5272,1044,2,135.28,0,North,2,Completed
206795,2024-10-10,5357,1023,2,201.48,0,East,2,Completed
206796,2025-01-06,5335,1072,2,77.63,0,East,8,Completed
206797,2024-04-20,5107,1042,2,16.19,0.05,East,8,Completed
206798,2024-10-18,5035,1036,2,240.78,0,South,7,Completed
206799,2025-08-21,5399,1026,3,70.41,0.2,East,2,Completed
206800,2025-03-25,5269,1069,10,166.2,0.2,North,3,Completed
206801,2024-02-26,5292,1054,3,257.75,0.05,West,3,Completed
206802,2024-06-27,5342,1037,1,140.44,0.1,South,,Cancelled
206803,2025-04-26,5431,1042,1,17.44,0,West,3,Completed
206804,2024-12-04,5135,1053,3,213.19,0.15,East,3,Completed
206805,2024-03-06,5044,1017,1,77.83,0.15,South,2,Completed
206806,2025-10-19,5316,1065,3,68.29,0.05,North,3,Completed
206807,2024-11-18,5261,1055,6,282.62,0,South,5,Completed
206808,2025-05-21,5402,1014,4,33.49,0,West,3,Completed
206809,2025-12-05,5019,1014,3,34.16,0,South,2,Completed
206810,2025-01-30,5069,1034,2,140.91,0,East,,Cancelled
206811,2025-05-12,5377,1047,8,193.93,0.2,West,3,Completed
206812,2024-09-01,5195,1070,8,236.84,0,East,3,Completed
206813,2024-08-07,5064,1011,2,32.85,0,East,3,Completed
206814,2024-02-02,5266,1007,10,167.17,0,East,3,Completed
206815,2025-01-03,5438,1043,2,96.46,0,North,2,Completed
206816,2025-09-12,5093,1030,1,146.62,0.05,North,4,Completed
206817,2025-03-01,5422,1031,4,250.03,0.2,West,3,Completed
206818,2025-10-18,5301,1066,1,174.63,0.05,West,3,Completed
206819,2024-11-19,5071,1059,4,134.17,0,South,6,Completed
206820,2024-02-24,5098,1060,1,127.72,0,East,4,Completed
206821,2025-09-21,5179,1070,3,240.7,0,East,1,Completed
206822,2025-06-21,5153,1060,1,128.85,0,South,3,Completed
206823,2025-05-29,5208,1043,6,94.7,0.05,North,8,Returned
206824,2025-02-02,5138,1039,8,188.26,0,East,4,Returned
206825,2025-12-04,5408,1018,2,313.67,0,South,3,Returned
206826,2025-08-26,5291,1006,3,191.93,0,South,7,Completed
206827,2025-11-02,5038,1044,1,136.25,0.05,West,2,Completed
206828,2024-02-02,5261,1036,5,252.45,0.1,South,2,Completed
206829,2024-01-09,5118,1063,2,222.49,0.15,North,3,Completed
206830,2024-02-17,5315,1007,1,148.05,0.1,West,3,Completed
206831,2025-06-05,5390,1060,1,129.37,0,South,6,Completed
206832,2024-10-05,5159,1055,1,281.89,0.1,South,,Cancelled
206833,2024-08-11,5107,1018,2,315.66,0.05,East,,Cancelled
206834,2025-04-02,5132,1032,8,214.89,0,East,3,Completed
206835,2024-06-27,5176,1069,2,179.14,0.1,North,4,Completed
206836,2025-07-12,5314,1054,1,245.05,0,North,4,Completed
206837,2024-12-30,5041,1020,2,60.55,0.05,East,,Cancelled
206838,2025-12-06,5101,1022,2,36.34,0,East,6,Completed
206839,2025-04-23,5394,1043,2,94.18,0.15,West,5,Completed
206840,2024-11-03,5361,1024,3,118.98,0,North,7,Completed
206841,2024-03-12,5167,1057,4,71.41,0,West,8,Completed
206842,2025-05-13,5410,1068,3,192.36,0,South,5,Completed
206843,2024-08-24,5163,1055,1,263.49,0,East,4,Completed
206844,2024-01-13,5363,1013,1,128.96,0.15,East,3,Completed
206845,2024-05-18,5365,1061,3,149.77,0.05,South,1,Completed
206846,2025-10-11,5096,1063,1,211.44,0,West,1,Completed
206847,2025-03-25,5121,1071,6,132.7,0.05,West,1,Completed
206848,2025-02-28,5128,1056,5,324.58,0.1,West,7,Returned
206849,2025-10-26,5022,1049,1,22.58,0.1,East,5,Completed
206850,2025-07-30,5323,1015,3,228.31,0.1,South,4,Completed
206851,2024-12-19,5365,1031,1,231.2,0,South,2,Completed
206852,2025-06-04,5040,1016,3,55.14,0.2,South,6,Completed
206853,2024-02-26,5092,1017,1,76.18,0,South,2,Completed
206854,2025-01-27,5368,1046,1,66.4,0.05,North,,Cancelled
206855,2024-03-13,5218,1050,1,80.62,0.1,North,3,Completed
206856,2024-07-04,5443,1069,2,174.77,0,West,4,Completed
206857,2025-05-13,5394,1016,1,57.28,0,West,5,Completed
206858,2025-10-06,5264,1068,2,208.38,0.1,West,2,Completed
206859,2024-05-04,5486,1026,1,62.4,0.2,West,4,Completed
206860,2024-01-16,5461,1044,8,143.16,0,West,5,Completed
206861,2025-12-08,5488,1008,2,112.62,0.1,West,2,Completed
206862,2025-09-15,5497,1055,4,264.44,0.05,North,6,Completed
206863,2025-03-01,5196,1069,2,176.88,0.05,North,4,Completed
206864,2024-10-11,5211,1016,2,54.88,0,South,6,Completed
206865,2024-08-04,5007,1015,8,235.18,0,East,3,Completed
206866,2024-01-18,5375,1013,1,122.99,0.1,East,2,Completed
206867,2025-12-07,5167,1070,2,239.92,0.1,West,4,Completed
206868,2024-08-28,5073,1027,1,104.29,0,West,3,Completed
206869,2025-07-05,5189,1060,10,115.08,0,East,,Cancelled
206870,2024-02-06,5334,1007,2,167.44,0,West,4,Completed
206871,2025-10-21,5196,1021,2,116.71,0.1,North,4,Completed
206872,2025-06-04,5106,1039,1,180.46,0,East,4,Completed
206873,2024-08-18,5346,1050,1,78.34,0.05,South,4,Completed
206874,2025-05-30,5025,1003,2,254.84,0,East,7,Completed
206875,2025-06-05,5109,1015,1,225.73,0.1,East,2,Returned
206876,2024-10-14,5028,1069,2,169.32,0.15,East,2,Completed
206877,2024-03-30,5102,1070,2,233.28,0.2,East,5,Completed
206878,2024-06-30,5282,1040,1,265.81,0,East,3,Completed
206879,2025-04-26,5024,1009,8,204.12,0.2,East,5,Completed
206880,2024-03-09,5250,1005,2,79.61,0,South,5,Completed
206881,2024-03-25,5424,1063,2,209.37,0,South,2,Completed
206882,2025-10-24,5199,1022,2,39.59,0,North,4,Completed
206883,2025-03-20,5311,1001,1,166.5,0.05,East,3,Completed
206884,2025-01-28,5313,1047,5,207.92,0,East,4,Completed
206885,2024-03-30,5282,1017,10,75.1,0,East,2,Completed
206886,2024-01-23,5288,1031,1,252.15,0.2,North,2,Completed
206887,2025-08-15,5491,1034,8,139.73,0.05,South,8,Completed
206888,2025-12-03,5049,1067,3,220.97,0,East,3,Completed
206889,2025-11-06,5129,1041,3,45.53,0,South,4,Completed
206890,2025-03-02,5089,1004,4,154.39,0.15,North,2,Completed
206891,2025-06-25,5397,1044,1,144.78,0,East,4,Completed
206892,2025-04-16,5340,1071,3,123.13,0.2,North,3,Completed
206893,2025-06-03,5050,1006,5,205.51,0,East,4,Completed
206894,2025-09-14,5472,1011,6,36.87,0,South,7,Completed
206895,2025-06-02,5433,1057,1,72.12,0,North,4,Completed
206896,2025-05-28,5097,1018,2,320.6,0,East,6,Completed
206897,2025-11-12,5252,1058,1,198.12,0,West,7,Completed
206898,2025-03-23,5252,1029,1,208.47,0,West,2,Completed
206899,2025-05-29,5321,1009,2,199.06,0,South,5,Completed
206900,2024-08-21,5449,1012,4,216.93,0.05,West,2,Completed
206901,2025-08-25,5423,1071,6,130.83,0,North,6,Completed
206902,2024-04-21,5428,1021,3,120.49,0.15,East,4,Completed
206903,2024-05-30,5239,1063,1,220.27,0,South,3,Completed
206904,2025-06-14,5194,1010,3,88.77,0.15,East,4,Completed
206905,2025-12-05,5051,1048,3,324.42,0,West,7,Completed
206906,2024-11-12,5318,1057,1,73.25,0.2,East,2,Completed
206907,2025-12-05,5264,1060,1,126.22,0.05,West,6,Completed
206908,2024-08-16,5404,1029,5,192.94,0.1,North,,Cancelled
206909,2025-08-03,5217,1016,3,57.68,0.1,North,6,Completed
206910,2025-02-16,5070,1049,3,24.83,0,South,4,Completed
206911,2025-04-13,5291,1021,3,114.93,0.05,South,4,Completed
206912,2024-12-29,5357,1049,6,24.24,0,East,3,Completed
206913,2025-03-28,5431,1058,1,205.78,0.15,West,3,Completed
206914,2024-01-17,5110,1065,2,68.16,0,North,4,Completed
206915,2025-05-01,5099,1032,6,221.43,0.05,North,5,Completed
206916,2025-11-11,5354,1012,2,223.77,0.05,North,3,Completed
206917,2024-09-08,5027,1058,2,200.42,0.15,North,3,Completed
206918,2024-06-08,5381,1047,2,194.3,0.15,North,1,Completed
206919,2025-10-15,5112,1001,4,165.81,0.05,South,5,Completed
206920,2024-01-16,5261,1068,10,212.59,0.1,South,,Cancelled
206921,2024-12-07,5302,1045,5,113.78,0,West,2,Completed
206922,2025-07-04,5263,1067,4,226.81,0,South,4,Completed
206923,2025-03-03,5036,1002,3,72.89,0.05,East,3,Completed
206924,2024-10-27,5396,1040,2,287.29,0,South,3,Completed
206925,2024-10-19,5327,1070,2,234.07,0,East,5,Completed
206926,2025-09-16,5082,1038,1,206.61,0.05,East,2,Completed
206927,2025-09-23,5192,1007,2,161.56,0,North,4,Completed
206928,2024-07-01,5201,1059,2,135.65,0,West,3,Completed
206929,2024-05-26,5043,1032,2,225.66,0.15,East,1,Completed
206930,2025-06-07,5347,1010,2,92.9,0,South,4,Completed
206931,2024-02-16,5294,1021,1,116.49,0.05,West,7,Completed
206932,2024-06-25,5012,1020,1,60.81,0.05,North,1,Completed
206933,2024-11-15,5018,1025,5,199.26,0.05,North,3,Completed
206934,2025-12-24,5481,1062,1,191.68,0,West,3,Completed
206935,2024-07-06,5168,1011,5,33.99,0.15,West,,Cancelled
206936,2025-02-28,5301,1010,4,84.88,0.1,West,4,Completed
206937,2024-01-25,5208,1025,2,197.68,0,North,3,Completed
206938,2024-01-20,5205,1043,6,92.58,0,East,6,Completed
206939,2024-03-06,5163,1001,1,161.9,0,East,,Cancelled
206940,2025-02-06,5237,1003,3,264.74,0.1,East,4,Completed
206941,2025-10-02,5249,1065,5,63.91,0,North,3,Completed
206942,2025-07-14,5141,1036,1,252.95,0.05,West,3,Returned
206943,2025-08-07,5178,1004,1,157.55,0.2,East,2,Completed
206944,2024-02-10,5267,1036,2,236.12,0,North,,Cancelled
206945,2025-10-14,5365,1033,2,147.38,0.1,South,6,Completed
206946,2024-02-05,5044,1007,3,151.01,0,South,5,Completed
206947,2024-08-29,5463,1036,1,232.09,0,South,,Cancelled
206948,2024-04-10,5313,1072,1,72.94,0,East,4,Completed
206949,2024-09-01,5197,1028,3,249.61,0,East,7,Completed
206950,2024-11-21,5201,1017,1,75.08,0.15,West,3,Completed
206951,2024-04-23,5403,1016,5,60.16,0.05,South,,Cancelled
206952,2024-05-23,5294,1014,3,32.45,0.1,West,1,Completed
206953,2025-06-28,5089,1031,1,251.03,0.15,North,2,Completed
206954,2025-02-28,5187,1015,1,225.33,0,East,4,Completed
206955,2025-05-18,5224,1002,1,75.43,0,West,6,Completed
206956,2024-08-21,5077,1031,3,238.21,0.05,North,,Cancelled
206957,2024-07-30,5108,1047,2,193.2,0,East,5,Completed
206958,2024-05-20,5440,1059,10,136.92,0.05,North,5,Completed
206959,2025-08-11,5368,1004,1,152.88,0,North,5,Completed
206960,2024-06-18,5220,1071,3,127.73,0,West,2,Completed
206961,2025-07-14,5147,1050,6,75.8,0,West,4,Completed
206962,2025-06-19,5003,1028,3,264.57,0.05,North,8,Completed
206963,2024-08-24,5338,1057,3,65.96,0,East,2,Completed
206964,2024-07-23,5082,1056,5,328.21,0.1,East,5,Completed
206965,2024-09-14,5082,1044,2,139.23,0,East,3,Completed
206966,2024-10-13,5417,1070,3,227.13,0,North,4,Completed
206967,2024-11-15,5227,1055,1,269.44,0,North,3,Completed
206968,2025-01-30,5375,1005,1,77.85,0,East,3,Completed
206969,2024-11-02,5066,1035,3,226.65,0.1,West,3,Completed
206970,2024-11-22,5296,1048,4,312.25,0.05,South,3,Returned
206971,2025-05-20,5473,1034,2,134.97,0,East,3,Completed
206972,2025-03-09,5467,1055,4,278.04,0,North,7,Completed
206973,2024-11-03,5096,1004,4,145.6,0,West,4,Completed
206974,2025-05-02,5147,1071,2,121.1,0.05,West,2,Completed
206975,2025-12-02,5089,1067,1,221.84,0,North,,Cancelled
206976,2025-07-27,5069,1007,2,157.08,0,East,3,Completed
206977,2025-06-10,5003,1065,1,68.26,0,North,3,Returned
206978,2024-01-05,5321,1015,4,225.99,0,South,4,Completed
206979,2025-05-17,5348,1034,1,137.93,0.1,East,5,Completed
206980,2024-06-20,5067,1002,1,78.3,0.1,East,2,Completed
206981,2024-05-19,5307,1072,4,80.29,0.05,West,5,Completed
206982,2024-09-10,5461,1068,3,205.51,0.1,West,6,Completed
206983,2024-02-04,5087,1056,5,334.95,0,North,5,Completed
206984,2025-10-19,5240,1061,1,142.66,0.1,North,2,Completed
206985,2025-01-23,5178,1007,1,157.74,0,East,6,Completed
206986,2025-08-12,5288,1048,3,293.04,0.05,North,3,Completed
206987,2024-05-23,5400,1024,2,122.33,0.15,West,1,Completed
206988,2025-12-07,5294,1059,1,139.43,0,West,2,Completed
206989,2024-08-28,5299,1008,4,115.78,0.05,West,3,Completed
206990,2025-09-20,5357,1045,3,106.42,0,East,3,Completed
206991,2025-06-02,5295,1055,3,261.5,0,West,2,Completed
206992,2025-07-07,5289,1057,2,67.69,0,West,8,Returned
206993,2025-08-03,5337,1024,5,121.75,0.05,North,4,Completed
206994,2025-05-11,5460,1042,2,17.54,0,East,3,Completed
206995,2024-03-31,5023,1060,1,126.08,0.05,North,1,Completed
206996,2024-08-12,5188,1025,1,190.93,0,West,4,Completed
206997,2024-07-25,5241,1023,8,189.89,0.1,West,3,Completed
206998,2025-10-23,5493,1070,2,216.74,0.1,West,,Cancelled
206999,2025-11-13,5338,1035,2,220.27,0,East,3,Completed
207000,2024-04-25,5440,1015,3,240.44,0.1,North,3,Completed
207001,2025-09-30,5132,1015,3,239.23,0,East,2,Completed
207002,2025-02-07,5106,1030,2,133.89,0.05,East,2,Completed
207003,2024-09-27,5404,1058,4,195.95,0,North,4,Completed
207004,2024-04-20,5456,1015,2,227.11,0.05,South,5,Completed
207005,2025-01-28,5121,1021,1,119.65,0.15,West,3,Completed
207006,2025-09-14,5342,1066,2,167.62,0.05,South,4,Completed
207007,2024-03-07,5170,1042,3,17.55,0,North,,Cancelled
207008,2024-02-11,5206,1072,5,78.43,0,East,3,Returned
207009,2024-01-30,5490,1027,1,109.99,0,West,,Cancelled
207010,2024-02-04,5312,1009,2,213.94,0,West,,Cancelled
207011,2025-12-19,5048,1069,6,166.45,0.2,South,3,Completed
207012,2025-02-02,5302,1022,1,39.89,0.1,West,2,Completed
207013,2024-12-21,5025,1058,2,194.21,0.05,East,7,Completed
207014,2025-06-12,5143,1003,2,263.07,0,North,3,Completed
207015,2024-04-10,5193,1048,4,294.82,0,West,5,Completed
207016,2024-12-02,5277,1049,2,23.67,0.05,East,3,Completed
207017,2025-08-31,5273,1026,2,68.14,0.15,East,3,Completed
207018,2024-09-19,5368,1043,8,94.24,0,North,4,Returned
207019,2025-02-24,5407,1019,2,104.87,0,South,6,Completed
207020,2025-01-19,5323,1072,3,74.2,0.05,South,,Cancelled
207021,2024-02-10,5042,1060,1,126.58,0,East,2,Completed
207022,2024-05-11,5379,1055,3,285.39,0,South,4,Completed
207023,2024-06-18,5044,1015,2,232.61,0,South,2,Completed
207024,2025-05-29,5016,1058,1,205.9,0,East,5,Completed
207025,2024-03-03,5408,1003,3,276.54,0,South,4,Completed
207026,2024-11-19,5452,1053,1,215.9,0,North,4,Completed
207027,2025-08-04,5409,1057,4,68.19,0,West,3,Completed
207028,2024-03-09,5438,1003,3,266.99,0,North,,Cancelled
207029,2024-12-08,5301,1003,3,262.95,0,West,2,Completed
207030,2024-05-28,5381,1048,2,324.07,0,North,4,Completed
207031,2025-08-19,5419,1028,4,256.67,0.05,South,,Cancelled
207032,2025-02-15,5207,1050,3,78.45,0.1,North,2,Completed
207033,2024-04-16,5496,1031,4,249.08,0,West,1,Completed
207034,2025-07-24,5472,1045,10,115.77,0,South,5,Completed
207035,2024-08-27,5225,1071,1,129.16,0.05,North,5,Completed
207036,2025-08-05,5025,1014,1,35.89,0,East,3,Completed
207037,2025-01-01,5106,1030,2,146.57,0,East,7,Completed
207038,2024-12-17,5089,1054,1,244.76,0.15,North,7,Completed
207039,2024-12-09,5051,1025,1,198.72,0,West,5,Completed
207040,2025-11-18,5003,1011,10,33.43,0.05,North,,Cancelled
207041,2025-10-21,5331,1017,1,79.29,0,East,4,Completed
207042,2025-02-12,5023,1036,1,234.24,0.1,North,6,Completed
207043,2024-08-13,5368,1048,4,300.06,0,North,3,Completed
207044,2024-06-30,5166,1054,6,255.74,0.05,East,,Cancelled
207045,2025-06-05,5099,1014,6,33.5,0.1,North,3,Completed
207046,2024-12-18,5078,1015,3,234.2,0.15,West,3,Completed
207047,2024-03-05,5267,1060,1,125.67,0.05,North,2,Completed
207048,2024-04-08,5068,1021,10,115.1,0.1,West,3,Completed
207049,2024-06-08,5049,1066,1,176.46,0.1,East,5,Completed
207050,2024-09-26,5173,1063,4,212.1,0,West,,Cancelled
207051,2024-04-12,5413,1048,2,323.45,0,North,2,Completed
207052,2025-04-25,5008,1010,1,86.93,0.15,West,4,Completed
207053,2025-04-29,5176,1047,3,208.39,0.15,North,3,Returned
207054,2025-02-24,5177,1026,1,68.31,0,South,1,Completed
207055,2025-12-07,5157,1047,3,214.19,0,West,,Cancelled
207056,2025-01-24,5228,1044,5,146.75,0.05,East,2,Completed
207057,2024-05-13,5003,1007,10,167.05,0,North,3,Completed
207058,2024-11-14,5207,1050,1,79.36,0.1,North,5,Completed
207059,2024-03-27,5356,1046,3,72.86,0,East,6,Completed
207060,2024-11-20,5034,1009,10,217.69,0,West,1,Completed
207061,2024-02-26,5407,1028,2,245.7,0.05,South,4,Completed
207062,2024-04-05,5366,1015,4,251.91,0.05,East,2,Completed
207063,2025-09-19,5040,1006,1,197.8,0.05,South,1,Completed
207064,2024-07-09,5421,1043,1,98.68,0.05,East,6,Completed
207065,2025-12-28,5274,1052,1,325.1,0.05,South,2,Completed
207066,2024-05-18,5352,1024,3,120.31,0.05,West,6,Completed
207067,2024-06-19,5378,1002,1,74.63,0,West,4,Completed
207068,2025-05-18,5476,1003,2,267.6,0.1,East,3,Completed
207069,2024-11-18,5243,1052,2,339.82,0.2,North,4,Completed
207070,2025-03-09,5052,1033,1,158.49,0.15,West,3,Completed
207071,2025-04-09,5122,1034,3,144.6,0.2,West,7,Completed
207072,2025-06-05,5208,1005,4,85.88,0.05,North,4,Completed
207073,2024-08-06,5075,1021,1,115.97,0,West,3,Completed
207074,2025-07-02,5233,1039,2,189.44,0.05,East,5,Completed
207075,2024-11-04,5377,1040,1,260.14,0,West,,Cancelled
207076,2024-05-23,5189,1060,2,120.36,0,East,1,Completed
207077,2024-07-26,5033,1029,1,196.94,0,North,3,Completed
207078,2025-11-10,5403,1037,8,141.65,0,South,3,Completed
207079,2025-10-14,5136,1047,5,208.98,0.1,North,5,Returned
207080,2024-01-11,5227,1023,4,209.77,0,North,2,Completed
207081,2025-07-29,5484,1059,5,129.69,0.05,North,3,Completed
207082,2024-02-22,5203,1021,2,110.66,0.15,West,2,Completed
207083,2025-11-06,5307,1012,2,239.1,0,West,4,Completed
207084,2025-06-06,5351,1011,1,33.9,0.15,North,3,Completed
207085,2024-11-06,5319,1065,6,64.37,0,West,3,Completed
207086,2024-04-06,5061,1045,1,118.81,0,North,3,Completed
207087,2024-06-13,5395,1053,6,203.18,0.1,East,2,Completed
207088,2024-11-13,5237,1023,2,210.8,0,East,3,Completed
207089,2024-12-25,5186,1053,5,208.72,0,North,3,Completed
207090,2024-03-12,5333,1005,2,81.67,0,South,3,Completed
207091,2024-01-04,5146,1043,3,99.64,0,South,8,Completed
207092,2025-10-24,5410,1067,1,211.91,0,South,,Cancelled
207093,2025-01-01,5498,1007,1,158.02,0.05,East,4,Completed
207094,2025-10-31,5013,1020,1,61.34,0,South,6,Returned
207095,2025-05-26,5450,1009,6,198.61,0.05,West,5,Completed
207096,2025-06-27,5419,1052,2,316.09,0.05,South,3,Completed
207097,2025-12-01,5149,1008,3,123.21,0.05,West,3,Returned
207098,2025-12-08,5114,1042,2,16.46,0,North,5,Completed
207099,2024-04-28,5180,1003,1,250.18,0,North,2,Completed
207100,2024-09-15,5174,1029,1,193.27,0.1,West,4,Completed
207101,2025-03-12,5239,1008,1,112.84,0,South,2,Completed
207102,2025-06-11,5045,1035,1,226.13,0.05,East,5,Completed
207103,2024-07-03,5488,1064,5,104.7,0,West,2,Completed
207104,2024-11-28,5204,1071,2,125.31,0,East,6,Completed
207105,2024-01-15,5146,1048,2,303.88,0,South,3,Completed
207106,2025-05-29,5077,1072,2,81.89,0,North,2,Completed
207107,2025-10-11,5374,1069,3,181.68,0.1,West,,Cancelled
207108,2024-01-15,5259,1068,2,212.55,0.05,North,6,Completed
207109,2025-06-26,5371,1024,8,108.56,0.1,South,2,Completed
207110,2024-04-15,5109,1055,5,268.54,0.1,East,,Cancelled
207111,2025-10-30,5404,1030,2,145.07,0,North,4,Completed
207112,2024-02-16,5459,1004,3,159.89,0.1,South,1,Completed
207113,2024-01-05,5333,1038,2,206.26,0.05,South,6,Returned
207114,2025-06-08,5243,1072,1,76.12,0,North,2,Completed
207115,2025-01-02,5179,1004,1,154.05,0.1,East,3,Completed
207116,2024-11-11,5145,1006,1,197.74,0.2,East,4,Completed
207117,2025-04-19,5441,1067,2,232.19,0,South,3,Completed
207118,2025-09-16,5482,1052,1,339.0,0.05,South,2,Completed
207119,2025-10-05,5324,1005,2,76.15,0,East,4,Completed
207120,2025-12-07,5434,1052,1,340.75,0.05,North,4,Completed
207121,2024-11-08,5242,1013,1,129.32,0.2,East,5,Completed
207122,2024-11-05,5456,1065,5,65.44,0.2,South,5,Completed
207123,2025-03-19,5143,1014,4,34.25,0,North,3,Completed
207124,2025-07-23,5493,1057,2,65.62,0.05,West,3,Completed
207125,2025-10-30,5204,1009,1,219.13,0.2,East,,Cancelled
207126,2024-05-21,5189,1048,6,309.03,0,East,3,Completed
207127,2024-11-18,5281,1021,1,110.54,0.1,West,3,Completed
207128,2024-03-24,5006,1016,3,59.02,0.1,West,2,Completed
207129,2025-08-08,5061,1035,1,220.88,0,North,5,Completed
207130,2025-10-24,5024,1011,1,34.97,0,East,8,Completed
207131,2025-08-05,5352,1061,10,145.93,0.15,West,2,Completed
207132,2024-02-27,5399,1065,1,68.07,0,East,4,Completed
207133,2024-01-09,5135,1062,1,183.34,0,East,3,Completed
207134,2025-04-04,5330,1047,1,193.1,0.05,South,3,Completed
207135,2025-11-26,5347,1040,8,286.76,0,South,4,Completed
207136,2025-02-12,5422,1038,3,223.65,0,West,3,Completed
207137,2025-08-08,5358,1023,1,193.71,0.1,North,2,Completed
207138,2025-10-25,5478,1067,1,236.67,0.15,West,3,Completed
207139,2024-10-10,5424,1039,2,191.69,0.15,South,1,Completed
207140,2025-12-05,5089,1003,2,256.87,0.2,North,5,Completed
207141,2024-05-21,5257,1006,1,194.95,0.15,West,4,Completed
207142,2025-11-05,5215,1017,8,73.6,0.1,South,6,Completed
207143,2025-04-13,5056,1038,1,202.29,0,East,2,Completed
207144,2025-02-14,5252,1022,1,35.9,0.1,West,4,Returned
207145,2024-09-12,5410,1017,1,71.08,0.2,South,4,Completed
207146,2025-07-03,5089,1061,3,151.29,0.1,North,4,Completed
207147,2025-10-08,5217,1041,1,44.94,0,North,2,Completed
207148,2025-07-14,5066,1066,3,177.61,0,West,5,Completed
207149,2024-06-27,5420,1028,1,246.29,0,East,3,Completed
207150,2024-03-14,5071,1035,5,233.76,0.1,South,4,Returned
207151,2024-09-17,5479,1011,2,34.89,0.05,West,4,Completed
207152,2024-08-07,5344,1022,1,40.4,0,East,3,Completed
207153,2024-05-02,5387,1051,2,246.3,0,West,2,Completed
207154,2024-07-20,5261,1052,6,326.99,0,South,3,Completed
207155,2025-11-28,5386,1041,1,47.82,0,West,5,Completed
207156,2024-05-14,5132,1058,1,200.49,0,East,4,Completed
207157,2024-09-26,5313,1064,1,96.65,0,East,4,Completed
207158,2024-02-02,5232,1026,1,65.04,0.15,West,1,Completed
207159,2024-10-02,5109,1057,1,72.74,0,East,8,Completed
207160,2025-11-05,5027,1052,3,300.62,0.05,North,7,Completed
207161,2025-03-21,5250,1032,2,241.14,0.1,South,3,Completed
207162,2025-05-13,5266,1057,3,67.53,0.15,East,,Cancelled
207163,2024-08-19,5431,1030,10,137.78,0.05,West,8,Completed
207164,2024-07-07,5495,1005,3,82.17,0.2,North,7,Completed
207165,2024-11-30,5401,1008,3,115.34,0.05,East,5,Completed
207166,2025-04-19,5488,1022,5,39.44,0,West,6,Returned
207167,2024-06-07,5237,1052,1,325.78,0.05,East,2,Completed
207168,2025-04-10,5135,1018,1,311.19,0,East,8,Completed
207169,2024-03-21,5078,1007,3,147.98,0.1,West,2,Completed
207170,2024-12-06,5165,1043,2,94.46,0.15,South,3,Completed
207171,2025-04-09,5023,1054,5,260.48,0,North,4,Completed
207172,2025-12-27,5261,1006,1,207.35,0,South,4,Completed
207173,2024-02-23,5432,1066,4,178.31,0.2,South,4,Completed
207174,2025-11-21,5070,1029,1,197.57,0.15,South,2,Completed
207175,2025-05-06,5062,1069,1,169.17,0,West,4,Completed
207176,2025-09-23,5415,1026,1,66.27,0.1,North,5,Completed
207177,2025-01-13,5006,1025,1,198.42,0.15,West,2,Completed
207178,2025-12-12,5078,1048,4,308.74,0.05,West,5,Completed
207179,2024-04-20,5466,1070,2,230.04,0.1,East,8,Completed
207180,2024-05-21,5237,1030,3,143.68,0,East,4,Completed
207181,2025-06-18,5319,1019,4,109.92,0.05,West,3,Completed
207182,2025-10-06,5448,1013,1,126.9,0,North,3,Completed
207183,2024-02-11,5213,1026,2,66.86,0.15,North,6,Completed
207184,2025-07-12,5387,1033,1,157.07,0.05,West,7,Completed
207185,2024-09-19,5384,1053,1,207.22,0,East,2,Completed
207186,2024-09-26,5055,1044,2,135.7,0.2,West,6,Completed
207187,2024-04-14,5118,1002,3,70.89,0.05,North,,Cancelled
207188,2024-06-28,5258,1039,1,188.35,0,East,6,Completed
207189,2025-05-11,5474,1024,4,118.26,0,East,5,Completed
207190,2025-11-13,5087,1063,1,215.88,0,North,3,Completed
207191,2025-01-27,5373,1050,1,76.65,0,West,,Cancelled
207192,2025-08-19,5388,1047,2,205.76,0,East,3,Completed
207193,2024-01-28,5141,1053,3,203.22,0,West,5,Completed
207194,2024-10-20,5327,1057,4,71.74,0.05,East,2,Returned
207195,2025-03-23,5354,1069,3,171.7,0,North,3,Completed
207196,2025-09-20,5206,1021,1,118.6,0,East,3,Completed
207197,2024-09-04,5010,1042,3,17.8,0.15,West,6,Completed
207198,2024-01-24,5044,1002,5,71.85,0,South,6,Completed
207199,2024-06-09,5429,1067,1,211.67,0.05,East,4,Completed
207200,2024-07-31,5348,1007,1,157.92,0,East,4,Returned
207201,2024-06-13,5119,1020,5,62.54,0.05,North,3,Completed
207202,2024-10-17,5356,1045,6,111.27,0.15,East,6,Completed
207203,2024-10-24,5364,1023,2,205.28,0.05,West,6,Completed
207204,2024-11-15,5039,1059,6,133.75,0.05,West,5,Completed
207205,2024-05-08,5382,1034,3,133.14,0,East,3,Completed
207206,2024-06-18,5499,1069,2,165.13,0.1,South,8,Completed
207207,2024-01-31,5310,1027,2,110.55,0.1,North,4,Completed
207208,2024-03-19,5091,1065,1,64.73,0,West,3,Completed
207209,2024-04-24,5469,1072,2,81.98,0,South,3,Completed
207210,2024-04-14,5088,1042,1,17.38,0,East,5,Completed
207211,2024-10-24,5443,1037,3,131.97,0.1,West,6,Completed
207212,2024-04-11,5131,1004,2,144.3,0.05,South,3,Completed
207213,2025-07-30,5096,1006,2,207.92,0.05,West,,Cancelled
207214,2025-05-08,5079,1038,2,225.01,0,North,4,Returned
207215,2024-01-27,5263,1027,1,113.1,0,South,1,Completed
207216,2025-05-01,5313,1028,1,270.98,0,East,4,Completed
207217,2025-06-27,5411,1034,3,139.8,0,West,3,Completed
207218,2025-07-23,5289,1013,1,119.91,0.05,West,4,Completed
207219,2024-12-24,5140,1055,2,273.32,0,East,1,Completed
207220,2025-07-06,5480,1052,3,338.11,0.05,East,5,Completed
207221,2024-02-25,5356,1033,1,150.5,0.1,East,2,Returned
207222,2024-06-17,5232,1061,8,155.77,0,West,4,Completed
207223,2024-05-11,5165,1007,1,162.01,0,South,2,Returned
207224,2025-05-01,5081,1024,1,119.61,0,North,5,Completed
207225,2025-10-02,5476,1041,3,45.76,0,East,2,Completed
207226,2025-04-25,5129,1055,1,268.87,0.05,South,,Cancelled
207227,2024-07-14,5249,1067,8,211.96,0,North,2,Completed
207228,2025-03-12,5003,1052,4,312.84,0.05,North,4,Completed
207229,2025-04-15,5297,1005,3,86.02,0,East,2,Completed
207230,2025-06-29,5200,1036,2,252.4,0,North,3,Completed
207231,2025-11-26,5129,1004,3,155.13,0.15,South,3,Completed
207232,2025-06-19,5010,1042,1,16.26,0.2,West,2,Completed
207233,2024-08-17,5065,1069,3,165.19,0,West,5,Completed
207234,2024-03-06,5120,1046,2,74.62,0,East,4,Completed
207235,2025-03-01,5208,1025,6,196.1,0.1,North,3,Completed
207236,2025-04-30,5494,1005,8,78.39,0.1,South,4,Completed
207237,2025-01-18,5054,1063,1,234.77,0,East,1,Completed
207238,2025-07-08,5496,1005,1,85.62,0,West,2,Completed
207239,2025-04-02,5453,1033,10,146.89,0,North,3,Completed
207240,2025-12-29,5271,1069,2,173.45,0.2,South,3,Completed
207241,2025-08-27,5455,1061,2,150.5,0.05,South,2,Completed
207242,2025-06-11,5365,1054,3,244.02,0,South,4,Completed
207243,2025-07-20,5385,1065,3,62.95,0.1,South,2,Completed
207244,2025-06-05,5244,1058,1,217.2,0,West,6,Completed
207245,2025-02-10,5237,1003,4,268.49,0.1,East,4,Completed
207246,2024-11-15,5260,1025,2,206.41,0,South,4,Completed
207247,2025-04-22,5476,1022,1,36.14,0.2,East,5,Completed
207248,2024-06-02,5219,1047,1,205.47,0,North,5,Completed
207249,2025-02-03,5197,1021,4,108.74,0.05,East,1,Completed
207250,2025-04-06,5189,1017,2,76.34,0,East,,Cancelled
207251,2024-08-31,5131,1051,2,239.03,0.1,South,4,Completed
207252,2025-02-13,5210,1006,2,211.3,0,South,,Cancelled
207253,2024-09-01,5442,1021,1,110.64,0.1,North,4,Completed
207254,2024-08-20,5372,1029,1,187.39,0,South,5,Completed
207255,2025-08-14,5262,1042,2,17.03,0.15,South,5,Completed
207256,2025-03-15,5482,1051,1,244.41,0,South,4,Completed
207257,2025-08-04,5045,1005,1,76.87,0.05,East,1,Completed
207258,2025-03-04,5106,1022,5,35.86,0,East,4,Completed
207259,2024-09-19,5423,1052,3,337.26,0.1,North,3,Completed
207260,2025-05-21,5499,1019,4,100.54,0,South,5,Completed
207261,2024-06-14,5391,1038,4,222.31,0,West,4,Completed
207262,2025-01-12,5186,1026,1,69.51,0.05,North,8,Completed
207263,2025-02-08,5038,1060,6,118.94,0,West,4,Completed
207264,2024-08-05,5403,1025,1,206.69,0.05,South,3,Completed
207265,2024-04-28,5350,1006,4,199.0,0.15,West,1,Completed
207266,2025-07-26,5114,1038,1,220.4,0,North,1,Returned
207267,2024-04-07,5281,1026,8,69.21,0,West,5,Returned
207268,2025-09-04,5116,1035,1,226.91,0.1,West,4,Completed
207269,2025-04-08,5430,1029,1,197.59,0,South,5,Completed
207270,2025-06-24,5356,1050,2,73.97,0.15,East,4,Completed
207271,2025-10-25,5346,1025,2,207.93,0,South,3,Completed
207272,2024-08-08,5320,1053,2,210.41,0,West,1,Returned
207273,2025-11-04,5073,1009,4,204.47,0.1,West,4,Completed
207274,2024-05-12,5367,1045,5,110.14,0,East,7,Completed
207275,2025-01-08,5043,1050,3,79.91,0,East,4,Completed
207276,2025-01-04,5149,1033,2,149.51,0,West,5,Completed
207277,2024-05-20,5037,1001,4,167.55,0.05,South,1,Completed
207278,2024-09-09,5232,1010,3,87.18,0,West,2,Completed
207279,2024-01-07,5073,1013,2,127.6,0,West,2,Completed
207280,2025-06-22,5021,1008,2,113.68,0,East,7,Completed
207281,2025-12-22,5363,1056,4,337.78,0,East,7,Completed
207282,2024-09-29,5330,1042,1,16.42,0,South,6,Completed
207283,2025-09-06,5255,1028,3,268.27,0.05,East,3,Completed
207284,2025-04-21,5294,1005,4,81.38,0,West,,Cancelled
207285,2024-09-03,5253,1019,2,109.04,0.1,East,4,Completed
207286,2025-10-09,5485,1072,3,75.77,0.05,South,3,Returned
207287,2024-02-25,5187,1018,2,322.54,0,East,4,Completed
207288,2025-02-04,5352,1058,5,203.08,0.15,West,2,Completed
207289,2024-11-10,5081,1059,1,132.8,0.05,North,5,Completed
207290,2024-12-11,5444,1017,5,76.06,0,South,3,Completed
207291,2024-08-25,5462,1018,1,318.0,0.15,West,3,Completed
207292,2024-09-11,5187,1004,4,157.64,0.2,East,6,Completed
207293,2024-11-18,5044,1070,1,216.59,0.05,South,1,Completed
207294,2025-12-09,5462,1016,1,56.48,0,West,3,Returned
207295,2024-02-24,5023,1070,2,237.48,0.1,North,1,Completed
207296,2025-12-14,5297,1053,3,215.97,0.15,East,3,Completed
207297,2025-02-05,5150,1068,2,192.5,0,North,2,Completed
207298,2025-02-03,5238,1057,2,68.57,0,East,5,Completed
207299,2024-05-24,5151,1040,2,259.03,0,South,2,Completed
207300,2024-05-13,5412,1047,4,196.09,0,East,5,Completed
207301,2024-04-02,5391,1023,1,196.79,0.2,West,2,Completed
207302,2024-10-08,5406,1014,2,33.25,0.05,East,1,Completed
207303,2025-11-11,5469,1029,5,189.04,0,South,2,Completed
207304,2025-08-26,5026,1038,2,210.32,0.2,North,5,Completed
207305,2024-12-12,5035,1063,1,213.99,0.1,South,3,Completed
207306,2025-10-27,5248,1060,1,129.36,0.1,South,3,Completed
207307,2025-06-05,5275,1046,5,69.35,0,South,6,Completed
207308,2025-09-28,5323,1050,1,80.78,0.05,South,4,Completed
207309,2025-10-17,5113,1004,2,149.44,0.05,North,4,Completed
207310,2025-11-16,5053,1035,3,237.4,0.05,North,2,Completed
207311,2025-12-28,5291,1068,2,204.39,0,South,3,Completed
207312,2025-02-09,5013,1041,6,48.49,0,South,3,Completed
207313,2025-05-20,5050,1006,4,194.14,0.05,East,4,Returned
207314,2024-04-16,5408,1049,2,22.77,0.05,South,2,Completed
207315,2024-05-09,5258,1057,6,71.18,0.1,East,6,Completed
207316,2025-10-19,5260,1028,4,270.41,0,South,2,Completed
207317,2025-01-18,5200,1007,10,155.67,0.1,North,5,Completed
207318,2025-09-16,5247,1054,1,245.58,0,West,3,Completed
207319,2024-03-09,5283,1017,5,71.73,0.1,South,5,Completed
207320,2025-11-13,5355,1017,2,80.05,0,South,4,Completed
207321,2024-05-09,5401,1032,2,217.37,0.05,East,7,Completed
207322,2024-07-26,5123,1005,2,84.57,0.05,East,1,Completed
207323,2024-07-28,5210,1033,5,158.57,0,South,,Cancelled
207324,2025-10-23,5041,1008,5,119.98,0,East,1,Completed
207325,2025-12-09,5037,1068,5,188.73,0,South,1,Completed
207326,2025-07-01,5276,1064,1,96.35,0,West,6,Returned
207327,2024-04-21,5186,1025,1,196.32,0,North,6,Completed
207328,2024-07-16,5002,1064,1,103.01,0,North,1,Completed
207329,2025-12-10,5176,1036,5,255.04,0,North,3,Completed
207330,2025-11-29,5333,1072,1,74.36,0.05,South,4,Completed
207331,2024-03-31,5057,1025,1,193.12,0.15,East,4,Completed
207332,2025-04-24,5284,1002,4,73.79,0.1,East,4,Completed
207333,2025-11-13,5129,1045,1,105.68,0.05,South,,Cancelled
207334,2025-03-30,5068,1021,10,109.45,0.05,West,4,Completed
207335,2025-03-20,5028,1055,1,274.04,0,East,5,Completed
207336,2024-09-17,5374,1037,2,141.28,0.15,West,4,Returned
207337,2025-05-15,5208,1057,1,64.79,0.1,North,5,Completed
207338,2024-01-16,5286,1025,3,208.5,0,South,3,Completed
207339,2024-09-19,5010,1067,2,219.57,0.1,West,3,Completed
207340,2025-04-16,5416,1030,1,138.95,0.05,East,,Cancelled
207341,2024-11-14,5234,1017,2,75.86,0.05,West,,Cancelled
207342,2024-06-18,5493,1025,1,207.13,0.1,West,3,Completed
207343,2025-04-03,5095,1024,1,116.66,0,West,2,Returned
207344,2025-05-18,5266,1033,1,143.55,0,East,4,Completed
207345,2024-12-09,5253,1063,1,227.75,0,East,4,Completed
207346,2024-02-04,5083,1006,1,208.23,0,West,3,Completed
207347,2024-07-11,5495,1007,4,151.77,0,North,3,Completed
207348,2025-01-02,5471,1027,4,107.04,0,North,4,Completed
207349,2024-07-22,5123,1070,2,235.6,0,East,3,Completed
207350,2025-01-19,5174,1065,6,66.41,0.05,West,3,Completed
207351,2025-12-11,5356,1042,1,16.34,0.05,East,5,Completed
207352,2024-09-10,5372,1042,3,16.08,0,South,5,Completed
207353,2024-06-08,5298,1040,1,274.41,0.05,North,3,Completed
207354,2025-02-13,5204,1054,4,257.43,0,East,1,Completed
207355,2024-12-13,5042,1013,1,124.71,0.05,East,5,Completed
207356,2024-12-30,5234,1001,1,155.03,0.05,West,4,Completed
207357,2024-02-02,5346,1034,2,146.73,0.05,South,,Cancelled
207358,2024-04-07,5204,1046,6,72.32,0,East,,Cancelled
207359,2025-09-03,5412,1036,2,242.29,0.1,East,2,Returned
207360,2025-01-09,5128,1034,4,134.61,0,West,4,Completed
207361,2024-04-21,5217,1043,2,100.19,0,North,2,Completed
207362,2025-05-13,5027,1039,2,180.77,0,North,5,Completed
207363,2024-03-26,5187,1056,2,320.78,0.05,East,5,Completed
207364,2024-04-09,5153,1034,2,136.07,0.05,South,5,Completed
207365,2025-06-05,5398,1027,2,111.27,0,South,5,Completed
207366,2025-04-29,5330,1029,4,200.02,0.05,South,,Cancelled
207367,2025-06-15,5314,1007,1,161.68,0.1,North,4,Returned
207368,2025-04-03,5264,1054,5,267.55,0,West,4,Completed
207369,2025-04-06,5224,1068,1,190.54,0,West,2,Completed
207370,2024-09-14,5316,1033,3,151.09,0.2,North,4,Completed
207371,2025-05-31,5483,1011,2,32.99,0,North,2,Completed
207372,2025-11-20,5293,1072,8,79.91,0,West,2,Completed
207373,2025-12-16,5034,1039,3,174.05,0.05,West,2,Completed
207374,2024-06-21,5247,1037,1,136.55,0,West,1,Completed
207375,2024-06-20,5184,1011,2,36.23,0,South,5,Completed
207376,2025-10-27,5290,1028,2,249.34,0,South,3,Completed
207377,2024-03-30,5142,1029,10,191.32,0,North,6,Completed
207378,2024-09-18,5476,1023,4,209.81,0,East,2,Completed
207379,2024-09-22,5321,1046,2,74.78,0.1,South,3,Completed
207380,2024-08-21,5092,1052,1,300.87,0.05,South,3,Completed
207381,2024-10-01,5227,1007,4,154.76,0.1,North,4,Returned
207382,2024-08-06,5307,1003,3,256.8,0.1,West,2,Completed
207383,2024-06-11,5335,1068,2,195.52,0.1,East,4,Completed
207384,2025-02-11,5467,1063,3,231.09,0.05,North,,Cancelled
207385,2025-12-11,5145,1067,1,213.91,0,East,3,Returned
207386,2024-12-24,5195,1005,3,76.45,0.1,East,3,Completed
207387,2024-08-19,5238,1019,2,109.21,0.1,East,3,Completed
207388,2025-06-14,5057,1032,2,222.63,0,East,2,Completed
207389,2024-06-14,5433,1056,2,327.4,0,North,3,Completed
207390,2024-02-23,5253,1006,1,200.75,0,East,4,Completed
207391,2025-06-08,5264,1032,3,214.57,0,West,3,Completed
207392,2024-12-12,5217,1065,4,67.91,0,North,4,Completed
207393,2024-05-20,5171,1030,2,132.77,0,North,2,Completed
207394,2024-03-18,5117,1051,2,242.19,0,North,1,Completed
207395,2025-12-05,5402,1070,10,234.6,0.05,West,6,Completed
207396,2024-05-15,5407,1037,4,143.97,0.1,South,4,Completed
207397,2024-01-09,5231,1068,2,202.48,0,East,3,Completed
207398,2024-01-22,5451,1070,8,233.69,0.1,North,1,Completed
207399,2024-12-11,5429,1053,2,198.66,0,East,3,Completed
207400,2025-02-04,5386,1027,3,104.22,0.05,West,6,Completed
207401,2024-06-29,5074,1018,1,332.2,0,West,2,Completed
207402,2025-08-31,5119,1063,8,213.59,0.05,North,1,Completed
207403,2025-04-01,5330,1069,3,178.27,0,South,6,Completed
207404,2024-08-25,5048,1023,4,202.27,0.1,South,7,Completed
207405,2025-10-06,5112,1064,3,93.33,0.05,South,4,Completed
207406,2025-09-25,5302,1017,1,75.23,0,West,5,Completed
207407,2024-09-30,5165,1061,3,141.61,0.15,South,4,Completed
207408,2025-09-08,5242,1038,6,206.23,0,East,2,Completed
207409,2025-02-25,5069,1026,3,66.58,0.05,East,2,Completed
207410,2024-08-17,5222,1072,2,79.54,0.05,South,2,Completed
207411,2024-07-21,5128,1072,6,79.86,0.1,West,5,Completed
207412,2024-03-12,5102,1052,8,328.23,0,East,2,Completed
207413,2025-03-06,5148,1047,3,191.65,0,South,2,Completed
207414,2025-02-11,5039,1002,3,78.15,0,West,5,Completed
207415,2024-06-17,5458,1024,1,119.08,0.05,South,4,Returned
207416,2025-12-31,5467,1044,10,141.51,0,North,1,Completed
207417,2025-11-27,5465,1005,4,85.56,0.05,South,3,Completed
207418,2024-05-25,5118,1019,5,109.56,0.05,North,3,Completed
207419,2025-06-15,5380,1057,1,71.46,0.05,West,3,Completed
207420,2025-07-02,5004,1066,4,160.41,0,South,3,Completed
207421,2024-09-30,5150,1018,1,321.72,0.1,North,4,Completed
207422,2024-02-14,5244,1064,2,100.4,0.05,West,2,Completed
207423,2025-01-18,5309,1009,1,197.67,0.15,West,4,Completed
207424,2025-08-14,5379,1057,1,73.31,0.2,South,6,Completed
207425,2024-11-04,5015,1020,1,58.84,0.05,South,2,Completed
207426,2024-06-10,5470,1049,2,22.78,0,East,4,Completed
207427,2025-03-18,5407,1060,6,115.79,0.05,South,3,Completed
207428,2025-03-24,5219,1069,2,178.29,0,North,1,Completed
207429,2025-01-10,5088,1064,2,104.3,0,East,4,Completed
207430,2024-03-05,5457,1040,1,261.26,0.1,East,6,Completed
207431,2024-08-04,5326,1023,2,198.28,0,South,2,Completed
207432,2024-05-01,5430,1042,1,16.76,0.1,South,1,Completed
207433,2025-09-15,5022,1040,8,265.62,0.1,East,4,Returned
207434,2025-06-02,5192,1006,3,208.14,0.1,North,2,Completed
207435,2024-09-22,5384,1002,1,71.6,0,East,1,Completed
207436,2025-07-26,5269,1057,2,68.15,0.15,North,2,Completed
207437,2024-09-17,5447,1067,1,218.87,0.05,West,4,Completed
207438,2025-11-30,5442,1023,1,199.9,0,North,1,Returned
207439,2024-11-21,5123,1028,1,269.98,0.1,East,3,Completed
207440,2025-11-16,5240,1040,4,272.59,0.1,North,1,Completed
207441,2024-07-25,5261,1068,10,195.11,0.15,South,3,Completed
207442,2024-12-15,5160,1029,1,198.19,0.1,West,2,Completed
207443,2025-08-09,5386,1065,1,63.97,0,West,4,Completed
207444,2025-10-03,5334,1054,1,242.43,0.2,West,5,Completed
207445,2025-11-13,5112,1006,6,211.25,0,South,3,Completed
207446,2024-12-24,5185,1066,1,159.85,0.15,East,2,Completed
207447,2025-11-10,5487,1069,3,168.35,0.1,West,1,Completed
207448,2024-09-02,5292,1033,1,146.82,0,West,8,Completed
207449,2025-12-14,5315,1027,3,107.35,0.15,West,5,Completed
207450,2024-06-09,5175,1008,1,114.09,0.05,South,4,Returned
207451,2025-11-21,5153,1064,5,99.82,0,South,1,Completed
207452,2024-10-13,5440,1024,1,113.56,0,North,7,Completed
207453,2025-03-21,5051,1033,1,148.57,0,West,4,Completed
207454,2024-08-19,5302,1065,1,67.94,0.1,West,5,Completed
207455,2025-10-08,5334,1054,3,267.05,0.05,West,2,Completed
207456,2024-09-04,5057,1057,3,66.52,0.05,East,2,Completed
207457,2025-10-28,5185,1029,5,205.19,0.1,East,3,Completed
207458,2024-12-01,5053,1064,10,97.06,0.1,North,5,Completed
207459,2024-09-18,5479,1021,5,108.23,0.05,West,,Cancelled
207460,2025-08-10,5069,1041,4,47.09,0,East,4,Completed
207461,2025-10-16,5176,1005,1,83.77,0,North,1,Completed
207462,2025-08-28,5344,1068,10,206.43,0,East,4,Completed
207463,2024-08-22,5446,1018,3,302.64,0.15,South,5,Completed
207464,2024-11-14,5412,1056,3,348.62,0.05,East,4,Completed
207465,2025-01-31,5153,1010,8,93.92,0.1,South,3,Completed
207466,2025-05-11,5333,1024,2,120.12,0.1,South,5,Completed
207467,2024-01-06,5317,1020,4,61.98,0.1,North,5,Completed
207468,2024-09-14,5239,1001,5,169.09,0,South,1,Completed
207469,2025-09-30,5113,1033,1,154.4,0.15,North,4,Completed
207470,2025-06-12,5074,1050,1,76.95,0,West,7,Completed
207471,2025-10-07,5058,1034,1,146.61,0,North,1,Returned
207472,2024-08-15,5055,1001,1,153.81,0.05,West,3,Completed
207473,2025-07-04,5499,1060,1,128.61,0.15,South,3,Completed
207474,2024-08-27,5157,1037,1,133.33,0,West,5,Returned
207475,2024-12-10,5463,1062,1,190.56,0.05,South,4,Returned
207476,2025-07-25,5271,1069,2,172.37,0,South,2,Completed
207477,2025-12-01,5453,1042,5,16.16,0,North,5,Completed
207478,2024-05-04,5074,1063,1,212.35,0,West,3,Completed
207479,2025-02-28,5418,1067,6,231.9,0.1,West,4,Completed
207480,2024-08-02,5091,1007,1,162.94,0.05,West,,Cancelled
207481,2025-05-08,5386,1017,3,79.47,0,West,3,Completed
207482,2024-01-30,5356,1038,2,216.94,0.05,East,3,Completed
207483,2024-06-18,5287,1007,3,157.77,0,North,3,Completed
207484,2025-07-03,5332,1036,4,256.18,0.1,North,3,Completed
207485,2025-06-18,5338,1067,2,231.86,0,East,3,Completed
207486,2025-08-23,5297,1006,3,193.32,0,East,6,Completed
207487,2024-07-25,5466,1009,1,208.36,0.1,East,6,Completed
207488,2025-02-22,5370,1037,1,132.07,0,West,4,Completed
207489,2024-06-21,5242,1008,1,120.73,0,East,4,Completed
207490,2025-10-07,5098,1038,6,224.1,0,East,3,Completed
207491,2025-07-25,5233,1015,2,225.71,0,East,5,Completed
207492,2025-09-25,5331,1025,2,203.37,0,East,4,Completed
207493,2024-04-18,5328,1034,2,132.46,0.1,South,8,Completed
207494,2025-11-04,5143,1041,2,49.19,0,North,4,Completed
207495,2025-01-15,5310,1020,2,57.59,0,North,5,Completed
207496,2025-03-01,5409,1030,4,145.7,0,West,3,Completed
207497,2024-10-26,5093,1013,1,134.03,0,North,4,Completed
207498,2024-07-30,5169,1068,1,211.11,0.1,East,6,Completed
207499,2024-06-01,5201,1028,1,264.29,0,West,7,Completed
207500,2025-05-03,5255,1037,1,135.67,0,East,2,Completed
207501,2024-04-11,5485,1019,2,100.8,0,South,5,Completed
207502,2024-10-13,5304,1059,3,137.83,0.1,East,2,Completed
207503,2024-10-13,5466,1051,4,241.75,0.15,East,4,Completed
207504,2025-02-02,5415,1044,1,132.62,0,North,5,Completed
207505,2025-04-10,5069,1053,8,214.65,0.05,East,6,Completed
207506,2025-05-04,5477,1053,1,195.26,0,South,3,Completed
207507,2024-05-25,5113,1024,3,119.47,0,North,3,Completed
207508,2024-03-09,5179,1036,2,232.03,0.1,East,3,Completed
207509,2025-03-29,5116,1029,2,194.96,0.1,West,2,Completed
207510,2025-04-16,5223,1018,4,324.79,0,East,4,Completed
207511,2024-08-14,5026,1052,10,339.53,0.05,North,2,Completed
207512,2025-10-16,5363,1028,3,244.07,0.05,East,3,Completed
207513,2025-11-11,5387,1027,5,105.23,0,West,2,Completed
207514,2025-07-21,5487,1059,1,132.6,0,West,7,Returned
207515,2025-05-03,5294,1068,1,212.24,0.05,West,3,Completed
207516,2024-08-05,5352,1060,4,119.79,0,West,8,Completed
207517,2025-04-04,5019,1038,1,220.94,0.1,South,4,Completed
207518,2025-10-24,5300,1030,10,130.72,0.1,South,5,Completed
207519,2025-12-20,5443,1020,8,60.24,0.05,West,,Cancelled
207520,2025-08-06,5451,1017,10,77.2,0,North,6,Completed
207521,2025-04-08,5375,1063,1,214.85,0,East,3,Completed
207522,2025-02-16,5244,1031,4,241.96,0,West,3,Completed
207523,2024-10-09,5334,1072,1,80.2,0.05,West,4,Completed
207524,2025-04-15,5051,1009,1,200.92,0.05,West,5,Completed
207525,2025-09-03,5458,1061,2,158.36,0.15,South,4,Completed
207526,2025-11-27,5372,1069,6,171.42,0,South,1,Completed
207527,2024-02-11,5219,1034,2,145.01,0,North,4,Returned
207528,2024-07-02,5075,1022,1,36.2,0,West,4,Completed
207529,2025-04-29,5167,1012,2,223.91,0,West,2,Completed
207530,2025-05-24,5207,1046,1,73.48,0,North,2,Completed
207531,2024-07-21,5387,1023,3,188.31,0.05,West,,Cancelled
207532,2024-07-10,5296,1016,5,57.88,0,South,3,Completed
207533,2025-04-03,5286,1047,5,194.29,0,South,3,Completed
207534,2024-02-26,5284,1034,3,129.72,0.15,East,5,Completed
207535,2025-04-24,5165,1039,4,177.49,0,South,6,Completed
207536,2024-05-25,5353,1042,2,17.44,0.1,South,6,Completed
207537,2025-09-10,5057,1065,1,65.86,0,East,3,Completed
207538,2024-02-17,5451,1015,1,235.9,0,North,3,Completed
207539,2024-02-23,5483,1006,1,197.47,0.05,North,4,Completed
207540,2024-08-10,5158,1017,1,72.67,0,East,1,Completed
207541,2024-06-18,5160,1013,10,126.45,0.05,West,,Cancelled
207542,2024-05-31,5325,1014,5,33.59,0,West,5,Completed
207543,2025-08-13,5421,1004,1,158.57,0,East,3,Completed
207544,2024-12-03,5179,1021,1,112.24,0.1,East,4,Completed
207545,2025-03-07,5287,1029,3,204.31,0,North,4,Completed
207546,2024-05-31,5091,1053,3,210.67,0,West,3,Completed
207547,2025-12-29,5031,1025,1,187.39,0,South,2,Returned
207548,2025-06-06,5122,1023,2,203.63,0.05,West,3,Completed
207549,2025-02-28,5308,1003,3,262.3,0.05,North,2,Completed
207550,2024-03-14,5404,1061,1,142.51,0,North,2,Completed
207551,2024-09-16,5338,1055,8,286.86,0,East,4,Completed
207552,2025-04-23,5461,1068,2,203.74,0,West,2,Completed
207553,2025-05-10,5411,1059,1,137.57,0,West,5,Completed
207554,2025-12-10,5171,1010,4,92.26,0,North,3,Completed
207555,2025-10-18,5093,1058,1,205.74,0.1,North,,Cancelled
207556,2024-07-26,5390,1064,2,95.5,0.15,South,2,Completed
207557,2024-06-17,5342,1025,6,205.79,0.05,South,4,Completed
207558,2025-10-12,5313,1040,4,282.83,0.1,East,7,Completed
207559,2024-01-15,5417,1019,8,105.98,0.15,North,3,Completed
207560,2024-06-27,5280,1049,3,23.37,0.15,East,3,Completed
207561,2024-11-01,5035,1030,5,134.0,0,South,4,Completed
207562,2024-11-18,5204,1060,2,119.38,0,East,4,Completed
207563,2024-12-07,5129,1014,1,36.28,0.15,South,2,Returned
207564,2024-04-28,5116,1020,2,57.79,0.2,West,3,Completed
207565,2024-04-26,5357,1052,1,329.83,0,East,4,Completed
207566,2025-01-27,5021,1043,1,90.53,0.15,East,2,Completed
207567,2025-08-01,5029,1051,2,233.96,0,West,8,Completed
207568,2024-07-17,5094,1050,1,78.69,0.15,East,2,Completed
207569,2024-02-26,5405,1041,2,47.32,0.05,West,2,Returned
207570,2024-02-15,5259,1026,1,63.7,0.1,North,3,Completed
207571,2025-12-17,5130,1042,3,17.76,0.05,South,3,Completed
207572,2024-07-17,5318,1039,1,189.29,0,East,3,Completed
207573,2024-04-29,5071,1048,3,309.61,0.2,South,3,Completed
207574,2025-05-26,5278,1050,1,80.73,0,West,4,Completed
207575,2025-06-09,5080,1061,8,150.95,0.1,North,3,Completed
207576,2025-02-05,5215,1047,3,210.59,0,South,,Cancelled
207577,2025-09-12,5479,1053,2,213.24,0,West,6,Completed
207578,2025-12-14,5054,1005,4,80.15,0,East,2,Completed
207579,2025-04-28,5196,1051,3,254.05,0.05,North,2,Completed
207580,2024-05-13,5038,1015,3,237.38,0.05,West,1,Completed
207581,2025-07-18,5087,1028,1,256.45,0,North,3,Completed
207582,2024-10-23,5353,1046,1,69.05,0.05,South,,Cancelled
207583,2024-12-09,5277,1067,5,236.72,0.2,East,5,Completed
207584,2025-01-31,5440,1006,1,205.28,0.05,North,4,Completed
207585,2025-09-28,5277,1037,2,142.25,0.15,East,5,Completed
207586,2024-05-29,5203,1005,2,81.95,0.15,West,3,Completed
207587,2024-12-19,5158,1007,1,158.14,0.2,East,4,Completed
207588,2025-05-23,5096,1001,1,172.37,0.05,West,6,Completed
207589,2024-01-21,5169,1030,2,145.8,0,East,5,Completed
207590,2024-03-03,5239,1058,2,202.85,0.05,South,4,Completed
207591,2025-12-13,5052,1019,3,100.48,0.1,West,2,Completed
207592,2025-12-20,5128,1018,4,311.79,0.05,West,4,Completed
207593,2024-11-07,5354,1003,2,249.79,0,North,2,Completed
207594,2024-03-31,5344,1015,4,230.75,0.15,East,3,Completed
207595,2024-12-24,5332,1066,3,172.16,0.1,North,1,Completed
207596,2025-02-02,5354,1010,1,85.05,0,North,6,Completed
207597,2024-08-25,5249,1063,3,235.08,0.05,North,4,Completed
207598,2024-01-11,5325,1051,5,239.97,0,West,3,Completed
207599,2024-01-10,5092,1039,6,172.97,0,South,4,Completed
207600,2025-12-25,5489,1055,5,276.31,0,East,,Cancelled
207601,2025-02-13,5159,1026,1,62.67,0.1,South,4,Completed
207602,2024-03-25,5129,1031,2,257.85,0,South,3,Returned
207603,2025-01-27,5225,1045,5,116.61,0.2,North,5,Completed
207604,2024-09-04,5104,1049,10,23.44,0,South,5,Completed
207605,2024-12-29,5209,1065,5,66.86,0.15,South,1,Completed
207606,2024-02-04,5269,1061,1,150.57,0,North,6,Completed
207607,2025-05-02,5030,1021,1,111.46,0.05,South,3,Completed
207608,2024-04-01,5276,1030,3,131.76,0,West,5,Completed
207609,2024-06-28,5261,1067,4,227.55,0.05,South,5,Completed
207610,2025-11-18,5222,1040,4,261.21,0,South,3,Completed
207611,2025-09-10,5131,1022,1,37.29,0,South,1,Completed
207612,2025-06-13,5202,1010,3,84.11,0,West,3,Completed
207613,2025-04-03,5417,1020,2,61.37,0.15,North,3,Completed
207614,2024-06-20,5184,1068,6,207.29,0.15,South,2,Completed
207615,2025-10-05,5142,1029,3,202.71,0,North,4,Completed
207616,2024-11-23,5025,1024,1,112.09,0.05,East,3,Completed
207617,2024-02-29,5154,1039,1,187.44,0,South,3,Completed
207618,2025-03-08,5193,1020,2,58.13,0,West,1,Completed
207619,2025-03-25,5369,1004,2,150.74,0,West,4,Completed
207620,2024-08-11,5493,1046,1,72.98,0.1,West,2,Completed
207621,2025-01-20,5146,1062,3,181.21,0.1,South,4,Completed
207622,2024-11-08,5467,1024,1,115.23,0,North,3,Completed
207623,2024-06-29,5355,1010,3,92.72,0.05,South,7,Completed
207624,2025-05-31,5055,1018,10,335.46,0,West,4,Completed
207625,2025-04-17,5444,1071,2,129.72,0.1,South,5,Completed
207626,2025-08-19,5259,1010,5,90.2,0,North,2,Completed
207627,2025-02-15,5235,1045,3,105.43,0,East,,Cancelled
207628,2024-07-11,5218,1061,4,150.34,0.15,North,3,Completed
207629,2025-01-22,5037,1004,1,161.57,0,South,3,Completed
207630,2025-10-06,5201,1025,3,206.06,0.1,West,6,Completed
207631,2024-01-27,5036,1024,1,115.52,0.1,East,4,Completed
207632,2024-11-02,5257,1054,2,271.7,0,West,3,Completed
207633,2024-06-03,5071,1003,1,276.99,0,South,3,Completed
207634,2025-11-20,5394,1032,1,230.59,0,West,7,Completed
207635,2024-07-25,5354,1018,5,339.44,0,North,2,Completed
207636,2025-01-03,5010,1040,2,280.81,0,West,3,Completed
207637,2024-05-21,5309,1047,5,189.88,0,West,3,Completed
207638,2024-01-23,5162,1012,3,212.41,0.1,South,4,Completed
207639,2025-08-05,5023,1041,1,49.6,0.05,North,3,Completed
207640,2025-10-03,5173,1068,1,209.61,0.15,West,1,Completed
207641,2025-02-25,5057,1014,2,36.07,0.2,East,2,Completed
207642,2025-06-21,5276,1024,1,117.05,0.05,West,6,Completed
207643,2025-11-03,5455,1056,5,332.02,0.1,South,2,Completed
207644,2024-09-21,5392,1047,2,198.79,0,North,2,Completed
207645,2024-11-19,5400,1009,1,207.88,0.15,West,4,Completed
207646,2024-10-18,5396,1040,1,264.02,0.1,South,2,Completed
207647,2025-03-16,5330,1019,2,102.16,0.1,South,,Cancelled
207648,2025-03-20,5175,1051,5,240.65,0,South,3,Completed
207649,2025-02-22,5288,1010,3,91.59,0,North,3,Returned
207650,2025-03-14,5262,1064,4,93.27,0.1,South,7,Completed
207651,2024-04-08,5081,1049,1,23.27,0.05,North,3,Completed
207652,2024-01-30,5472,1070,3,233.97,0.1,South,7,Completed
207653,2024-07-26,5463,1064,4,97.71,0.15,South,5,Completed
207654,2025-02-08,5300,1040,4,259.71,0.1,South,3,Completed
207655,2024-11-17,5191,1051,6,238.67,0.05,East,5,Completed
207656,2024-10-29,5217,1072,5,72.68,0.05,North,3,Completed
207657,2024-04-18,5268,1036,2,242.46,0.15,East,3,Completed
207658,2024-07-20,5378,1059,1,138.36,0.05,West,4,Completed
207659,2025-10-20,5305,1061,1,142.27,0.15,West,4,Completed
207660,2024-06-14,5065,1030,5,139.47,0,West,2,Completed
207661,2025-09-08,5365,1037,10,136.68,0.1,South,4,Completed
207662,2025-01-10,5349,1050,2,77.02,0.2,South,4,Completed
207663,2025-11-21,5431,1011,2,32.65,0,West,3,Returned
207664,2025-10-07,5325,1057,1,67.52,0.1,West,7,Completed
207665,2024-10-13,5421,1037,1,139.1,0,East,6,Completed
207666,2025-03-19,5417,1024,3,115.2,0,North,5,Completed
207667,2025-12-14,5233,1065,10,68.12,0,East,2,Completed
207668,2025-05-18,5473,1027,2,105.08,0.1,East,2,Completed
207669,2024-03-14,5298,1065,5,65.29,0,North,4,Completed
207670,2025-03-08,5230,1021,10,116.15,0.2,East,4,Completed
207671,2024-01-16,5371,1060,3,117.73,0.15,South,4,Completed
207672,2025-12-03,5301,1033,1,148.77,0.1,West,1,Completed
207673,2024-12-25,5352,1014,2,34.19,0.05,West,6,Completed
207674,2024-07-24,5281,1043,1,97.06,0,West,3,Completed
207675,2024-12-09,5205,1069,1,181.44,0.15,East,8,Completed
207676,2024-12-20,5010,1050,3,76.55,0,West,4,Completed
207677,2024-05-18,5153,1035,1,218.42,0.05,South,6,Completed
207678,2024-01-02,5485,1019,10,104.84,0.15,South,6,Completed
207679,2024-01-29,5035,1064,3,104.87,0,South,4,Completed
207680,2024-05-03,5015,1072,3,73.26,0,South,3,Completed
207681,2024-08-28,5056,1019,2,101.59,0,East,6,Completed
207682,2025-09-10,5413,1047,1,205.21,0.1,North,2,Completed
207683,2025-01-01,5344,1054,3,254.46,0.1,East,3,Completed
207684,2024-06-05,5084,1022,5,37.64,0,North,,Cancelled
207685,2024-05-22,5033,1004,5,150.28,0.1,North,6,Completed
207686,2024-08-29,5475,1049,1,25.33,0.05,West,4,Completed
207687,2025-02-10,5037,1035,3,222.69,0.1,South,4,Completed
207688,2025-04-24,5155,1002,5,72.56,0.15,West,3,Completed
207689,2025-01-12,5058,1060,5,129.48,0,North,3,Completed
207690,2024-06-23,5045,1029,1,199.08,0.15,East,,Cancelled
207691,2025-11-22,5006,1015,2,224.11,0.1,West,,Cancelled
207692,2024-05-17,5392,1025,2,199.99,0.15,North,1,Completed
207693,2024-06-02,5285,1059,2,137.97,0,South,4,Completed
207694,2025-09-26,5374,1015,2,242.22,0,West,4,Completed
207695,2025-10-03,5139,1044,2,144.86,0.15,West,4,Completed
207696,2024-01-11,5043,1032,4,241.27,0,East,3,Completed
207697,2024-06-12,5032,1045,1,111.19,0.1,North,3,Completed
207698,2025-05-18,5445,1053,1,206.29,0,West,6,Returned
207699,2025-12-17,5373,1004,5,144.23,0,West,7,Completed
207700,2025-08-17,5291,1046,3,67.77,0,South,,Cancelled
207701,2025-12-08,5300,1023,1,188.37,0.15,South,5,Completed
207702,2024-12-19,5222,1011,1,32.71,0,South,4,Completed
207703,2025-12-18,5424,1050,4,77.54,0,South,5,Completed
207704,2024-12-22,5288,1022,1,37.24,0.05,North,2,Completed
207705,2025-12-26,5039,1015,1,223.45,0,West,3,Completed
207706,2024-02-26,5263,1023,1,208.41,0,South,3,Completed
207707,2025-06-22,5263,1001,1,173.75,0,South,4,Completed
207708,2024-06-02,5227,1026,1,69.5,0,North,,Cancelled
207709,2024-03-01,5184,1060,2,120.27,0.05,South,2,Completed
207710,2025-05-19,5245,1004,4,155.97,0,North,4,Completed
207711,2025-12-17,5308,1001,2,169.2,0.05,North,4,Completed
207712,2024-03-12,5453,1010,1,95.22,0,North,3,Completed
207713,2024-03-14,5093,1056,1,331.71,0.15,North,5,Completed
207714,2024-05-28,5028,1020,1,59.05,0.1,East,2,Completed
207715,2024-01-14,5274,1027,4,113.65,0,South,6,Completed
207716,2025-12-27,5045,1039,1,183.76,0.05,East,5,Completed
207717,2024-12-03,5131,1009,1,199.23,0,South,6,Completed
207718,2024-08-23,5305,1022,4,38.68,0,West,2,Completed
207719,2025-04-28,5277,1067,2,211.74,0.15,East,6,Completed
207720,2024-11-05,5499,1006,1,201.37,0,South,6,Completed
207721,2024-01-15,5380,1001,2,163.19,0.05,West,3,Completed
207722,2025-04-12,5081,1059,3,139.5,0,North,2,Completed
207723,2024-07-11,5126,1009,1,199.22,0,West,2,Returned
207724,2025-10-04,5367,1059,1,131.78,0.05,East,4,Completed
207725,2024-09-15,5408,1046,1,68.48,0,South,1,Completed
207726,2025-10-30,5191,1072,2,73.09,0,East,4,Completed
207727,2025-10-10,5311,1020,2,62.68,0.2,East,4,Completed
207728,2024-11-28,5141,1069,1,179.67,0.1,West,6,Completed
207729,2024-10-21,5305,1056,2,343.24,0,West,4,Completed
207730,2024-09-13,5423,1044,2,134.16,0,North,4,Completed
207731,2025-04-05,5281,1016,2,55.81,0,West,3,Completed
207732,2024-01-12,5041,1015,3,234.57,0,East,2,Completed
207733,2025-08-05,5312,1067,2,217.82,0.1,West,4,Completed
207734,2025-03-05,5104,1012,1,237.69,0.2,South,4,Completed
207735,2025-02-01,5348,1010,1,89.54,0.05,East,4,Completed
207736,2024-12-15,5463,1036,3,249.49,0,South,2,Completed
207737,2025-01-24,5384,1004,2,161.66,0.15,East,1,Completed
207738,2025-06-14,5246,1035,5,247.34,0,West,,Cancelled
207739,2025-02-22,5083,1035,6,224.86,0,West,3,Completed
207740,2025-05-14,5468,1038,3,214.53,0,North,3,Returned
207741,2025-10-31,5175,1069,1,183.61,0.1,South,3,Completed
207742,2024-04-26,5309,1047,1,212.98,0.15,West,5,Completed
207743,2024-07-20,5191,1035,1,224.9,0,East,3,Completed
207744,2025-07-18,5215,1064,1,102.57,0.15,South,3,Completed
207745,2024-02-24,5408,1021,6,120.14,0.2,South,3,Completed
207746,2024-05-25,5281,1035,1,237.01,0,West,3,Completed
207747,2025-01-03,5145,1046,4,67.6,0.15,East,3,Completed
207748,2024-09-29,5448,1027,6,113.04,0,North,4,Completed
207749,2024-01-01,5477,1040,2,281.5,0.05,South,2,Completed
207750,2025-06-11,5111,1021,2,116.75,0,East,4,Completed
207751,2025-10-25,5038,1013,2,130.54,0,West,4,Completed
207752,2024-01-18,5373,1025,1,196.19,0,West,3,Returned
207753,2025-04-03,5332,1044,1,137.59,0,North,2,Returned
207754,2024-03-19,5376,1007,2,165.37,0.05,West,3,Completed
207755,2025-11-24,5424,1056,1,325.64,0,South,4,Completed
207756,2024-03-18,5401,1047,1,201.64,0,East,3,Completed
207757,2024-08-29,5182,1005,2,82.12,0.05,West,5,Completed
207758,2024-08-17,5033,1050,10,76.1,0,North,6,Completed
207759,2025-03-08,5115,1030,5,145.81,0.05,West,6,Completed
207760,2024-05-30,5115,1043,3,96.28,0,West,4,Completed
207761,2024-04-30,5456,1014,1,32.75,0.05,South,1,Completed
207762,2024-03-16,5359,1042,2,16.43,0.05,South,4,Completed
207763,2025-04-15,5045,1034,3,130.17,0,East,,Cancelled
207764,2024-05-23,5171,1049,6,23.36,0,North,4,Completed
207765,2025-02-17,5468,1058,2,198.72,0.1,North,,Cancelled
207766,2024-10-07,5406,1050,1,76.07,0,East,2,Completed
207767,2024-07-31,5444,1062,6,186.68,0,South,3,Completed
207768,2025-11-14,5051,1049,5,25.65,0,West,2,Completed
207769,2024-05-03,5127,1006,3,211.94,0.1,North,4,Returned
207770,2024-04-21,5007,1001,2,163.8,0,East,4,Completed
207771,2025-05-21,5053,1069,1,169.95,0,North,5,Completed
207772,2025-04-06,5334,1031,1,252.13,0,West,4,Completed
207773,2025-04-11,5244,1025,1,211.73,0,West,6,Completed
207774,2025-03-14,5180,1034,1,144.91,0.05,North,3,Completed
207775,2025-01-31,5391,1052,3,337.84,0,West,5,Completed
207776,2025-10-23,5001,1012,1,228.14,0,South,3,Completed
207777,2025-07-11,5153,1013,2,124.74,0.1,South,1,Completed
207778,2025-09-11,5489,1066,1,162.53,0,East,4,Completed
207779,2025-09-03,5139,1035,6,245.39,0.1,West,5,Completed
207780,2025-01-04,5491,1060,6,116.93,0.1,South,3,Completed
207781,2025-12-15,5024,1011,1,33.79,0,East,4,Completed
207782,2025-05-09,5183,1004,3,146.5,0.1,North,2,Completed
207783,2025-04-15,5382,1014,1,33.43,0.05,East,2,Completed
207784,2024-05-20,5013,1067,5,226.83,0,South,4,Completed
207785,2025-06-08,5238,1059,1,130.13,0.05,East,3,Completed
207786,2025-12-20,5107,1006,1,196.48,0,East,5,Completed
207787,2025-04-22,5257,1057,2,69.97,0.15,West,2,Completed
207788,2024-06-15,5444,1047,1,197.1,0,South,4,Completed
207789,2024-05-02,5317,1044,1,137.45,0,North,1,Completed
207790,2025-05-19,5123,1071,1,127.8,0,East,3,Completed
207791,2024-02-03,5388,1052,1,339.3,0,East,3,Completed
207792,2025-12-07,5079,1047,5,193.83,0,North,5,Completed
207793,2025-08-10,5170,1063,1,235.57,0.2,North,4,Completed
207794,2024-07-25,5001,1055,2,265.59,0,South,4,Completed
207795,2025-09-09,5460,1024,1,120.91,0,East,3,Completed
207796,2024-03-04,5211,1065,2,65.92,0.15,South,6,Completed
207797,2024-04-10,5028,1046,1,66.4,0,East,3,Completed
207798,2025-10-11,5186,1034,1,132.4,0.15,North,6,Completed
207799,2024-09-03,5174,1003,2,262.03,0,West,3,Completed
207800,2024-05-06,5080,1014,2,34.75,0.1,North,4,Completed
207801,2025-02-02,5427,1037,2,139.92,0.15,North,2,Completed
207802,2025-02-24,5318,1055,6,274.48,0,East,3,Completed
207803,2025-01-17,5444,1007,2,164.67,0.2,South,4,Completed
207804,2024-12-10,5134,1046,1,73.42,0.2,North,2,Completed
207805,2024-03-16,5308,1028,3,259.9,0.1,North,2,Completed
207806,2024-08-10,5494,1006,2,216.2,0.15,South,6,Completed
207807,2025-04-01,5014,1005,4,84.17,0.05,East,4,Completed
207808,2025-07-19,5440,1052,2,338.59,0,North,6,Completed
207809,2025-06-05,5483,1056,1,319.83,0,North,2,Completed
207810,2025-09-03,5165,1005,1,82.91,0.05,South,3,Completed
207811,2025-09-12,5404,1038,1,201.54,0.15,North,3,Completed
207812,2024-10-13,5306,1030,3,133.65,0.05,North,4,Completed
207813,2024-09-11,5264,1037,4,131.87,0.15,West,3,Completed
207814,2024-04-02,5265,1002,1,78.51,0,South,4,Completed
207815,2024-06-05,5293,1053,1,198.75,0,West,2,Completed
207816,2025-01-23,5058,1018,8,303.57,0.15,North,2,Completed
207817,2024-12-29,5118,1065,2,64.22,0,North,4,Completed
207818,2025-11-23,5048,1060,6,116.91,0,South,5,Returned
207819,2024-11-09,5071,1038,2,200.14,0.1,South,3,Completed
207820,2024-03-29,5393,1012,1,217.22,0.05,South,6,Completed
207821,2025-09-24,5458,1036,6,246.35,0.05,South,5,Completed
207822,2025-02-18,5270,1046,2,72.87,0,North,2,Completed
207823,2024-01-07,5251,1009,1,207.05,0,East,3,Completed
207824,2025-05-23,5115,1027,1,110.31,0.1,West,4,Completed
207825,2024-01-26,5317,1008,4,108.89,0,North,3,Completed
207826,2024-05-15,5012,1010,2,94.91,0,North,8,Completed
207827,2025-11-16,5069,1048,10,307.06,0,East,3,Completed
207828,2025-05-30,5050,1017,1,80.36,0,East,2,Completed
207829,2024-09-16,5405,1063,10,236.26,0,West,4,Completed
207830,2025-04-29,5029,1037,2,130.25,0.2,West,3,Completed
207831,2024-03-12,5057,1056,2,336.54,0,East,5,Completed
207832,2025-10-10,5322,1010,5,91.77,0.05,West,2,Completed
207833,2024-03-29,5451,1040,3,256.12,0.1,North,3,Completed
207834,2024-07-19,5448,1028,3,243.08,0.05,North,5,Returned
207835,2025-12-22,5264,1021,1,112.84,0.05,West,2,Completed
207836,2025-09-21,5031,1038,3,224.95,0,South,7,Completed
207837,2025-11-05,5200,1027,1,108.72,0,North,3,Completed
207838,2024-04-10,5063,1032,1,216.99,0.1,North,2,Completed
207839,2024-04-05,5038,1068,4,202.24,0,West,2,Completed
207840,2025-07-28,5101,1055,2,272.72,0.05,East,2,Completed
207841,2025-01-15,5076,1031,1,252.76,0.05,South,2,Completed
207842,2025-08-12,5369,1034,1,132.96,0,West,3,Completed
207843,2024-02-27,5280,1014,4,35.34,0.2,East,5,Completed
207844,2024-02-25,5143,1061,1,146.29,0.05,North,3,Completed
207845,2025-03-25,5486,1029,8,200.59,0.1,West,8,Completed
207846,2025-10-27,5389,1048,6,297.57,0.1,North,4,Completed
207847,2025-02-20,5003,1009,10,209.69,0.1,North,3,Completed
207848,2025-01-15,5272,1012,1,240.26,0,North,6,Completed
207849,2025-10-13,5181,1043,1,98.13,0,East,3,Completed
207850,2024-08-09,5079,1010,5,84.94,0,North,7,Completed
207851,2024-06-26,5467,1021,1,119.24,0.2,North,5,Completed
207852,2024-04-11,5170,1026,3,65.21,0,North,5,Completed
207853,2025-07-14,5450,1013,4,120.03,0,West,4,Completed
207854,2025-06-14,5372,1029,4,198.7,0.05,South,5,Completed
207855,2025-09-22,5010,1060,1,115.0,0.05,West,4,Completed
207856,2025-08-28,5238,1070,3,220.13,0.05,East,2,Completed
207857,2024-01-23,5453,1064,3,98.87,0.05,North,,Cancelled
207858,2025-04-03,5040,1043,3,90.1,0.15,South,5,Returned
207859,2024-11-24,5035,1055,1,284.75,0.05,South,3,Completed
207860,2025-07-01,5416,1070,3,214.2,0.05,East,7,Completed
207861,2024-05-29,5477,1048,2,320.32,0.05,South,1,Completed
207862,2024-10-22,5441,1044,1,130.28,0,South,4,Returned
207863,2024-12-14,5300,1072,2,73.25,0.05,South,4,Completed
207864,2025-07-01,5394,1063,1,224.23,0.2,West,3,Completed
207865,2025-09-21,5358,1033,5,152.35,0,North,2,Returned
207866,2025-08-08,5488,1049,1,25.62,0,West,8,Completed
207867,2024-07-07,5390,1037,2,142.46,0.05,South,3,Completed
207868,2025-04-17,5317,1045,1,114.0,0.15,North,5,Completed
207869,2024-02-16,5238,1003,2,246.07,0,East,2,Completed
207870,2025-10-07,5375,1035,1,231.65,0.05,East,,Cancelled
207871,2025-09-20,5479,1069,1,164.78,0,West,3,Completed
207872,2024-02-22,5239,1051,2,257.91,0.15,South,5,Completed
207873,2025-07-30,5217,1019,1,106.2,0.1,North,,Cancelled
207874,2024-07-26,5365,1046,1,72.68,0.15,South,4,Completed
207875,2024-07-04,5185,1026,1,68.71,0.1,East,1,Completed
207876,2025-01-12,5204,1060,5,120.11,0.05,East,,Cancelled
207877,2024-08-07,5296,1064,1,95.37,0,South,,Cancelled
207878,2025-01-18,5397,1033,4,161.97,0.15,East,,Cancelled
207879,2024-07-27,5394,1067,2,225.82,0.1,West,4,Completed
207880,2024-02-22,5438,1057,2,66.04,0,North,3,Completed
207881,2025-08-21,5229,1011,2,36.75,0.15,North,3,Returned
207882,2024-01-30,5316,1067,4,209.69,0,North,4,Completed
207883,2025-07-24,5272,1069,10,174.71,0.05,North,6,Completed
207884,2025-07-28,5250,1001,2,155.0,0,South,,Cancelled
207885,2024-11-03,5342,1022,10,36.22,0,South,6,Completed
207886,2024-05-26,5065,1028,5,257.14,0.2,West,5,Completed
207887,2024-02-06,5419,1005,10,84.08,0,South,5,Completed
207888,2024-01-25,5076,1064,2,103.21,0,South,5,Completed
207889,2024-03-03,5484,1070,1,226.87,0,North,3,Completed
207890,2025-10-19,5278,1071,1,135.13,0,West,3,Completed
207891,2024-05-15,5405,1071,3,128.75,0.05,West,5,Returned
207892,2025-01-12,5204,1067,1,217.68,0.2,East,,Cancelled
207893,2025-03-02,5283,1039,1,175.21,0.15,South,2,Completed
207894,2024-09-17,5276,1052,1,312.0,0,West,3,Completed
207895,2024-10-26,5478,1063,2,223.82,0.1,West,5,Completed
207896,2025-02-21,5469,1007,1,154.48,0,South,2,Completed
207897,2024-04-12,5222,1005,3,86.32,0.1,South,5,Completed
207898,2025-12-08,5054,1013,2,121.52,0,East,4,Completed
207899,2025-09-17,5418,1052,3,307.99,0,West,3,Completed
207900,2024-07-03,5139,1061,1,141.99,0,West,3,Completed
207901,2025-08-28,5413,1005,1,79.73,0,North,6,Completed
207902,2025-11-11,5153,1001,2,161.76,0.05,South,2,Completed
207903,2024-05-06,5294,1051,2,255.22,0.1,West,5,Completed
207904,2025-05-18,5465,1018,1,324.53,0.15,South,1,Completed
207905,2024-11-12,5469,1007,1,153.2,0,South,3,Completed
207906,2024-03-16,5182,1061,1,149.84,0,West,3,Completed
207907,2024-09-17,5076,1010,1,89.2,0,South,4,Completed
207908,2025-03-23,5040,1030,4,143.55,0.05,South,1,Completed
207909,2025-06-14,5030,1025,5,198.97,0,South,5,Completed
207910,2024-05-26,5113,1034,1,134.53,0.05,North,4,Completed
207911,2024-05-10,5069,1017,2,71.86,0.1,East,4,Completed
207912,2024-01-29,5149,1007,2,159.05,0.2,West,5,Completed
207913,2024-09-29,5135,1016,1,60.12,0.1,East,4,Completed
207914,2025-02-22,5220,1040,1,284.52,0,West,1,Returned
207915,2024-02-15,5047,1018,1,321.43,0.15,North,4,Completed
207916,2025-09-26,5314,1062,2,180.45,0.15,North,3,Completed
207917,2025-05-22,5194,1055,6,287.0,0.1,East,4,Completed
207918,2025-12-20,5113,1039,2,194.3,0.05,North,4,Completed
207919,2024-08-05,5143,1002,4,73.63,0,North,4,Completed
207920,2024-07-23,5381,1046,5,75.16,0,North,4,Completed
207921,2024-11-09,5069,1016,1,58.7,0,East,3,Completed
207922,2024-02-24,5318,1006,2,215.94,0.1,East,2,Completed
207923,2024-10-26,5188,1010,1,84.86,0.05,West,6,Completed
207924,2024-12-27,5247,1053,2,193.78,0.1,West,3,Completed
207925,2024-09-18,5276,1028,2,242.73,0,West,6,Completed
207926,2025-11-04,5170,1008,1,121.94,0,North,3,Returned
207927,2024-10-08,5108,1056,3,324.18,0.05,East,7,Completed
207928,2025-11-12,5077,1006,1,215.58,0,North,8,Completed
207929,2025-12-15,5052,1019,2,103.35,0.15,West,4,Completed
207930,2025-08-07,5468,1048,6,315.83,0,North,2,Completed
207931,2024-11-26,5201,1044,1,132.06,0.1,West,2,Returned
207932,2024-01-01,5331,1061,2,143.57,0.05,East,3,Completed
207933,2025-02-10,5276,1026,1,67.84,0.2,West,4,Completed
207934,2024-03-13,5241,1020,1,62.43,0,West,4,Completed
207935,2024-04-11,5448,1009,5,208.41,0.15,North,3,Completed
207936,2024-04-28,5092,1049,1,22.95,0,South,2,Completed
207937,2024-12-24,5427,1033,1,154.82,0,North,3,Completed
207938,2024-03-31,5237,1029,1,203.67,0,East,5,Completed
207939,2024-11-13,5039,1024,3,118.4,0,West,2,Completed
207940,2024-07-25,5310,1015,4,223.99,0.2,North,2,Returned
207941,2024-01-15,5142,1034,1,134.42,0.1,North,4,Completed
207942,2024-01-10,5357,1017,10,76.33,0,East,3,Completed
207943,2024-08-13,5232,1048,2,307.35,0,West,4,Completed
207944,2025-12-02,5472,1026,1,64.02,0.2,South,3,Completed
207945,2024-03-05,5319,1036,2,252.59,0.05,West,3,Completed
207946,2025-01-11,5180,1050,1,77.13,0,North,2,Completed
207947,2025-01-19,5219,1072,1,75.83,0.2,North,4,Completed
207948,2024-12-12,5313,1001,4,169.05,0,East,1,Completed
207949,2025-08-02,5444,1017,3,74.67,0.05,South,5,Completed
207950,2025-02-17,5199,1055,1,279.79,0.15,North,5,Completed
207951,2025-12-07,5384,1023,1,199.45,0.05,East,3,Completed
207952,2025-11-15,5012,1016,1,60.18,0,North,4,Completed
207953,2025-09-24,5409,1025,1,212.37,0.15,West,4,Completed
207954,2025-06-29,5382,1020,1,59.05,0,East,5,Returned
207955,2024-01-15,5389,1049,1,23.44,0.05,North,3,Completed
207956,2025-01-28,5469,1003,1,260.55,0,South,8,Completed
207957,2024-10-01,5082,1020,1,62.67,0,East,5,Completed
207958,2025-06-13,5208,1070,4,236.88,0,North,4,Completed
207959,2024-01-28,5418,1050,1,77.45,0,West,2,Completed
207960,2025-09-05,5318,1015,1,244.21,0.15,East,4,Completed
207961,2024-12-29,5242,1036,4,252.78,0,East,5,Completed
207962,2025-11-10,5441,1025,3,197.67,0.15,South,6,Completed
207963,2025-08-19,5198,1047,3,196.9,0.05,West,4,Completed
207964,2025-09-12,5420,1023,1,194.97,0.2,East,5,Completed
207965,2025-04-16,5458,1017,2,76.78,0.1,South,7,Completed
207966,2024-04-23,5063,1034,1,141.28,0,North,3,Completed
207967,2024-05-02,5297,1013,10,120.57,0.15,East,5,Completed
207968,2025-04-02,5409,1033,1,147.27,0,West,4,Completed
207969,2024-04-22,5403,1049,1,24.26,0.05,South,4,Completed
207970,2025-12-05,5265,1034,3,146.48,0.2,South,4,Completed
207971,2024-09-27,5260,1004,3,146.6,0,South,4,Completed
207972,2024-04-28,5475,1048,3,307.26,0.05,West,3,Completed
207973,2025-03-30,5468,1040,8,282.06,0.1,North,3,Returned
207974,2024-08-10,5064,1065,2,61.68,0,East,2,Completed
207975,2024-05-06,5443,1059,1,139.55,0,West,2,Completed
207976,2024-01-08,5376,1018,1,316.24,0.15,West,2,Returned
207977,2025-09-26,5124,1057,1,73.54,0.1,South,4,Completed
207978,2025-12-20,5222,1024,1,113.45,0,South,4,Completed
207979,2025-01-06,5089,1030,4,140.74,0.05,North,4,Completed
207980,2025-01-01,5265,1041,1,46.49,0,South,5,Completed
207981,2025-10-07,5094,1047,2,209.77,0,East,6,Completed
207982,2024-05-19,5432,1037,1,145.95,0,South,4,Completed
207983,2025-08-14,5232,1023,3,210.27,0.05,West,4,Completed
207984,2024-09-11,5230,1031,3,244.74,0.05,East,5,Completed
207985,2024-05-29,5220,1028,1,244.37,0,West,8,Completed
207986,2024-12-30,5377,1046,2,67.33,0,West,6,Completed
207987,2025-02-06,5333,1016,1,60.03,0.15,South,4,Completed
207988,2024-10-03,5429,1061,3,146.1,0,East,3,Completed
207989,2024-08-05,5122,1003,1,258.14,0.15,West,4,Completed
207990,2025-10-03,5066,1050,4,75.39,0.05,West,3,Completed
207991,2024-12-07,5465,1003,4,262.29,0.05,South,3,Completed
207992,2024-07-09,5167,1024,3,109.91,0,West,2,Completed
207993,2024-02-29,5140,1054,5,265.67,0,East,6,Completed
207994,2024-06-25,5483,1072,2,76.16,0.1,North,3,Completed
207995,2025-11-18,5302,1035,2,218.8,0,West,7,Completed
207996,2024-02-20,5011,1062,8,170.93,0.2,North,7,Completed
207997,2025-10-17,5243,1010,1,94.99,0.1,North,2,Completed
207998,2025-10-02,5167,1043,4,89.0,0,West,2,Completed
207999,2025-11-26,5225,1072,1,73.09,0,North,2,Completed
208000,2025-10-29,5016,1066,3,158.75,0,East,3,Returned
208001,2025-10-12,5318,1042,4,15.95,0,East,6,Completed
208002,2024-09-26,5444,1027,4,110.36,0.1,South,3,Completed
208003,2024-03-17,5352,1062,5,191.88,0,West,3,Returned
208004,2024-01-13,5414,1060,2,126.36,0,North,3,Completed
208005,2024-03-02,5476,1044,1,131.53,0,East,2,Completed
208006,2024-01-23,5283,1036,3,254.22,0.05,South,1,Completed
208007,2024-10-06,5318,1003,2,269.06,0.05,East,2,Completed
208008,2025-04-10,5116,1013,1,121.65,0,West,6,Completed
208009,2024-06-07,5184,1021,3,121.25,0,South,2,Completed
208010,2024-04-16,5450,1071,3,133.21,0.05,West,3,Completed
208011,2024-12-01,5277,1029,1,188.64,0,East,,Cancelled
208012,2025-05-27,5494,1053,2,203.62,0.1,South,6,Completed
208013,2024-11-28,5313,1035,2,231.47,0.1,East,7,Completed
208014,2024-03-23,5437,1028,2,255.73,0.05,West,4,Completed
208015,2025-08-31,5093,1032,5,241.88,0.1,North,5,Completed
208016,2025-09-23,5312,1033,2,149.43,0.05,West,3,Completed
208017,2024-09-25,5426,1065,3,68.08,0,North,5,Completed
208018,2025-05-06,5120,1008,2,120.18,0.15,East,4,Completed
208019,2025-12-04,5422,1043,10,95.38,0.15,West,1,Completed
208020,2025-06-03,5039,1010,2,84.65,0.05,West,4,Completed
208021,2025-12-29,5402,1070,1,219.92,0.05,West,4,Completed
208022,2024-02-15,5058,1015,1,229.73,0.05,North,4,Completed
208023,2024-11-19,5130,1033,1,156.58,0.2,South,3,Completed
208024,2024-04-01,5241,1018,6,329.1,0,West,,Cancelled
208025,2024-03-29,5170,1010,1,91.67,0.1,North,2,Completed
208026,2025-10-17,5182,1068,1,190.59,0,West,5,Returned
208027,2024-01-01,5089,1002,10,74.56,0.05,North,8,Completed
208028,2024-11-01,5242,1054,1,270.08,0,East,2,Completed
208029,2025-01-12,5092,1065,8,69.42,0.1,South,4,Completed
208030,2025-07-31,5041,1036,1,254.12,0.05,East,4,Completed
208031,2024-05-26,5253,1026,5,69.16,0.15,East,4,Completed
208032,2024-08-30,5312,1006,2,193.49,0,West,5,Completed
208033,2025-12-07,5419,1041,4,45.76,0.2,South,6,Completed
208034,2024-12-04,5113,1027,1,107.5,0.05,North,1,Returned
208035,2024-02-10,5152,1036,2,244.93,0.15,East,5,Completed
208036,2025-08-24,5069,1030,3,145.3,0.1,East,4,Completed
208037,2025-06-21,5042,1014,1,35.77,0.1,East,,Cancelled
208038,2025-01-21,5025,1057,4,70.62,0,East,5,Completed
208039,2024-11-21,5472,1047,3,214.56,0.05,South,1,Completed
208040,2024-08-16,5074,1048,6,316.68,0,West,3,Completed
208041,2024-05-14,5367,1032,5,224.44,0.05,East,6,Completed
208042,2024-01-08,5474,1063,3,229.74,0,East,3,Completed
208043,2025-07-17,5066,1027,2,104.26,0.2,West,5,Completed
208044,2024-07-03,5379,1056,3,338.35,0,South,4,Completed
208045,2024-09-28,5245,1030,2,143.23,0,North,2,Completed
208046,2025-12-03,5278,1042,2,17.08,0,West,4,Completed
208047,2025-06-02,5339,1052,1,325.44,0.05,South,5,Completed
208048,2024-03-13,5123,1019,3,101.64,0.1,East,5,Completed
208049,2024-10-31,5472,1036,2,237.92,0,South,7,Completed
208050,2025-03-02,5273,1045,2,109.38,0,East,2,Completed
208051,2025-12-02,5013,1040,8,287.49,0,South,3,Completed
208052,2025-03-10,5111,1012,3,234.32,0.1,East,3,Completed
208053,2024-02-26,5049,1063,1,208.74,0,East,8,Completed
208054,2024-09-29,5452,1057,1,65.07,0.1,North,5,Completed
208055,2024-01-22,5345,1051,3,252.14,0.05,East,4,Completed
208056,2025-08-30,5167,1054,4,262.51,0.1,West,2,Returned
208057,2025-05-27,5255,1007,2,150.36,0,East,2,Returned
208058,2024-12-03,5032,1062,8,185.84,0.05,North,6,Completed
208059,2025-01-23,5075,1020,2,58.85,0.2,West,3,Completed
208060,2025-06-18,5143,1041,4,44.39,0.2,North,3,Completed
208061,2025-06-25,5019,1006,2,205.97,0.1,South,4,Completed
208062,2024-12-24,5354,1050,5,77.86,0.1,North,7,Completed
208063,2024-03-07,5074,1057,8,68.32,0,West,3,Completed
208064,2025-04-26,5263,1054,2,268.82,0.05,South,4,Completed
208065,2024-05-23,5410,1061,10,145.57,0.1,South,4,Returned
208066,2025-04-18,5162,1034,1,139.07,0.05,South,4,Completed
208067,2024-08-01,5361,1053,5,215.07,0,North,3,Completed
208068,2025-01-28,5496,1031,10,242.69,0.05,West,2,Completed
208069,2025-10-20,5171,1032,5,223.31,0,North,5,Completed
208070,2025-05-26,5042,1069,1,168.45,0,East,3,Completed
208071,2024-03-06,5048,1004,8,156.93,0.15,South,4,Completed
208072,2024-03-10,5381,1065,1,67.33,0.05,North,4,Completed
208073,2024-11-28,5278,1056,2,316.27,0,West,3,Completed
208074,2025-07-20,5344,1010,2,84.53,0,East,2,Completed
208075,2025-12-31,5238,1039,3,172.75,0,East,2,Completed
208076,2024-04-09,5339,1050,6,78.77,0.2,South,,Cancelled
208077,2024-03-05,5067,1040,3,258.83,0,East,4,Completed
208078,2024-08-05,5321,1031,1,242.54,0,South,5,Completed
208079,2025-06-01,5333,1021,3,112.82,0.2,South,3,Completed
208080,2025-01-11,5240,1060,3,124.29,0.05,North,3,Completed
208081,2025-07-17,5053,1003,1,259.85,0,North,7,Completed
208082,2024-01-07,5173,1035,2,239.09,0.05,West,2,Completed
208083,2025-08-30,5122,1003,5,254.53,0,West,2,Completed
208084,2025-01-18,5470,1018,8,311.61,0.05,East,2,Completed
208085,2024-03-13,5261,1044,5,143.06,0.1,South,2,Completed
208086,2025-06-24,5452,1041,5,48.26,0,North,6,Completed
208087,2024-12-22,5110,1002,4,71.76,0.05,North,2,Completed
208088,2025-05-19,5344,1032,1,237.53,0.2,East,3,Completed
208089,2025-06-07,5353,1007,8,162.48,0.15,South,3,Completed
208090,2024-06-04,5324,1023,1,202.71,0,East,7,Completed
208091,2025-11-09,5282,1028,2,248.6,0.05,East,2,Completed
208092,2024-07-11,5024,1009,3,214.8,0,East,4,Completed
208093,2024-01-22,5416,1055,5,271.25,0.1,East,4,Completed
208094,2025-10-13,5209,1065,1,67.74,0,South,6,Completed
208095,2025-03-07,5330,1067,2,220.24,0.15,South,4,Completed
208096,2025-07-09,5005,1047,4,213.45,0,West,4,Completed
208097,2025-04-13,5257,1005,2,78.92,0,West,3,Completed
208098,2024-07-23,5140,1021,6,122.04,0.05,East,4,Completed
208099,2024-10-06,5140,1066,3,161.14,0.1,East,5,Completed
208100,2025-08-13,5015,1019,2,111.81,0,South,5,Completed
208101,2025-10-17,5476,1020,2,58.16,0,East,3,Completed
208102,2024-07-31,5296,1071,1,131.28,0.05,South,3,Completed
208103,2024-12-31,5319,1051,2,252.98,0.05,West,2,Completed
208104,2024-10-04,5028,1032,1,221.38,0,East,3,Completed
208105,2025-10-29,5233,1025,6,193.8,0,East,4,Completed
208106,2025-11-16,5030,1065,6,68.31,0,South,4,Completed
208107,2025-12-21,5209,1012,3,227.11,0,South,3,Completed
208108,2025-06-21,5300,1008,4,115.52,0.1,South,1,Completed
208109,2024-04-29,5023,1050,5,73.74,0.15,North,2,Completed
208110,2025-08-26,5328,1044,2,135.91,0,South,3,Completed
208111,2024-01-24,5092,1047,1,189.35,0,South,5,Completed
208112,2024-10-21,5274,1066,3,172.63,0.05,South,1,Completed
208113,2024-10-18,5056,1064,3,98.92,0,East,2,Completed
208114,2025-03-20,5334,1028,3,271.67,0.05,West,4,Completed
208115,2025-10-25,5244,1030,1,139.84,0,West,6,Completed
208116,2025-04-24,5018,1060,2,117.78,0.2,North,3,Completed
208117,2024-02-24,5004,1059,1,137.98,0,South,4,Completed
208118,2024-07-18,5103,1027,8,115.1,0,East,2,Completed
208119,2024-05-17,5046,1061,2,158.78,0,North,,Cancelled
208120,2024-04-08,5357,1029,2,189.96,0,East,5,Completed
208121,2025-11-25,5201,1016,1,57.24,0.05,West,6,Completed
208122,2024-06-22,5196,1027,1,116.07,0,North,4,Completed
208123,2025-04-25,5362,1044,3,132.47,0,West,1,Completed
208124,2024-05-17,5430,1038,3,211.54,0,South,6,Completed
208125,2024-06-17,5089,1061,3,155.68,0,North,4,Completed
208126,2025-03-26,5145,1057,1,72.0,0.15,East,4,Completed
208127,2024-03-22,5065,1060,8,128.27,0.1,West,5,Completed
208128,2025-08-27,5385,1015,1,244.79,0.05,South,3,Completed
208129,2024-10-03,5358,1029,3,192.82,0,North,5,Completed
208130,2025-02-15,5273,1068,4,195.53,0,East,7,Completed
208131,2024-10-19,5429,1060,1,129.74,0.1,East,3,Completed
208132,2025-11-21,5230,1034,3,144.76,0,East,4,Completed
208133,2024-01-27,5308,1070,1,226.47,0,North,2,Completed
208134,2024-12-05,5075,1014,6,36.13,0.1,West,3,Completed
208135,2025-04-07,5302,1058,6,196.22,0,West,5,Completed
208136,2025-06-30,5173,1070,1,219.21,0,West,3,Returned
208137,2025-02-12,5289,1005,5,79.34,0,West,3,Completed
208138,2024-10-19,5134,1065,1,68.08,0,North,8,Completed
208139,2025-08-27,5401,1063,2,228.52,0,East,1,Completed
208140,2025-03-03,5293,1052,10,324.08,0.05,West,5,Returned
208141,2025-05-20,5290,1024,3,117.53,0,South,1,Returned
208142,2025-08-18,5399,1064,1,98.46,0.15,East,4,Completed
208143,2024-01-17,5274,1024,6,122.7,0.05,South,7,Completed
208144,2025-06-16,5359,1032,1,218.81,0.15,South,6,Completed
208145,2025-06-03,5144,1001,1,167.83,0,North,4,Completed
208146,2024-09-24,5362,1049,2,25.43,0.15,West,3,Completed
208147,2024-07-01,5454,1025,3,187.71,0.1,North,3,Completed
208148,2025-06-18,5196,1060,4,128.08,0,North,5,Completed
208149,2025-01-18,5423,1002,1,69.67,0,North,2,Completed
208150,2024-08-17,5292,1020,10,62.48,0.05,West,2,Completed
208151,2025-12-25,5152,1023,3,189.21,0.05,East,2,Completed
208152,2024-07-01,5467,1060,3,127.99,0.05,North,5,Completed
208153,2025-09-13,5401,1052,1,328.8,0,East,3,Completed
208154,2024-11-18,5322,1060,1,114.6,0.15,West,2,Completed
208155,2025-08-07,5423,1041,3,46.16,0,North,2,Completed
208156,2024-10-02,5095,1020,1,62.9,0,West,4,Completed
208157,2025-04-20,5122,1025,5,200.89,0,West,1,Completed
208158,2024-10-11,5352,1053,1,207.61,0.1,West,,Cancelled
208159,2024-11-30,5436,1047,2,193.4,0.05,West,8,Completed
208160,2024-02-08,5390,1001,3,156.24,0,South,6,Completed
208161,2024-08-13,5137,1016,2,58.68,0,South,3,Completed
208162,2024-02-26,5415,1063,2,208.34,0,North,5,Completed
208163,2024-04-10,5196,1036,1,247.38,0.15,North,2,Completed
208164,2024-08-17,5148,1015,5,239.12,0.1,South,1,Completed
208165,2024-09-07,5014,1017,5,80.35,0,East,5,Completed
208166,2025-07-07,5112,1018,5,306.03,0.05,South,8,Completed
208167,2024-11-20,5254,1030,1,142.77,0.1,West,5,Completed
208168,2024-04-05,5044,1051,4,256.97,0.05,South,3,Completed
208169,2024-04-04,5350,1019,3,102.55,0.05,West,4,Completed
208170,2024-03-31,5092,1070,6,232.1,0.15,South,5,Completed
208171,2025-12-05,5365,1039,3,193.32,0.05,South,5,Completed
208172,2025-05-12,5445,1012,1,235.69,0,West,5,Completed
208173,2024-04-20,5430,1014,4,32.95,0,South,3,Completed
208174,2024-03-21,5229,1007,1,166.47,0.15,North,7,Completed
208175,2025-06-18,5346,1072,1,75.91,0,South,7,Completed
208176,2025-10-06,5332,1004,2,156.98,0.05,North,2,Completed
208177,2024-05-28,5393,1048,3,312.49,0.2,South,2,Completed
208178,2024-02-22,5327,1017,3,74.92,0,East,5,Completed
208179,2025-03-11,5317,1013,5,122.2,0.15,North,5,Completed
208180,2024-10-04,5489,1040,1,290.24,0,East,3,Completed
208181,2024-09-11,5165,1026,1,66.89,0.1,South,5,Completed
208182,2024-01-17,5235,1026,2,65.96,0.05,East,4,Completed
208183,2025-08-11,5224,1015,6,242.0,0,West,6,Completed
208184,2025-07-10,5420,1019,1,100.45,0,East,5,Completed
208185,2025-06-16,5220,1050,1,75.25,0,West,3,Completed
208186,2024-06-18,5335,1017,2,76.96,0.05,East,1,Completed
208187,2024-12-06,5007,1038,3,219.39,0.05,East,4,Completed
208188,2024-02-06,5145,1061,3,155.59,0,East,4,Completed
208189,2024-05-29,5432,1062,1,171.97,0.05,South,5,Completed
208190,2025-01-02,5115,1035,2,218.97,0.1,West,4,Completed
208191,2025-06-01,5214,1059,1,142.92,0,South,2,Completed
208192,2025-05-30,5394,1007,1,155.59,0.05,West,3,Completed
208193,2024-07-12,5269,1002,1,73.01,0.05,North,3,Completed
208194,2024-03-21,5316,1047,2,195.17,0,North,4,Completed
208195,2024-09-14,5177,1005,1,82.96,0.1,South,,Cancelled
208196,2025-12-22,5341,1039,2,174.49,0.15,South,,Cancelled
208197,2025-08-30,5352,1003,1,263.98,0,West,2,Completed
208198,2024-03-15,5270,1027,4,110.64,0.15,North,3,Completed
208199,2024-10-03,5457,1038,1,203.9,0.05,East,4,Returned
208200,2025-04-15,5172,1065,1,69.39,0,East,,Cancelled
208201,2024-08-12,5461,1053,1,214.55,0.15,West,3,Completed
208202,2025-03-28,5291,1039,3,172.78,0.1,South,3,Completed
208203,2024-06-21,5280,1071,6,130.74,0,East,3,Completed
208204,2024-12-22,5429,1021,1,114.96,0.15,East,4,Completed
208205,2024-06-12,5145,1049,1,25.59,0,East,3,Completed
208206,2025-02-03,5425,1048,3,288.44,0.15,East,7,Completed
208207,2024-07-26,5152,1025,5,196.05,0,East,5,Completed
208208,2025-11-13,5007,1059,2,131.68,0.2,East,3,Returned
208209,2024-09-27,5147,1012,10,240.98,0.15,West,3,Returned
208210,2025-12-07,5489,1019,3,103.71,0.1,East,2,Completed
208211,2025-04-13,5387,1061,1,156.2,0,West,6,Completed
208212,2025-03-02,5472,1047,4,199.26,0.15,South,1,Completed
208213,2025-01-27,5109,1032,2,216.66,0,East,1,Completed
208214,2025-04-15,5293,1053,3,218.4,0.05,West,3,Completed
208215,2024-06-07,5300,1053,1,217.03,0,South,3,Completed
208216,2024-12-18,5162,1011,3,34.69,0,South,5,Completed
208217,2025-10-07,5228,1058,2,212.02,0,East,3,Completed
208218,2024-04-28,5482,1008,2,114.84,0.05,South,3,Completed
208219,2025-01-11,5350,1006,3,196.29,0,West,7,Completed
208220,2025-03-14,5430,1013,4,134.96,0.05,South,4,Completed
208221,2025-10-04,5454,1070,1,216.71,0.05,North,5,Returned
208222,2025-07-21,5196,1039,2,183.46,0,North,7,Completed
208223,2025-02-04,5439,1058,4,216.05,0,North,6,Completed
208224,2024-10-16,5104,1022,4,36.5,0,South,2,Completed
208225,2024-03-30,5319,1019,2,103.08,0.1,West,3,Completed
208226,2025-09-13,5235,1030,6,129.75,0.1,East,3,Completed
208227,2025-11-27,5082,1064,1,94.78,0.1,East,3,Completed
208228,2024-03-17,5229,1053,2,202.13,0,North,,Cancelled
208229,2025-10-05,5411,1061,1,143.69,0.15,West,2,Completed
208230,2024-07-19,5366,1017,6,78.82,0.1,East,3,Completed
208231,2024-09-30,5230,1023,3,198.72,0,East,4,Completed
208232,2025-03-08,5466,1024,4,108.47,0.05,East,4,Completed
208233,2025-10-22,5472,1044,4,134.3,0.2,South,4,Completed
208234,2025-05-17,5390,1003,1,247.74,0,South,,Cancelled
208235,2025-05-09,5202,1054,1,272.89,0,West,4,Completed
208236,2024-03-29,5273,1043,1,89.33,0.05,East,4,Completed
208237,2024-11-10,5354,1024,2,114.25,0.05,North,,Cancelled
208238,2024-03-06,5293,1012,1,236.16,0.15,West,4,Completed
208239,2025-06-24,5448,1046,2,66.39,0.05,North,3,Completed
208240,2024-10-01,5414,1038,2,217.46,0,North,8,Completed
208241,2024-01-04,5051,1026,1,63.59,0.05,West,7,Completed
208242,2024-10-24,5046,1002,4,78.34,0.05,North,3,Completed
208243,2024-09-25,5335,1062,3,186.29,0.05,East,,Cancelled
208244,2025-12-26,5185,1068,4,192.67,0.1,East,,Cancelled
208245,2025-05-28,5391,1032,4,230.75,0.05,West,2,Completed
208246,2024-12-12,5291,1030,4,141.08,0.1,South,3,Completed
208247,2025-09-24,5470,1070,5,237.26,0,East,4,Completed
208248,2025-08-28,5493,1016,1,60.6,0,West,4,Completed
208249,2025-10-17,5407,1057,4,70.39,0,South,3,Completed
208250,2024-02-18,5223,1028,1,255.14,0.15,East,5,Completed
208251,2024-08-22,5317,1056,10,343.61,0,North,2,Completed
208252,2024-12-26,5447,1072,3,80.03,0,West,3,Completed
208253,2024-04-27,5021,1008,1,112.54,0.1,East,2,Completed
208254,2024-06-06,5435,1055,1,259.94,0,South,5,Completed
208255,2024-09-02,5135,1025,2,191.56,0.1,East,6,Completed
208256,2024-11-13,5166,1063,4,223.53,0,East,1,Completed
208257,2025-06-27,5259,1024,4,117.91,0.1,North,3,Completed
208258,2025-01-13,5073,1033,4,158.34,0,West,6,Completed
208259,2025-04-26,5346,1007,2,148.12,0,South,5,Completed
208260,2024-02-11,5345,1050,2,74.34,0,East,6,Completed
208261,2024-10-11,5415,1029,3,185.29,0,North,4,Completed
208262,2025-10-27,5058,1047,2,189.36,0,North,4,Completed
208263,2025-12-14,5042,1003,5,250.98,0.05,East,2,Completed
208264,2025-02-12,5012,1030,2,133.01,0,North,8,Completed
208265,2025-02-24,5278,1012,1,218.05,0,West,5,Completed
208266,2024-02-14,5497,1017,2,78.01,0.05,North,5,Completed
208267,2024-10-25,5141,1018,2,338.61,0.1,West,4,Returned
208268,2025-06-22,5338,1056,3,314.58,0.05,East,1,Completed
208269,2025-10-10,5160,1032,2,220.11,0.05,West,8,Completed
208270,2025-01-30,5381,1034,6,145.76,0,North,3,Completed
208271,2024-02-25,5066,1027,3,102.83,0,West,,Cancelled
208272,2025-04-08,5462,1065,1,69.47,0,West,2,Completed
208273,2024-01-18,5340,1044,5,137.98,0,North,3,Completed
208274,2024-12-22,5461,1044,2,139.06,0,West,7,Completed
208275,2024-06-25,5322,1033,2,154.04,0,West,3,Completed
208276,2025-08-27,5145,1059,1,134.81,0.05,East,1,Completed
208277,2025-03-11,5062,1067,6,230.17,0,West,3,Completed
208278,2025-08-10,5366,1029,3,205.37,0.05,East,5,Completed
208279,2024-01-10,5232,1055,5,259.84,0.1,West,,Cancelled
208280,2024-09-02,5021,1066,2,163.42,0.2,East,5,Completed
208281,2025-10-09,5270,1039,4,183.25,0.1,North,8,Completed
208282,2024-08-10,5469,1047,2,209.29,0,South,4,Returned
208283,2025-05-22,5480,1050,1,81.31,0.1,East,3,Completed
208284,2024-03-04,5341,1071,3,123.07,0.1,South,5,Completed
208285,2025-01-14,5300,1022,8,37.2,0.05,South,1,Completed
208286,2024-11-30,5230,1034,1,132.85,0.05,East,5,Completed
208287,2025-06-17,5021,1045,2,116.49,0.05,East,4,Returned
208288,2024-03-08,5412,1049,1,23.57,0,East,3,Completed
208289,2025-11-08,5134,1014,2,33.83,0,North,7,Completed
208290,2024-01-31,5344,1016,2,57.93,0.15,East,2,Completed
208291,2024-08-11,5142,1055,1,265.35,0.15,North,5,Returned
208292,2025-07-09,5350,1064,1,98.38,0,West,3,Completed
208293,2024-08-06,5201,1059,4,128.5,0,West,2,Completed
208294,2024-10-10,5327,1022,2,37.14,0,East,4,Completed
208295,2024-11-01,5490,1065,3,67.02,0,West,1,Returned
208296,2025-06-09,5305,1053,1,217.67,0.1,West,5,Completed
208297,2025-08-25,5470,1069,2,172.99,0.15,East,1,Completed
208298,2024-01-12,5304,1054,1,257.34,0.05,East,,Cancelled
208299,2025-12-26,5142,1058,1,218.92,0,North,,Cancelled
208300,2024-07-13,5066,1035,4,247.03,0.15,West,5,Completed
208301,2024-04-15,5368,1013,2,132.07,0,North,5,Completed
208302,2024-03-07,5434,1058,1,217.52,0,North,3,Completed
208303,2025-01-28,5239,1016,3,56.33,0.05,South,1,Completed
208304,2024-05-25,5407,1052,6,316.76,0.05,South,5,Completed
208305,2025-08-10,5048,1067,1,230.16,0,South,5,Completed
208306,2024-02-07,5482,1035,2,219.71,0.1,South,4,Completed
208307,2024-12-06,5463,1029,5,197.73,0.05,South,3,Completed
208308,2025-01-18,5328,1028,1,267.1,0.15,South,5,Completed
208309,2024-10-24,5397,1071,1,124.9,0.05,East,3,Completed
208310,2025-05-30,5316,1023,6,198.79,0.05,North,3,Completed
208311,2025-02-23,5385,1067,2,219.47,0,South,4,Completed
208312,2025-11-19,5387,1017,1,78.64,0.15,West,5,Completed
208313,2024-07-27,5104,1063,1,216.92,0,South,1,Completed
208314,2024-11-13,5050,1039,2,193.82,0,East,1,Completed
208315,2025-04-23,5152,1018,3,340.4,0,East,2,Completed
208316,2025-03-14,5244,1065,1,65.78,0,West,5,Completed
208317,2024-03-22,5289,1056,1,317.78,0.2,West,6,Completed
208318,2024-02-06,5230,1004,1,148.76,0,East,8,Completed
208319,2024-03-08,5191,1020,4,58.56,0.15,East,2,Completed
208320,2025-04-17,5149,1029,1,187.43,0.05,West,8,Completed
208321,2025-03-04,5020,1055,1,284.13,0.15,East,6,Returned
208322,2024-02-25,5216,1064,2,92.91,0,West,5,Returned
208323,2025-01-08,5290,1048,10,308.46,0,South,4,Completed
208324,2024-12-16,5372,1017,2,72.92,0,South,2,Completed
208325,2025-10-24,5053,1061,5,159.03,0.05,North,3,Completed
208326,2025-09-24,5478,1052,1,335.17,0.1,West,4,Completed
208327,2025-05-14,5257,1072,6,73.33,0.05,West,4,Completed
208328,2025-06-25,5404,1016,2,56.38,0,North,4,Completed
208329,2025-10-25,5030,1065,2,64.21,0,South,3,Completed
208330,2024-04-18,5425,1023,1,210.87,0,East,4,Completed
208331,2024-02-15,5036,1038,1,209.34,0,East,4,Completed
208332,2024-07-17,5415,1008,6,122.39,0.15,North,8,Returned
208333,2024-11-05,5449,1009,1,201.21,0,West,6,Completed
208334,2024-06-26,5325,1038,4,212.26,0.05,West,4,Completed
208335,2024-04-23,5071,1031,5,261.87,0,South,8,Completed
208336,2025-01-14,5202,1003,6,276.64,0.1,West,8,Returned
208337,2025-02-01,5066,1052,5,302.69,0,West,2,Completed
208338,2024-05-24,5119,1038,1,213.72,0.05,North,2,Completed
208339,2025-02-07,5076,1065,10,65.95,0,South,,Cancelled
208340,2025-08-25,5104,1016,2,57.58,0,South,1,Completed
208341,2025-05-31,5379,1045,2,117.63,0,South,3,Completed
208342,2025-12-17,5269,1067,1,227.42,0,North,2,Completed
208343,2025-06-30,5267,1064,1,102.27,0.05,North,2,Completed
208344,2025-07-20,5391,1017,3,72.69,0,West,4,Completed
208345,2024-11-09,5235,1041,1,44.15,0.05,East,6,Completed
208346,2024-01-28,5147,1037,1,134.42,0,West,2,Completed
208347,2024-07-25,5152,1015,4,236.08,0,East,5,Completed
208348,2025-08-20,5081,1039,1,171.5,0.05,North,3,Completed
208349,2025-07-18,5051,1061,2,147.51,0,West,2,Completed
208350,2024-01-01,5196,1002,4,79.0,0,North,3,Completed
208351,2024-05-23,5311,1037,2,136.75,0,East,2,Completed
208352,2024-07-24,5204,1045,1,118.53,0,East,4,Completed
208353,2024-06-11,5062,1021,3,111.81,0.15,West,6,Completed
208354,2025-03-02,5460,1031,6,248.64,0,East,5,Completed
208355,2025-01-17,5178,1066,1,160.04,0.15,East,3,Completed
208356,2025-08-12,5009,1066,2,170.25,0.1,North,1,Completed
208357,2024-02-05,5223,1034,10,139.07,0,East,3,Completed
208358,2024-05-13,5256,1072,1,78.49,0,East,3,Completed
208359,2024-12-04,5036,1001,2,158.67,0.05,East,4,Completed
208360,2025-11-14,5012,1038,2,200.75,0,North,1,Completed
208361,2024-04-15,5379,1042,1,17.31,0,South,3,Completed
208362,2025-10-10,5170,1054,1,269.9,0.2,North,2,Completed
208363,2024-02-10,5337,1047,4,209.7,0,North,8,Completed
208364,2024-09-07,5318,1047,2,201.35,0,East,5,Completed
208365,2025-09-21,5004,1072,1,76.06,0.05,South,2,Completed
208366,2025-01-06,5402,1016,1,60.46,0.15,West,3,Completed
208367,2025-12-07,5110,1032,2,220.14,0.05,North,5,Completed
208368,2024-01-02,5428,1060,2,127.73,0.1,East,4,Completed
208369,2024-05-20,5213,1071,3,134.08,0.1,North,5,Completed
208370,2025-08-24,5251,1013,2,122.93,0,East,5,Completed
208371,2025-12-04,5100,1007,3,157.07,0,West,4,Completed
208372,2025-01-23,5424,1013,2,132.98,0,South,5,Completed
208373,2024-06-13,5019,1027,2,102.93,0,South,4,Completed
208374,2025-09-22,5250,1023,1,202.87,0.1,South,,Cancelled
208375,2024-01-30,5157,1011,2,36.59,0.05,West,4,Completed
208376,2025-12-04,5104,1066,2,175.9,0.1,South,5,Completed
208377,2024-02-25,5427,1072,2,74.05,0.05,North,5,Completed
208378,2024-03-28,5162,1068,2,212.97,0,South,4,Completed
208379,2025-06-27,5177,1060,1,116.09,0,South,2,Completed
208380,2024-06-01,5167,1029,1,185.22,0,West,2,Completed
208381,2024-07-08,5328,1014,1,33.39,0,South,4,Returned
208382,2025-11-04,5423,1072,4,74.11,0.05,North,2,Completed
208383,2025-11-29,5321,1026,2,70.0,0.15,South,2,Completed
208384,2025-03-29,5040,1005,1,84.99,0,South,4,Completed
208385,2024-02-05,5361,1007,2,160.21,0,North,3,Completed
208386,2024-01-29,5165,1065,2,69.48,0,South,1,Completed
208387,2024-01-24,5450,1042,1,16.02,0,West,5,Completed
208388,2024-04-26,5031,1010,6,92.66,0,South,,Cancelled
208389,2025-06-17,5170,1008,2,116.94,0,North,4,Completed
208390,2024-01-09,5127,1072,2,81.92,0,North,3,Completed
208391,2025-09-06,5458,1014,1,32.99,0,South,3,Completed
208392,2024-05-03,5276,1065,1,61.68,0,West,3,Completed
208393,2025-07-06,5117,1038,1,222.4,0.05,North,3,Completed
208394,2025-03-03,5449,1030,1,139.81,0.15,West,4,Completed
208395,2024-07-06,5029,1046,3,72.11,0.15,West,3,Completed
208396,2025-08-14,5173,1002,5,72.99,0.05,West,3,Completed
208397,2024-10-03,5471,1049,10,24.64,0.15,North,4,Completed
208398,2025-07-19,5170,1065,2,65.31,0,North,3,Completed
208399,2025-04-07,5012,1057,2,72.78,0.15,North,8,Completed
208400,2024-02-29,5237,1010,3,84.26,0,East,2,Completed
208401,2024-09-12,5390,1005,1,79.64,0.1,South,4,Completed
208402,2025-05-27,5271,1019,3,105.78,0.2,South,1,Completed
208403,2025-01-28,5240,1072,6,72.46,0,North,5,Returned
208404,2024-09-23,5163,1032,1,226.09,0,East,7,Completed
208405,2024-11-02,5051,1034,1,134.23,0.05,West,5,Returned
208406,2025-02-12,5087,1052,4,314.68,0.05,North,4,Completed
208407,2024-04-20,5357,1067,1,216.34,0.15,East,3,Completed
208408,2024-03-22,5359,1039,1,188.57,0,South,5,Completed
208409,2025-04-17,5082,1060,3,120.2,0,East,4,Completed
208410,2024-04-30,5494,1053,2,198.23,0,South,2,Returned
208411,2025-05-28,5421,1064,4,100.63,0.05,East,5,Completed
208412,2025-10-18,5341,1068,1,189.81,0.15,South,1,Completed
208413,2025-04-28,5399,1058,1,215.09,0,East,1,Completed
208414,2025-02-28,5329,1001,3,174.5,0,East,,Cancelled
208415,2025-12-22,5140,1053,2,216.96,0,East,1,Completed
208416,2024-07-05,5265,1004,3,160.03,0.1,South,4,Completed
208417,2024-07-21,5385,1059,2,137.36,0,South,3,Completed
208418,2024-06-26,5059,1004,4,156.46,0,North,,Cancelled
208419,2025-05-22,5486,1014,1,34.97,0.15,West,3,Completed
208420,2025-08-04,5118,1005,1,84.75,0,North,5,Completed
208421,2024-12-03,5060,1021,5,111.69,0.2,South,1,Completed
208422,2024-11-21,5271,1048,1,306.17,0,South,6,Completed
208423,2025-12-27,5396,1038,2,225.04,0.15,South,3,Completed
208424,2024-04-11,5112,1061,3,140.86,0.15,South,3,Completed
208425,2025-06-06,5264,1029,2,185.56,0.1,West,1,Completed
208426,2024-11-22,5368,1014,2,32.66,0.15,North,4,Completed
208427,2025-12-02,5348,1055,2,264.41,0.1,East,3,Completed
208428,2025-03-19,5374,1065,4,64.41,0,West,5,Returned
208429,2024-09-07,5224,1060,6,126.99,0.05,West,4,Completed
208430,2025-08-26,5299,1034,5,131.38,0.05,West,3,Completed
208431,2025-10-10,5057,1002,4,70.34,0.05,East,2,Completed
208432,2024-03-13,5434,1059,1,137.94,0.05,North,3,Returned
208433,2025-05-10,5369,1015,2,224.22,0.2,West,,Cancelled
208434,2024-09-02,5401,1066,4,166.2,0.2,East,4,Completed
208435,2024-05-15,5231,1010,2,89.05,0,East,,Cancelled
208436,2025-08-10,5277,1034,1,146.19,0.05,East,2,Completed
208437,2024-09-29,5429,1054,4,249.45,0.2,East,,Cancelled
208438,2024-11-10,5339,1035,1,233.94,0.15,South,4,Completed
208439,2025-08-30,5436,1041,1,46.57,0.05,West,3,Completed
208440,2025-01-21,5425,1056,1,311.51,0,East,2,Completed
208441,2024-03-11,5380,1065,4,61.83,0,West,3,Completed
208442,2025-07-20,5375,1027,2,105.91,0.15,East,1,Completed
208443,2025-02-07,5063,1017,2,75.37,0.05,North,2,Completed
208444,2025-02-21,5135,1057,3,67.47,0.05,East,4,Completed
208445,2024-02-14,5243,1049,1,24.22,0.1,North,3,Completed
208446,2024-07-21,5134,1047,1,201.6,0,North,4,Completed
208447,2024-12-09,5072,1050,5,72.19,0,West,4,Completed
208448,2025-03-22,5210,1055,2,254.67,0.05,South,2,Completed
208449,2025-10-22,5366,1011,4,36.66,0,East,2,Completed
208450,2025-02-28,5154,1047,1,207.03,0.1,South,3,Completed
208451,2025-03-18,5283,1058,1,206.05,0,South,6,Completed
208452,2024-05-04,5381,1018,8,329.73,0.2,North,4,Completed
208453,2025-06-22,5127,1049,4,25.31,0.15,North,2,Returned
208454,2024-06-12,5410,1065,2,62.82,0.1,South,1,Completed
208455,2025-10-20,5415,1011,8,35.33,0,North,2,Completed
208456,2025-06-15,5209,1053,3,200.42,0.1,South,2,Completed
208457,2025-03-12,5287,1027,1,105.0,0,North,3,Completed
208458,2025-08-09,5232,1015,8,238.77,0,West,7,Returned
208459,2025-05-02,5277,1033,2,148.48,0,East,6,Completed
208460,2024-04-04,5090,1070,1,242.21,0,North,4,Completed
208461,2024-10-05,5432,1037,3,139.0,0.05,South,2,Completed
208462,2024-10-05,5426,1023,6,202.68,0,North,4,Completed
208463,2025-12-28,5191,1042,10,16.03,0.15,East,1,Completed
208464,2025-01-27,5119,1012,2,228.31,0,North,3,Completed
208465,2025-10-15,5126,1061,3,144.47,0.2,West,7,Completed
208466,2024-08-15,5291,1069,2,169.78,0.1,South,4,Completed
208467,2025-06-26,5186,1065,1,67.68,0.1,North,3,Completed
208468,2025-03-03,5094,1036,3,234.92,0.15,East,6,Completed
208469,2024-08-25,5268,1001,2,153.93,0,East,2,Completed
208470,2025-07-06,5217,1028,2,242.52,0.05,North,4,Completed
208471,2024-01-05,5126,1064,2,97.01,0,West,4,Returned
208472,2024-03-07,5071,1051,1,242.56,0,South,4,Completed
208473,2025-09-21,5499,1042,1,16.04,0,South,3,Completed
208474,2024-03-14,5358,1002,2,75.93,0,North,3,Completed
208475,2024-10-22,5281,1015,8,222.34,0.15,West,5,Completed
208476,2024-09-02,5376,1047,5,212.81,0,West,4,Completed
208477,2025-08-31,5123,1022,1,39.09,0,East,5,Completed
208478,2025-05-17,5042,1071,3,131.74,0,East,3,Completed
208479,2025-01-30,5386,1019,6,101.4,0.05,West,7,Completed
208480,2025-01-28,5339,1063,3,217.39,0.15,South,3,Completed
208481,2024-10-07,5071,1036,1,258.42,0,South,2,Returned
208482,2025-05-05,5217,1037,5,132.6,0.05,North,5,Completed
208483,2024-02-15,5082,1049,6,23.13,0.05,East,2,Completed
208484,2025-01-19,5229,1043,3,99.95,0.15,North,4,Completed
208485,2025-11-18,5157,1035,4,236.97,0,West,5,Returned
208486,2025-06-11,5411,1011,3,36.91,0.05,West,2,Completed
208487,2024-10-13,5375,1019,5,111.77,0.05,East,3,Completed
208488,2025-01-14,5309,1064,2,94.19,0.05,West,5,Completed
208489,2024-09-25,5113,1063,1,230.77,0,North,2,Completed
208490,2025-03-29,5119,1053,2,217.61,0,North,3,Completed
208491,2024-10-17,5395,1040,1,277.04,0.1,East,4,Completed
208492,2025-05-15,5472,1029,2,189.31,0,South,8,Completed
208493,2024-08-06,5130,1069,3,177.53,0,South,4,Completed
208494,2025-05-19,5435,1029,1,188.42,0.2,South,6,Completed
208495,2024-12-03,5055,1050,1,74.58,0.15,West,7,Completed
208496,2025-03-31,5356,1049,4,24.05,0,East,5,Returned
208497,2025-01-05,5246,1012,1,238.39,0.05,West,5,Completed
208498,2025-01-09,5116,1030,4,135.54,0.05,West,1,Completed
208499,2025-07-18,5106,1043,4,97.49,0,East,4,Completed
208500,2024-08-26,5043,1010,4,94.6,0,East,4,Completed
208501,2024-02-02,5066,1017,8,78.87,0,West,8,Completed
208502,2025-10-07,5436,1017,8,74.77,0.2,West,3,Completed
208503,2025-12-13,5447,1072,2,79.89,0,West,1,Completed
208504,2024-10-17,5319,1053,2,217.16,0.1,West,5,Completed
208505,2024-11-16,5261,1058,2,197.97,0,South,,Cancelled
208506,2025-08-10,5292,1043,1,90.2,0.2,West,7,Completed
208507,2025-06-22,5157,1027,1,106.07,0.1,West,7,Completed
208508,2024-05-11,5189,1025,2,199.95,0,East,3,Completed
208509,2024-02-26,5447,1017,1,80.02,0,West,1,Completed
208510,2024-07-20,5203,1042,1,16.52,0.05,West,5,Completed
208511,2024-04-10,5312,1010,2,91.71,0,West,2,Completed
208512,2024-04-05,5038,1044,2,143.75,0.1,West,,Cancelled
208513,2025-02-26,5421,1033,3,155.56,0,East,5,Completed
208514,2025-07-28,5475,1061,2,140.94,0,West,3,Completed
208515,2024-07-10,5002,1026,1,66.43,0,North,5,Completed
208516,2025-11-06,5273,1040,2,290.53,0,East,4,Completed
208517,2024-01-22,5126,1016,1,59.69,0.05,West,,Cancelled
208518,2024-04-13,5308,1029,3,205.43,0,North,5,Completed
208519,2024-05-28,5083,1065,2,67.73,0,West,1,Completed
208520,2024-05-31,5497,1063,5,235.31,0.05,North,4,Completed
208521,2024-05-09,5088,1009,4,200.01,0,East,3,Completed
208522,2025-02-28,5051,1001,5,170.52,0.05,West,,Cancelled
208523,2025-11-23,5155,1062,6,186.01,0.05,West,4,Completed
208524,2025-11-20,5345,1059,6,130.16,0.05,East,8,Completed
208525,2024-12-08,5026,1040,3,287.75,0.15,North,4,Completed
208526,2024-08-07,5072,1018,3,320.55,0,West,3,Completed
208527,2025-12-11,5442,1062,3,191.68,0,North,5,Completed
208528,2024-05-10,5101,1030,2,129.67,0.2,East,,Cancelled
208529,2024-11-12,5340,1035,6,220.83,0.05,North,7,Completed
208530,2025-08-18,5400,1037,1,142.8,0,West,2,Completed
208531,2025-06-08,5042,1056,3,327.81,0.1,East,5,Completed
208532,2024-07-23,5475,1063,1,217.3,0.15,West,3,Completed
208533,2024-09-03,5134,1068,3,189.15,0,North,5,Completed
208534,2025-09-21,5404,1066,1,164.06,0,North,3,Completed
208535,2024-06-26,5267,1017,1,77.49,0.2,North,,Cancelled
208536,2025-06-26,5438,1044,1,132.48,0.2,North,2,Completed
208537,2024-05-14,5423,1038,1,207.13,0,North,3,Completed
208538,2024-07-15,5410,1019,2,109.12,0.1,South,5,Returned
208539,2024-01-13,5232,1054,2,245.55,0.05,West,8,Completed
208540,2024-08-31,5249,1034,1,133.41,0.05,North,4,Completed
208541,2025-07-30,5427,1066,3,162.5,0.05,North,2,Returned
208542,2024-09-24,5310,1053,8,217.95,0,North,5,Completed
208543,2025-05-01,5201,1072,2,78.67,0,West,3,Completed
208544,2025-11-10,5453,1055,3,258.66,0,North,,Cancelled
208545,2025-10-19,5252,1049,1,23.98,0.05,West,,Cancelled
208546,2025-03-14,5218,1039,6,187.08,0,North,4,Completed
208547,2025-07-17,5021,1024,2,118.42,0.15,East,,Cancelled
208548,2025-07-11,5211,1036,3,246.07,0.1,South,3,Completed
208549,2025-11-15,5151,1058,1,198.57,0,South,4,Completed
208550,2025-01-05,5262,1032,5,234.92,0.2,South,4,Returned
208551,2024-05-12,5121,1063,1,235.32,0.1,West,3,Completed
208552,2024-11-16,5188,1030,3,146.28,0.05,West,5,Completed
208553,2024-05-17,5423,1061,2,144.37,0.05,North,1,Completed
208554,2024-05-28,5436,1007,1,151.37,0,West,1,Completed
208555,2025-04-19,5405,1063,1,210.91,0,West,6,Completed
208556,2024-07-18,5431,1047,2,210.99,0,West,4,Completed
208557,2024-01-11,5190,1044,2,132.14,0,South,2,Returned
208558,2024-03-13,5197,1026,2,66.55,0,East,3,Completed
208559,2024-10-04,5231,1049,2,25.03,0.05,East,7,Completed
208560,2024-11-26,5341,1054,2,253.78,0,South,6,Completed
208561,2024-07-20,5129,1061,1,141.9,0.1,South,3,Completed
208562,2024-08-29,5187,1019,2,105.67,0.1,East,5,Completed
208563,2024-01-07,5393,1004,2,144.25,0.15,South,4,Completed
208564,2025-10-02,5106,1044,1,145.3,0,East,2,Completed
208565,2024-10-31,5100,1042,8,17.08,0.2,West,,Cancelled
208566,2025-02-06,5221,1006,1,192.41,0.2,North,4,Completed
208567,2024-02-02,5020,1064,2,97.61,0.15,East,4,Completed
208568,2025-03-20,5124,1012,3,225.06,0,South,4,Completed
208569,2025-10-21,5138,1050,1,79.58,0,East,5,Completed
208570,2025-08-10,5299,1036,10,253.73,0,West,,Cancelled
208571,2024-03-28,5035,1050,1,76.42,0.1,South,4,Completed
208572,2025-03-02,5452,1020,1,62.88,0,North,3,Completed
208573,2025-09-26,5156,1014,3,36.69,0.2,North,1,Returned
208574,2025-03-20,5325,1005,1,76.15,0,West,4,Completed
208575,2024-03-21,5364,1049,2,25.44,0,West,6,Returned
208576,2024-07-24,5128,1049,4,22.67,0,West,4,Completed
208577,2025-01-30,5097,1023,1,200.78,0,East,3,Completed
208578,2025-03-01,5300,1035,4,237.34,0.15,South,3,Returned
208579,2025-09-18,5059,1042,2,17.29,0,North,4,Completed
208580,2025-08-07,5354,1033,3,162.55,0.15,North,1,Completed
208581,2024-04-11,5009,1070,2,214.42,0,North,4,Completed
208582,2024-05-31,5272,1022,2,37.94,0.15,North,3,Completed
208583,2025-05-14,5027,1053,2,218.67,0,North,5,Completed
208584,2024-07-05,5397,1003,3,264.58,0.1,East,6,Completed
208585,2024-11-06,5387,1054,2,263.27,0.05,West,3,Completed
208586,2025-02-17,5015,1011,1,34.31,0,South,3,Completed
208587,2024-03-06,5298,1045,2,116.4,0,North,2,Completed
208588,2024-06-28,5372,1004,1,160.1,0.1,South,2,Completed
208589,2025-11-09,5078,1068,1,201.75,0.05,West,6,Completed
208590,2025-06-24,5108,1055,1,254.3,0.1,East,3,Completed
208591,2024-08-25,5376,1049,3,25.1,0.2,West,5,Returned
208592,2025-04-05,5333,1018,1,305.27,0,South,,Cancelled
208593,2024-05-17,5064,1014,1,36.77,0,East,4,Completed
208594,2024-10-25,5480,1065,10,66.64,0.2,East,4,Completed
208595,2025-10-07,5087,1049,3,23.26,0,North,4,Completed
208596,2025-03-10,5300,1033,2,146.51,0.1,South,3,Completed
208597,2024-04-21,5459,1017,3,74.24,0.05,South,,Cancelled
208598,2025-09-22,5069,1022,8,36.7,0,East,2,Completed
208599,2024-11-14,5041,1047,5,205.15,0.05,East,6,Completed
208600,2025-09-30,5005,1033,3,156.36,0.1,West,7,Completed
208601,2025-12-28,5117,1011,1,33.88,0.05,North,2,Returned
208602,2024-09-07,5176,1040,1,268.16,0.05,North,4,Completed
208603,2025-09-03,5476,1017,2,77.67,0.05,East,6,Completed
208604,2024-03-19,5139,1026,1,64.18,0.15,West,8,Completed
208605,2024-10-14,5231,1054,1,259.83,0.15,East,1,Completed
208606,2025-06-29,5386,1013,2,126.72,0.15,West,5,Completed
208607,2024-07-20,5382,1070,2,215.16,0.1,East,2,Completed
208608,2024-01-21,5089,1066,2,177.3,0.1,North,3,Completed
208609,2025-06-15,5493,1022,2,38.86,0.15,West,4,Completed
208610,2025-05-17,5017,1059,2,136.7,0.1,North,1,Completed
208611,2025-10-20,5215,1045,1,110.22,0,South,3,Completed
208612,2024-02-21,5459,1003,2,246.63,0.15,South,1,Completed
208613,2025-03-31,5070,1059,3,142.02,0.15,South,3,Completed
208614,2025-12-16,5108,1012,3,214.17,0,East,3,Completed
208615,2024-10-12,5265,1015,6,225.12,0.05,South,3,Completed
208616,2024-02-22,5093,1031,5,239.02,0.05,North,2,Returned
208617,2025-02-26,5464,1035,2,237.15,0,West,3,Completed
208618,2024-04-29,5211,1016,2,55.55,0.1,South,1,Completed
208619,2024-03-02,5294,1021,4,115.66,0,West,4,Returned
208620,2025-01-02,5206,1042,4,16.98,0.15,East,8,Completed
208621,2024-06-18,5170,1062,1,175.09,0,North,3,Completed
208622,2025-04-20,5161,1010,2,93.78,0.05,West,7,Completed
208623,2025-10-26,5480,1030,4,143.74,0,East,5,Completed
208624,2024-07-14,5015,1051,3,254.6,0,South,4,Completed
208625,2024-02-01,5039,1006,10,207.26,0,West,4,Completed
208626,2025-06-19,5094,1035,2,220.84,0,East,1,Returned
208627,2025-06-16,5452,1042,2,15.8,0.05,North,4,Completed
208628,2025-12-03,5086,1008,2,111.94,0.05,North,3,Completed
208629,2024-08-19,5185,1049,1,24.81,0,East,6,Completed
208630,2025-09-26,5280,1015,1,246.35,0,East,4,Completed
208631,2025-03-30,5005,1025,1,204.6,0.1,West,5,Completed
208632,2025-06-14,5245,1005,1,86.16,0.05,North,1,Completed
208633,2025-05-21,5375,1059,2,133.36,0,East,2,Completed
208634,2025-12-10,5033,1038,1,221.27,0,North,3,Completed
208635,2024-12-24,5187,1058,1,218.22,0.15,East,8,Returned
208636,2025-07-26,5444,1055,2,259.88,0.1,South,3,Completed
208637,2024-10-06,5479,1010,8,88.16,0,West,2,Completed
208638,2024-12-19,5051,1052,3,310.83,0,West,3,Completed
208639,2025-11-13,5005,1009,5,208.53,0.05,West,7,Returned
208640,2025-08-14,5270,1037,2,133.25,0,North,5,Completed
208641,2024-07-12,5087,1068,3,195.38,0.1,North,5,Completed
208642,2024-02-03,5071,1025,3,205.59,0.15,South,,Cancelled
208643,2025-08-17,5070,1021,3,118.53,0,South,3,Completed
208644,2024-02-18,5019,1014,5,33.77,0,South,3,Completed
208645,2024-03-04,5067,1008,1,120.81,0,East,5,Completed
208646,2025-08-03,5134,1013,2,129.15,0,North,5,Completed
208647,2025-08-27,5058,1001,5,163.03,0.1,North,4,Completed
208648,2025-09-29,5091,1038,4,216.72,0.05,West,5,Completed
208649,2025-10-21,5370,1059,2,136.48,0,West,3,Completed
208650,2025-03-27,5382,1050,6,76.65,0.05,East,2,Completed
208651,2025-07-21,5393,1063,3,235.16,0.1,South,3,Completed
208652,2024-02-26,5403,1004,2,159.77,0,South,3,Completed
208653,2024-09-10,5273,1064,3,94.72,0.15,East,8,Completed
208654,2024-07-16,5263,1059,1,130.97,0,South,4,Completed
208655,2025-01-26,5161,1072,1,81.55,0.1,West,3,Completed
208656,2024-07-29,5115,1016,2,57.65,0.15,West,3,Completed
208657,2025-05-27,5104,1054,5,264.43,0.2,South,4,Completed
208658,2025-03-16,5018,1038,2,218.74,0,North,4,Completed
208659,2024-02-04,5500,1039,1,192.99,0.1,West,5,Completed
208660,2025-06-10,5389,1014,3,35.91,0,North,3,Completed
208661,2025-07-07,5310,1003,2,267.2,0,North,2,Completed
208662,2024-03-15,5232,1014,6,35.56,0,West,3,Completed
208663,2025-03-11,5376,1027,10,103.13,0,West,1,Completed
208664,2024-09-12,5446,1051,4,235.7,0,South,3,Completed
208665,2025-07-30,5049,1059,5,139.61,0.1,East,2,Completed
208666,2025-03-06,5244,1030,4,141.4,0.1,West,3,Completed
208667,2025-08-26,5057,1057,2,68.61,0.2,East,,Cancelled
208668,2024-06-26,5035,1049,2,22.77,0.1,South,5,Completed
208669,2025-11-10,5089,1053,2,204.57,0,North,7,Completed
208670,2024-05-21,5467,1015,3,224.2,0.15,North,3,Completed
208671,2025-10-28,5396,1057,3,66.08,0,South,,Cancelled
208672,2025-03-15,5113,1014,4,35.2,0.2,North,4,Completed
208673,2025-03-17,5133,1019,2,104.58,0,West,5,Completed
208674,2024-11-03,5005,1042,6,15.95,0.05,West,3,Completed
208675,2025-06-08,5065,1049,5,22.9,0,West,3,Completed
208676,2025-04-12,5347,1065,6,65.74,0.05,South,5,Completed
208677,2025-05-19,5312,1017,1,77.59,0.1,West,4,Completed
208678,2025-07-30,5120,1028,1,265.48,0,East,4,Completed
208679,2025-03-06,5215,1065,1,61.89,0,South,6,Returned
208680,2024-03-09,5069,1051,2,234.53,0,East,,Cancelled
208681,2025-05-05,5365,1020,2,57.32,0.15,South,4,Completed
208682,2025-05-17,5287,1028,3,272.55,0,North,2,Completed
208683,2024-06-14,5387,1040,2,263.42,0,West,2,Completed
208684,2024-07-25,5474,1018,1,328.84,0.05,East,2,Completed
208685,2024-03-15,5020,1059,5,139.23,0,East,3,Completed
208686,2025-05-07,5224,1034,5,136.95,0,West,4,Completed
208687,2024-04-30,5197,1033,3,151.08,0,East,5,Completed
208688,2025-09-19,5371,1020,2,58.41,0.05,South,2,Completed
208689,2025-02-24,5373,1046,3,68.49,0,West,4,Completed
208690,2024-03-14,5206,1071,2,128.66,0,East,5,Completed
208691,2024-07-27,5352,1001,4,156.64,0.05,West,2,Completed
208692,2024-11-26,5117,1061,10,146.31,0.1,North,2,Completed
208693,2024-01-11,5095,1054,2,253.38,0,West,,Cancelled
208694,2024-10-17,5360,1024,2,111.12,0.05,East,3,Completed
208695,2024-12-31,5172,1034,5,131.82,0,East,5,Completed
208696,2024-02-14,5242,1009,2,197.99,0,East,3,Completed
208697,2025-01-16,5157,1014,2,33.02,0,West,4,Completed
208698,2025-05-22,5325,1069,4,181.16,0,West,8,Completed
208699,2024-01-18,5330,1048,2,300.5,0,South,3,Completed
208700,2024-04-08,5127,1024,4,112.68,0.05,North,5,Completed
208701,2024-10-16,5367,1008,2,113.33,0,East,4,Completed
208702,2024-02-21,5039,1055,1,268.36,0,West,8,Completed
208703,2025-05-19,5170,1055,3,258.21,0,North,2,Completed
208704,2025-04-19,5143,1013,10,124.82,0,North,4,Completed
208705,2025-09-16,5022,1069,2,176.65,0.2,East,4,Completed
208706,2025-02-21,5053,1039,3,192.66,0.2,North,4,Completed
208707,2025-11-27,5435,1029,2,190.41,0,South,2,Completed
208708,2025-06-04,5465,1023,2,194.52,0.05,South,6,Completed
208709,2025-07-05,5412,1010,1,94.15,0,East,1,Completed
208710,2024-02-23,5019,1070,2,228.74,0.1,South,5,Completed
208711,2025-12-18,5119,1041,2,46.65,0,North,4,Completed
208712,2025-09-01,5474,1011,1,33.15,0.1,East,5,Completed
208713,2024-08-22,5299,1043,1,100.54,0,West,,Cancelled
208714,2025-03-10,5062,1022,3,36.02,0.2,West,4,Completed
208715,2025-02-26,5168,1051,6,257.58,0,West,4,Completed
208716,2025-06-11,5363,1020,4,62.23,0,East,4,Completed
208717,2024-01-30,5326,1017,1,79.43,0.1,South,6,Completed
208718,2024-09-17,5172,1048,2,306.02,0.15,East,6,Completed
208719,2024-03-07,5331,1035,1,244.44,0,East,4,Returned
208720,2025-03-18,5209,1038,2,223.65,0.1,South,1,Completed
208721,2025-10-01,5350,1033,1,157.17,0,West,2,Completed
208722,2025-01-12,5379,1065,3,69.66,0,South,6,Completed
208723,2025-07-26,5249,1019,1,102.63,0,North,4,Completed
208724,2025-03-01,5208,1030,1,135.46,0.05,North,6,Completed
208725,2024-12-03,5176,1058,6,202.68,0.15,North,5,Completed
208726,2024-02-28,5251,1005,1,78.96,0.05,East,7,Completed
208727,2025-09-28,5451,1019,3,99.73,0.15,North,2,Completed
208728,2024-07-01,5023,1053,1,212.03,0.1,North,6,Completed
208729,2024-04-03,5327,1056,1,311.83,0.1,East,5,Completed
208730,2024-09-21,5105,1064,5,93.88,0.05,West,2,Completed
208731,2025-09-21,5005,1054,4,263.4,0,West,3,Returned
208732,2025-04-02,5433,1042,2,16.38,0.1,North,2,Returned
208733,2025-08-12,5354,1025,2,197.59,0,North,8,Completed
208734,2024-10-15,5316,1009,2,214.11,0.1,North,4,Completed
208735,2025-08-16,5340,1001,3,171.26,0.05,North,4,Completed
208736,2025-01-01,5306,1008,5,114.32,0.1,North,6,Completed
208737,2025-12-12,5208,1018,1,316.08,0,North,3,Completed
208738,2024-02-04,5261,1060,1,118.74,0.15,South,3,Completed
208739,2025-11-11,5246,1054,2,270.89,0.05,West,3,Completed
208740,2024-10-27,5003,1055,2,275.15,0.2,North,7,Completed
208741,2025-11-02,5004,1061,2,150.19,0.1,South,2,Completed
208742,2024-12-12,5395,1068,2,189.23,0.05,East,2,Completed
208743,2025-08-10,5104,1037,4,129.62,0,South,2,Completed
208744,2025-05-19,5321,1044,1,134.0,0.15,South,,Cancelled
208745,2025-08-29,5113,1040,1,273.2,0,North,,Cancelled
208746,2024-08-01,5031,1055,2,273.11,0,South,5,Completed
208747,2025-06-03,5353,1024,1,117.74,0.15,South,6,Completed
208748,2025-11-21,5120,1033,1,150.35,0,East,3,Completed
208749,2024-12-28,5052,1052,2,309.24,0.1,West,2,Returned
208750,2024-12-19,5492,1004,4,151.5,0,East,2,Completed
208751,2025-01-29,5262,1019,2,103.12,0,South,5,Completed
208752,2025-10-01,5432,1032,1,217.6,0.1,South,4,Completed
208753,2024-04-03,5143,1010,1,86.08,0,North,7,Completed
208754,2025-12-25,5124,1015,1,223.62,0,South,3,Completed
208755,2025-03-19,5053,1021,5,116.04,0,North,3,Completed
208756,2025-09-23,5241,1025,2,187.73,0,West,3,Completed
208757,2025-03-14,5435,1069,2,166.54,0.1,South,4,Completed
208758,2024-08-18,5052,1019,4,103.65,0.15,West,3,Completed
208759,2025-04-21,5161,1032,2,220.69,0.05,West,,Cancelled
208760,2025-01-10,5080,1018,2,318.98,0,North,7,Completed
208761,2024-03-06,5057,1020,10,56.87,0,East,2,Completed
208762,2024-11-15,5473,1011,1,34.6,0,East,3,Completed
208763,2025-03-19,5176,1033,1,146.1,0,North,2,Completed
208764,2025-10-07,5038,1024,1,109.65,0,West,4,Completed
208765,2025-09-14,5198,1021,3,110.32,0.05,West,2,Completed
208766,2024-11-26,5259,1037,1,138.81,0,North,2,Completed
208767,2025-03-20,5322,1056,5,349.71,0.05,West,6,Completed
208768,2025-08-16,5413,1004,6,153.77,0.1,North,3,Completed
208769,2024-05-28,5034,1061,2,157.24,0,West,4,Completed
208770,2024-10-16,5454,1060,1,118.39,0,North,8,Completed
208771,2025-11-17,5329,1012,1,220.72,0.1,East,7,Completed
208772,2025-03-28,5114,1020,3,60.7,0.1,North,3,Completed
208773,2025-05-30,5018,1029,1,199.92,0,North,7,Completed
208774,2024-07-06,5300,1042,1,16.1,0.1,South,3,Completed
208775,2024-07-03,5331,1038,2,210.46,0,East,4,Completed
208776,2024-05-04,5124,1045,6,110.71,0.1,South,3,Completed
208777,2024-08-22,5166,1044,2,139.59,0,East,3,Completed
208778,2025-10-13,5293,1013,4,135.13,0,West,3,Completed
208779,2024-10-07,5351,1033,2,162.38,0.1,North,3,Completed
208780,2024-05-06,5361,1014,4,36.33,0,North,5,Completed
208781,2024-05-28,5420,1027,6,104.1,0.15,East,5,Completed
208782,2025-10-25,5219,1013,2,121.36,0,North,5,Returned
208783,2025-11-26,5234,1027,1,111.93,0.1,West,4,Completed
208784,2024-08-11,5418,1032,1,236.83,0,West,,Cancelled
208785,2024-04-07,5335,1065,1,68.05,0,East,5,Completed
208786,2025-07-15,5313,1070,2,213.8,0,East,3,Completed
208787,2024-10-07,5150,1005,5,85.15,0.1,North,1,Completed
208788,2025-02-22,5478,1049,2,23.54,0.05,West,2,Completed
208789,2024-06-08,5128,1049,5,25.46,0.1,West,8,Completed
208790,2025-03-15,5198,1036,1,244.91,0.05,West,3,Completed
208791,2024-01-16,5478,1019,2,99.24,0.05,West,6,Completed
208792,2025-04-19,5077,1048,2,312.86,0.05,North,1,Completed
208793,2024-06-18,5247,1062,1,191.18,0,West,1,Completed
208794,2025-03-03,5314,1052,10,314.53,0.15,North,1,Completed
208795,2024-05-18,5006,1009,1,198.62,0.05,West,3,Completed
208796,2025-06-08,5465,1067,1,218.61,0,South,3,Completed
208797,2024-03-05,5316,1029,5,196.19,0.05,North,4,Completed
208798,2024-10-06,5248,1027,2,115.41,0.05,South,8,Completed
208799,2025-04-11,5207,1057,3,72.6,0.15,North,5,Returned
208800,2025-05-01,5227,1052,2,317.35,0,North,6,Completed
208801,2025-12-01,5364,1033,2,147.02,0,West,8,Completed
208802,2024-05-29,5248,1068,1,213.4,0.05,South,,Cancelled
208803,2024-02-07,5314,1060,1,116.79,0,North,2,Returned
208804,2025-02-09,5189,1030,1,137.33,0.05,East,3,Completed
208805,2024-12-12,5478,1038,2,214.73,0,West,3,Completed
208806,2025-07-08,5388,1001,2,172.76,0.2,East,5,Completed
208807,2024-06-19,5301,1025,3,205.69,0,West,5,Completed
208808,2024-12-29,5034,1061,2,147.12,0,West,,Cancelled
208809,2025-09-07,5364,1030,3,145.61,0.1,West,,Cancelled
208810,2024-11-24,5165,1018,1,303.17,0.15,South,4,Completed
208811,2024-07-24,5408,1060,2,124.79,0,South,,Cancelled
208812,2025-04-30,5241,1067,1,213.47,0.15,West,5,Completed
208813,2025-05-27,5430,1044,3,133.47,0,South,6,Completed
208814,2024-12-19,5065,1066,5,162.98,0,West,7,Completed
208815,2024-10-25,5197,1003,3,251.93,0.05,East,2,Completed
208816,2025-03-25,5281,1015,1,247.54,0,West,4,Completed
208817,2024-03-07,5151,1060,2,124.89,0,South,4,Completed
208818,2024-03-14,5329,1045,1,117.62,0.05,East,3,Completed
208819,2025-04-03,5290,1053,4,203.14,0,South,,Cancelled
208820,2025-02-02,5414,1071,2,125.33,0,North,2,Completed
208821,2025-07-15,5460,1059,1,140.65,0,East,3,Completed
208822,2025-03-10,5063,1061,5,157.82,0.2,North,4,Completed
208823,2025-09-05,5067,1029,3,190.88,0,East,2,Completed
208824,2025-06-18,5490,1016,4,55.8,0,West,2,Returned
208825,2025-11-21,5106,1069,2,163.26,0,East,2,Completed
208826,2025-10-19,5072,1040,1,279.23,0.05,West,2,Completed
208827,2024-03-29,5314,1046,2,67.46,0,North,4,Completed
208828,2024-07-21,5326,1002,5,78.71,0.05,South,6,Completed
208829,2025-07-20,5332,1005,3,77.62,0.1,North,3,Completed
208830,2024-07-29,5372,1001,2,166.71,0.1,South,1,Completed
208831,2024-09-23,5329,1053,3,203.45,0.1,East,2,Completed
208832,2025-10-23,5469,1046,3,72.11,0.05,South,5,Completed
208833,2024-07-13,5085,1025,1,187.87,0,North,2,Completed
208834,2025-11-26,5277,1024,2,118.09,0,East,8,Completed
208835,2024-06-23,5150,1003,2,277.02,0.2,North,5,Completed
208836,2024-02-26,5414,1037,5,144.45,0,North,4,Completed
208837,2025-12-08,5052,1022,2,36.87,0,West,7,Returned
208838,2025-11-08,5132,1018,3,304.59,0.05,East,3,Completed
208839,2024-04-22,5256,1067,1,217.51,0,East,2,Returned
208840,2025-10-29,5213,1047,2,199.83,0,North,1,Completed
208841,2025-02-22,5131,1016,1,55.33,0.05,South,2,Completed
208842,2025-01-21,5465,1003,1,246.19,0,South,1,Completed
208843,2024-11-25,5200,1037,2,140.76,0,North,3,Completed
208844,2024-10-03,5033,1017,1,76.71,0,North,5,Completed
208845,2025-04-20,5171,1032,1,232.8,0.1,North,4,Completed
208846,2024-07-06,5266,1031,1,238.05,0.1,East,3,Completed
208847,2024-01-26,5226,1057,2,72.4,0,West,8,Completed
208848,2025-05-23,5182,1009,1,210.9,0.1,West,5,Completed
208849,2024-05-03,5348,1021,6,122.2,0.15,East,3,Completed
208850,2024-01-02,5296,1032,2,213.67,0,South,2,Completed
208851,2025-06-19,5047,1072,1,80.68,0.15,North,,Cancelled
208852,2024-03-08,5054,1024,2,118.01,0,East,4,Completed
208853,2024-02-19,5218,1016,1,61.69,0.05,North,3,Completed
208854,2025-12-22,5482,1054,2,249.92,0,South,5,Completed
208855,2024-08-26,5054,1056,10,324.42,0.05,East,2,Completed
208856,2024-11-15,5186,1057,2,73.46,0,North,3,Completed
208857,2024-04-19,5252,1057,2,70.84,0.05,West,3,Completed
208858,2025-12-31,5079,1020,2,56.68,0,North,4,Completed
208859,2024-11-29,5325,1013,3,129.48,0,West,2,Returned
208860,2025-02-01,5499,1021,1,113.88,0.05,South,1,Completed
208861,2024-05-18,5145,1066,1,160.27,0.15,East,3,Completed
208862,2024-04-22,5107,1070,3,242.02,0.1,East,2,Completed
208863,2024-10-18,5106,1024,1,113.14,0.05,East,7,Completed
208864,2025-05-01,5444,1052,1,304.78,0,South,3,Completed
208865,2025-06-16,5229,1023,2,197.16,0.1,North,6,Completed
208866,2025-04-13,5129,1005,5,81.96,0,South,6,Completed
208867,2024-12-29,5403,1071,3,129.07,0,South,7,Completed
208868,2025-12-26,5480,1067,2,233.05,0.05,East,3,Completed
208869,2025-12-10,5048,1043,6,90.25,0.15,South,4,Completed
208870,2025-09-27,5253,1006,3,203.37,0,East,,Cancelled
208871,2024-02-05,5450,1021,5,117.77,0.1,West,3,Returned
208872,2025-09-02,5282,1068,2,196.39,0,East,4,Completed
208873,2025-07-11,5485,1032,1,225.34,0,South,4,Completed
208874,2025-10-29,5084,1035,3,229.41,0.15,North,,Cancelled
208875,2025-09-22,5324,1001,3,170.46,0.1,East,2,Completed
208876,2024-07-01,5198,1052,8,332.13,0.05,West,2,Completed
208877,2024-10-12,5065,1034,1,146.16,0.05,West,7,Completed
208878,2025-01-08,5241,1034,1,139.72,0,West,6,Completed
208879,2025-03-21,5183,1018,3,329.57,0,North,3,Completed
208880,2025-02-21,5174,1057,2,72.15,0,West,5,Returned
208881,2025-03-05,5019,1046,3,68.34,0,South,5,Completed
208882,2025-05-08,5130,1003,1,263.75,0.05,South,4,Completed
208883,2024-01-10,5081,1058,6,199.18,0.05,North,3,Completed
208884,2024-10-19,5335,1023,2,210.82,0,East,2,Completed
208885,2025-07-11,5353,1020,1,56.14,0,South,2,Completed
208886,2025-12-06,5269,1010,1,93.17,0,North,5,Completed
208887,2025-08-21,5279,1028,5,266.97,0.1,South,2,Completed
208888,2025-05-26,5322,1043,1,92.09,0.1,West,5,Completed
208889,2024-09-26,5389,1065,5,65.77,0.05,North,5,Completed
208890,2025-08-04,5129,1012,1,218.4,0.05,South,2,Completed
208891,2024-04-14,5099,1042,1,17.74,0.05,North,2,Completed
208892,2024-10-06,5127,1040,2,281.52,0.15,North,5,Completed
208893,2025-07-20,5384,1032,2,219.02,0,East,3,Completed
208894,2024-07-28,5267,1063,1,209.97,0.1,North,5,Completed
208895,2025-09-19,5282,1021,4,116.4,0.15,East,3,Completed
208896,2024-03-10,5383,1065,2,69.25,0,West,3,Completed
208897,2025-02-24,5180,1044,2,147.63,0,North,2,Completed
208898,2024-02-08,5102,1007,2,153.13,0,East,4,Completed
208899,2024-05-23,5031,1038,3,225.43,0.2,South,4,Completed
208900,2025-09-10,5498,1014,1,34.41,0.05,East,2,Completed
208901,2025-05-15,5326,1059,2,126.33,0,South,3,Completed
208902,2024-04-26,5230,1006,1,202.17,0.2,East,1,Completed
208903,2025-08-23,5139,1014,3,34.52,0.05,West,5,Returned
208904,2024-08-09,5234,1058,2,206.42,0.1,West,1,Completed
208905,2024-06-19,5117,1055,1,270.41,0,North,3,Completed
208906,2024-09-12,5289,1002,1,77.45,0,West,3,Completed
208907,2025-07-22,5219,1009,5,197.77,0.15,North,5,Completed
208908,2025-05-22,5041,1042,1,16.87,0.15,East,5,Completed
208909,2024-12-24,5490,1033,1,162.3,0,West,8,Completed
208910,2024-12-23,5038,1005,5,78.32,0,West,3,Completed
208911,2025-10-17,5147,1024,8,116.07,0,West,5,Completed
208912,2024-10-03,5242,1030,2,139.38,0.15,East,1,Completed
208913,2025-02-01,5241,1022,1,37.38,0.05,West,3,Completed
208914,2024-05-14,5116,1049,2,23.93,0.05,West,4,Completed
208915,2025-05-07,5016,1024,1,111.56,0,East,5,Completed
208916,2024-05-22,5360,1021,1,115.31,0.1,East,3,Returned
208917,2024-04-22,5479,1060,1,123.01,0.1,West,2,Completed
208918,2025-05-19,5270,1014,1,33.77,0,North,8,Completed
208919,2024-11-17,5007,1025,3,195.09,0,East,2,Completed
208920,2025-10-29,5060,1026,1,65.3,0.05,South,3,Completed
208921,2024-01-24,5135,1038,2,216.6,0.05,East,3,Completed
208922,2024-06-24,5043,1044,3,131.92,0.05,East,4,Completed
208923,2024-12-25,5157,1056,1,346.74,0,West,1,Completed
208924,2024-01-27,5335,1001,3,167.24,0.1,East,2,Completed
208925,2024-05-19,5026,1039,3,191.96,0,North,3,Completed
208926,2024-09-24,5423,1002,6,74.37,0.2,North,3,Completed
208927,2025-02-17,5039,1026,1,67.17,0,West,2,Completed
208928,2025-06-24,5028,1003,3,271.36,0.05,East,3,Completed
208929,2025-08-06,5075,1009,2,215.24,0,West,3,Completed
208930,2024-05-08,5051,1003,3,244.77,0.15,West,3,Completed
208931,2025-06-16,5335,1044,2,142.44,0,East,7,Completed
208932,2025-03-09,5241,1067,2,222.76,0.05,West,4,Completed
208933,2024-09-13,5316,1025,1,187.55,0,North,3,Completed
208934,2025-10-01,5206,1065,2,65.23,0,East,3,Completed
208935,2024-02-03,5232,1045,1,113.98,0,West,4,Completed
208936,2024-05-05,5386,1066,1,172.77,0,West,4,Completed
208937,2025-07-27,5312,1054,1,259.21,0,West,7,Completed
208938,2025-12-19,5272,1016,3,58.17,0.05,North,3,Completed
208939,2024-10-30,5319,1043,1,95.19,0,West,3,Completed
208940,2024-07-20,5453,1002,1,75.06,0.15,North,1,Completed
208941,2025-07-22,5442,1012,2,215.89,0,North,5,Completed
208942,2025-03-05,5009,1037,4,132.82,0.05,North,4,Completed
208943,2024-06-20,5113,1018,4,341.25,0,North,6,Completed
208944,2025-03-06,5310,1063,1,231.73,0,North,3,Completed
208945,2025-04-29,5176,1037,1,140.09,0,North,4,Completed
208946,2025-04-03,5491,1042,1,16.17,0.1,South,1,Completed
208947,2025-12-12,5467,1045,1,116.59,0.1,North,8,Returned
208948,2024-09-14,5242,1036,2,253.11,0.05,East,1,Completed
208949,2024-07-09,5458,1018,1,319.73,0.05,South,4,Completed
208950,2024-06-08,5337,1030,3,137.82,0,North,4,Completed
208951,2024-03-01,5372,1061,10,141.24,0.1,South,4,Completed
208952,2025-03-09,5072,1008,1,116.31,0.1,West,2,Completed
208953,2025-08-20,5013,1050,3,78.44,0,South,3,Returned
208954,2024-09-05,5458,1018,1,320.46,0.05,South,6,Completed
208955,2024-05-28,5375,1038,2,223.95,0.1,East,4,Completed
208956,2025-06-11,5083,1022,8,37.1,0.1,West,4,Completed
208957,2025-03-25,5203,1012,1,233.45,0.1,West,,Cancelled
208958,2025-10-26,5284,1007,3,167.49,0,East,4,Completed
208959,2024-04-16,5294,1069,1,165.13,0,West,3,Returned
208960,2025-05-22,5164,1026,5,62.89,0,West,1,Completed
208961,2024-08-12,5377,1026,4,64.38,0.05,West,2,Completed
208962,2025-05-17,5201,1017,1,76.69,0.15,West,4,Completed
208963,2025-12-14,5037,1029,8,198.11,0.05,South,5,Completed
208964,2025-04-06,5222,1042,2,15.99,0.05,South,4,Completed
208965,2024-03-18,5037,1004,1,150.06,0,South,1,Completed
208966,2024-09-22,5388,1063,2,214.57,0,East,4,Completed
208967,2024-04-09,5356,1064,1,103.46,0,East,1,Completed
208968,2025-09-19,5428,1061,1,145.17,0,East,3,Completed
208969,2024-07-22,5204,1019,1,100.58,0,East,6,Completed
208970,2025-12-20,5353,1007,1,164.04,0.15,South,4,Completed
208971,2025-01-09,5063,1069,4,177.83,0,North,2,Completed
208972,2024-05-25,5267,1056,3,320.58,0.15,North,3,Completed
208973,2025-05-18,5348,1069,1,168.71,0,East,1,Completed
208974,2024-09-17,5427,1026,4,63.27,0.05,North,2,Completed
208975,2024-09-17,5469,1040,1,287.78,0,South,5,Completed
208976,2025-11-02,5158,1044,6,130.15,0.05,East,4,Completed
208977,2025-05-17,5327,1059,1,134.61,0,East,4,Completed
208978,2025-07-04,5223,1052,4,314.46,0,East,,Cancelled
208979,2024-05-07,5353,1059,1,133.04,0.05,South,3,Completed
208980,2024-06-25,5434,1005,2,76.81,0,North,6,Completed
208981,2024-06-06,5349,1038,1,209.86,0,South,3,Completed
208982,2025-04-11,5221,1051,1,237.47,0,North,3,Completed
208983,2025-03-28,5139,1060,2,120.63,0,West,4,Completed
208984,2025-11-20,5198,1053,2,195.98,0.2,West,7,Completed
208985,2024-12-27,5003,1034,2,137.79,0.1,North,,Cancelled
208986,2024-02-28,5370,1033,2,151.13,0.1,West,7,Completed
208987,2024-12-23,5330,1022,3,39.06,0.05,South,2,Completed
208988,2025-03-15,5178,1048,4,312.75,0.2,East,2,Completed
208989,2024-05-07,5343,1072,2,77.9,0,South,5,Completed
208990,2025-05-07,5137,1056,3,335.17,0.15,South,4,Completed
208991,2024-06-03,5404,1007,2,160.87,0,North,2,Completed
208992,2024-07-25,5464,1050,5,72.98,0,West,3,Completed
208993,2024-07-16,5497,1005,3,84.82,0.05,North,2,Completed
208994,2024-06-29,5419,1010,6,90.55,0,South,3,Completed
208995,2024-08-23,5486,1063,2,215.0,0,West,7,Completed
208996,2025-04-20,5329,1040,1,281.73,0,East,4,Completed
208997,2024-07-14,5342,1062,1,172.34,0,South,5,Completed
208998,2024-04-03,5183,1019,1,104.25,0.15,North,3,Completed
208999,2025-12-19,5268,1049,3,25.65,0,East,3,Completed
209000,2025-06-13,5104,1032,1,236.78,0,South,5,Completed
209001,2025-03-24,5424,1039,10,182.21,0,South,3,Completed
209002,2024-09-09,5331,1048,2,324.09,0,East,2,Completed
209003,2025-05-06,5247,1048,2,295.34,0.05,West,5,Completed
209004,2024-12-05,5030,1026,2,70.04,0,South,4,Completed
209005,2024-12-14,5426,1046,3,72.63,0,North,1,Completed
209006,2025-11-30,5244,1046,1,75.13,0.2,West,5,Completed
209007,2025-07-29,5266,1003,1,277.05,0,East,2,Completed
209008,2025-03-04,5101,1069,1,163.41,0.05,East,3,Completed
209009,2025-04-04,5176,1018,1,314.54,0.1,North,,Cancelled
209010,2025-06-05,5458,1005,1,82.87,0.05,South,3,Completed
209011,2024-05-23,5308,1050,1,78.0,0,North,3,Completed
209012,2025-09-27,5145,1050,2,74.55,0.05,East,4,Completed
209013,2024-07-21,5033,1070,2,239.48,0.1,North,3,Completed
209014,2024-07-13,5271,1030,1,139.71,0,South,2,Completed
209015,2025-02-15,5463,1072,2,74.24,0.05,South,4,Completed
209016,2025-10-22,5317,1072,2,78.1,0.1,North,6,Completed
209017,2025-04-21,5233,1026,3,65.2,0.05,East,4,Completed
209018,2024-11-26,5017,1067,3,222.17,0.2,North,2,Completed
209019,2024-08-11,5480,1049,3,24.04,0,East,,Cancelled
209020,2024-10-02,5419,1049,6,22.96,0.05,South,,Cancelled
209021,2025-10-27,5169,1015,1,241.68,0.15,East,5,Completed
209022,2024-05-06,5473,1039,1,172.39,0.1,East,4,Completed
209023,2025-10-13,5165,1042,2,16.82,0,South,3,Completed
209024,2025-04-03,5193,1023,6,192.29,0.15,West,3,Completed
209025,2025-03-22,5424,1003,2,256.09,0,South,1,Completed
209026,2025-11-17,5317,1011,3,34.27,0,North,2,Completed
209027,2025-12-26,5317,1069,3,171.93,0,North,,Cancelled
209028,2025-10-25,5031,1049,1,23.0,0,South,2,Completed
209029,2025-02-13,5252,1031,3,260.73,0.1,West,2,Completed
209030,2024-08-07,5289,1062,1,189.38,0,West,2,Completed
209031,2024-07-01,5238,1022,1,37.24,0,East,4,Completed
209032,2025-07-14,5049,1029,3,208.27,0,East,6,Completed
209033,2025-07-05,5009,1043,1,90.88,0,North,5,Completed
209034,2024-05-22,5197,1055,2,283.81,0.05,East,3,Completed
209035,2024-08-16,5457,1049,5,22.98,0,East,3,Completed
209036,2025-05-28,5105,1027,3,110.04,0,West,8,Returned
209037,2024-08-15,5005,1024,1,119.23,0.1,West,4,Completed
209038,2025-10-01,5210,1003,10,250.4,0.1,South,3,Completed
209039,2025-12-07,5235,1032,2,230.47,0,East,2,Completed
209040,2025-08-28,5047,1071,10,129.64,0,North,4,Completed
209041,2024-03-24,5227,1045,3,108.36,0,North,4,Completed
209042,2025-08-11,5175,1072,2,80.12,0.2,South,3,Completed
209043,2024-08-18,5365,1010,5,89.05,0.1,South,6,Completed
209044,2025-08-16,5381,1003,1,274.88,0,North,3,Completed
209045,2025-09-10,5469,1030,1,132.98,0.05,South,4,Completed
209046,2024-08-17,5172,1072,6,80.52,0.05,East,3,Completed
209047,2024-04-30,5021,1002,2,75.81,0.05,East,4,Completed
209048,2024-11-02,5114,1050,5,80.71,0,North,4,Completed
209049,2025-01-31,5392,1008,6,117.33,0.1,North,4,Completed
209050,2024-10-17,5451,1026,3,68.72,0,North,3,Completed
209051,2024-05-28,5203,1009,6,210.13,0.1,West,8,Completed
209052,2024-08-04,5249,1024,1,116.17,0,North,4,Completed
209053,2025-05-07,5255,1020,1,57.38,0.2,East,3,Completed
209054,2025-12-25,5282,1063,2,216.83,0.1,East,8,Completed
209055,2024-01-17,5053,1069,2,166.76,0.05,North,3,Completed
209056,2024-05-18,5472,1065,5,65.5,0,South,7,Returned
209057,2024-09-07,5304,1048,1,324.8,0.05,East,,Cancelled
209058,2025-02-19,5169,1053,8,202.28,0,East,5,Completed
209059,2024-11-20,5203,1058,2,217.36,0,West,,Cancelled
209060,2024-01-08,5435,1070,3,236.87,0.15,South,3,Completed
209061,2024-10-02,5005,1003,6,271.43,0.15,West,3,Completed
209062,2024-04-09,5002,1003,3,245.43,0,North,5,Returned
209063,2024-06-22,5286,1061,5,142.62,0,South,6,Completed
209064,2024-01-10,5180,1017,1,78.01,0.1,North,6,Completed
209065,2024-03-21,5429,1034,2,139.51,0,East,3,Completed
209066,2024-10-16,5129,1060,1,124.19,0.05,South,4,Completed
209067,2024-11-12,5162,1063,1,216.74,0.05,South,4,Completed
209068,2024-08-04,5192,1049,1,25.02,0,North,2,Returned
209069,2025-06-07,5288,1071,1,128.32,0.05,North,4,Completed
209070,2024-04-17,5491,1039,6,189.13,0,South,4,Completed
209071,2025-06-15,5183,1018,5,329.05,0.05,North,4,Completed
209072,2024-04-09,5441,1028,10,242.81,0.15,South,7,Completed
209073,2024-02-10,5179,1020,1,61.62,0.2,East,5,Completed
209074,2024-10-23,5320,1004,2,144.04,0.05,West,3,Completed
209075,2024-08-30,5089,1041,2,47.37,0,North,3,Completed
209076,2024-12-03,5339,1065,4,61.89,0,South,2,Completed
209077,2025-04-15,5078,1016,2,58.86,0.1,West,4,Returned
209078,2025-03-20,5368,1012,2,229.78,0.15,North,3,Completed
209079,2024-06-13,5388,1018,5,338.98,0.15,East,4,Completed
209080,2024-11-07,5415,1037,2,138.74,0,North,,Cancelled
209081,2024-11-05,5389,1041,2,48.75,0.1,North,4,Completed
209082,2025-03-27,5422,1011,1,35.34,0.15,West,3,Completed
209083,2025-01-07,5325,1010,2,87.72,0,West,2,Returned
209084,2024-08-11,5341,1070,4,238.01,0,South,4,Completed
209085,2025-04-29,5359,1049,1,25.4,0.05,South,3,Completed
209086,2024-02-29,5056,1002,1,78.55,0,East,4,Returned
209087,2024-03-13,5449,1046,8,74.15,0.2,West,1,Completed
209088,2024-10-21,5430,1055,5,280.07,0,South,5,Completed
209089,2024-10-28,5366,1037,3,144.18,0,East,8,Completed
209090,2025-09-28,5401,1018,1,323.5,0.05,East,2,Completed
209091,2024-10-17,5217,1056,3,322.97,0,North,5,Completed
209092,2024-11-19,5408,1020,1,60.08,0,South,4,Completed
209093,2024-07-30,5386,1029,2,188.48,0.05,West,3,Returned
209094,2024-07-10,5404,1071,1,127.17,0.05,North,2,Completed
209095,2025-01-27,5303,1033,4,160.76,0,North,4,Completed
209096,2025-09-10,5386,1018,1,319.87,0.05,West,4,Completed
209097,2024-12-03,5242,1018,2,327.13,0,East,2,Completed
209098,2025-03-04,5166,1036,2,236.05,0,East,2,Completed
209099,2025-03-19,5223,1002,1,72.22,0.1,East,3,Completed
209100,2025-05-25,5322,1024,2,113.86,0.05,West,4,Completed
209101,2024-11-16,5274,1064,3,103.16,0.05,South,4,Completed
209102,2025-02-11,5368,1029,5,204.01,0.05,North,3,Completed
209103,2024-11-15,5016,1009,2,215.89,0,East,,Cancelled
209104,2025-05-22,5296,1059,1,136.85,0,South,3,Completed
209105,2024-03-21,5187,1051,5,244.6,0.15,East,5,Completed
209106,2024-10-15,5044,1066,5,162.57,0.15,South,1,Completed
209107,2025-01-05,5435,1032,3,217.22,0.1,South,3,Completed
209108,2024-07-14,5301,1063,1,213.43,0.1,West,4,Completed
209109,2025-11-26,5143,1044,3,137.11,0,North,2,Completed
209110,2025-08-09,5416,1033,3,150.14,0.05,East,2,Completed
209111,2025-06-13,5229,1013,2,133.94,0.1,North,1,Completed
209112,2025-07-26,5363,1054,8,240.72,0.1,East,2,Completed
209113,2025-10-30,5289,1054,4,261.88,0.1,West,2,Completed
209114,2024-02-19,5201,1034,2,138.88,0,West,2,Completed
209115,2025-07-25,5044,1021,6,113.58,0.1,South,2,Completed
209116,2025-07-13,5375,1052,1,312.87,0.2,East,3,Completed
209117,2025-07-05,5395,1033,10,159.94,0.1,East,7,Returned
209118,2025-06-03,5457,1054,1,268.21,0,East,2,Completed
209119,2024-08-11,5237,1063,2,227.64,0,East,5,Completed
209120,2025-11-25,5445,1022,3,37.09,0.05,West,3,Completed
209121,2025-04-26,5349,1072,1,80.2,0,South,3,Completed
209122,2024-12-01,5356,1049,3,25.13,0.05,East,6,Completed
209123,2024-08-07,5327,1048,5,303.17,0,East,6,Completed
209124,2025-07-22,5135,1071,2,123.4,0,East,3,Completed
209125,2024-07-03,5324,1028,1,259.49,0,East,4,Completed
209126,2024-05-21,5121,1019,2,105.01,0.05,West,5,Completed
209127,2025-07-15,5488,1005,6,77.25,0.1,West,3,Completed
209128,2024-09-20,5110,1026,2,67.36,0,North,4,Completed
209129,2024-08-04,5451,1032,4,228.29,0,North,5,Completed
209130,2025-08-18,5175,1036,2,258.61,0,South,2,Completed
209131,2024-08-25,5258,1019,1,99.88,0.1,East,3,Completed
209132,2025-12-29,5366,1064,1,98.89,0,East,5,Completed
209133,2024-12-30,5128,1032,1,239.54,0.05,West,5,Completed
209134,2024-06-18,5464,1066,1,171.74,0,West,4,Completed
209135,2025-05-26,5464,1061,1,146.67,0.05,West,2,Completed
209136,2024-11-16,5403,1065,2,66.66,0,South,2,Returned
209137,2025-11-19,5277,1012,3,234.8,0.15,East,3,Completed
209138,2024-01-20,5126,1019,6,103.61,0.1,West,2,Completed
209139,2024-06-28,5132,1012,2,224.07,0.05,East,3,Completed
209140,2024-05-03,5054,1034,3,143.68,0.15,East,7,Completed
209141,2025-11-20,5331,1054,1,263.6,0.05,East,7,Completed
209142,2024-01-07,5029,1023,1,207.7,0,West,2,Completed
209143,2024-01-14,5342,1070,2,240.53,0,South,2,Completed
209144,2025-07-16,5488,1015,5,231.46,0.1,West,4,Completed
209145,2024-01-13,5243,1029,2,195.33,0,North,3,Completed
209146,2024-02-18,5097,1067,3,234.06,0.05,East,3,Completed
209147,2024-12-20,5094,1033,1,151.84,0,East,3,Completed
209148,2024-04-12,5217,1065,1,66.37,0,North,8,Completed
209149,2024-04-08,5187,1021,2,115.87,0.05,East,2,Completed
209150,2024-08-20,5077,1024,1,115.2,0.1,North,4,Completed
209151,2024-03-17,5140,1054,1,248.57,0,East,4,Completed
209152,2025-04-01,5202,1050,1,72.22,0,West,4,Completed
209153,2025-04-20,5369,1039,5,180.24,0,West,4,Completed
209154,2024-07-14,5382,1047,2,191.13,0,East,3,Completed
209155,2025-07-17,5479,1007,3,161.66,0,West,,Cancelled
209156,2025-11-22,5450,1004,1,158.07,0.05,West,2,Completed
209157,2025-10-14,5031,1025,2,207.77,0.1,South,,Cancelled
209158,2025-10-08,5431,1038,2,207.9,0,West,6,Completed
209159,2024-07-10,5330,1067,3,234.76,0.1,South,1,Completed
209160,2024-02-26,5233,1041,4,48.52,0,East,7,Completed
209161,2025-04-11,5083,1010,2,93.37,0,West,5,Completed
209162,2025-08-15,5036,1066,1,165.73,0.05,East,,Cancelled
209163,2025-05-29,5354,1056,1,350.6,0.15,North,,Cancelled
209164,2024-08-04,5451,1031,2,261.09,0.05,North,3,Completed
209165,2025-01-07,5460,1056,2,346.77,0.05,East,2,Completed
209166,2024-09-18,5372,1065,3,64.51,0.15,South,5,Completed
209167,2025-06-05,5346,1031,2,232.19,0.1,South,5,Completed
209168,2024-03-12,5149,1053,2,216.01,0,West,3,Completed
209169,2024-03-15,5392,1036,1,239.36,0,North,4,Completed
209170,2024-06-03,5295,1012,6,217.85,0,West,2,Completed
209171,2025-11-08,5266,1004,2,143.24,0.1,East,7,Completed
209172,2024-10-31,5038,1028,3,260.22,0,West,3,Completed
209173,2025-03-08,5126,1069,2,170.53,0.05,West,3,Completed
209174,2024-01-26,5199,1059,3,128.98,0.1,North,3,Completed
209175,2024-10-31,5490,1011,2,34.45,0.05,West,3,Completed
209176,2024-08-12,5001,1044,6,144.65,0,South,5,Completed
209177,2024-04-15,5448,1005,10,85.56,0.1,North,3,Completed
209178,2025-11-23,5043,1070,2,239.16,0.1,East,1,Completed
209179,2024-10-30,5082,1022,3,35.99,0,East,6,Completed
209180,2024-12-18,5230,1035,3,248.18,0,East,4,Completed
209181,2024-01-19,5292,1039,2,178.98,0,West,3,Completed
209182,2025-12-26,5434,1036,1,250.03,0,North,6,Completed
209183,2024-06-23,5232,1024,5,122.36,0,West,2,Completed
209184,2025-04-19,5335,1049,1,24.52,0.1,East,2,Completed
209185,2025-12-06,5243,1016,1,58.32,0,North,8,Completed
209186,2025-03-02,5234,1015,2,235.8,0.2,West,2,Completed
209187,2025-02-08,5349,1057,1,69.6,0,South,2,Completed
209188,2024-12-03,5298,1036,3,241.23,0.05,North,3,Completed
209189,2024-05-16,5326,1060,3,126.31,0,South,5,Completed
209190,2025-04-03,5429,1071,2,129.76,0.1,East,2,Completed
209191,2024-05-31,5455,1067,3,223.51,0,South,,Cancelled
209192,2025-01-10,5426,1024,3,113.73,0.05,North,3,Completed
209193,2024-01-09,5342,1042,1,15.86,0.15,South,3,Completed
209194,2024-12-28,5270,1052,2,310.32,0.15,North,3,Completed
209195,2025-07-10,5283,1014,3,35.77,0.05,South,3,Completed
209196,2024-12-30,5336,1004,3,152.56,0.1,South,5,Completed
209197,2024-07-11,5328,1014,1,33.66,0.05,South,,Cancelled
209198,2025-07-06,5369,1028,1,273.81,0.1,West,4,Completed
209199,2025-05-20,5309,1030,4,136.42,0.15,West,4,Completed
209200,2025-09-09,5059,1002,3,74.62,0,North,2,Completed
209201,2025-08-13,5449,1009,2,215.97,0.05,West,5,Completed
209202,2025-03-18,5454,1015,2,229.8,0,North,3,Completed
209203,2024-07-22,5053,1042,5,16.99,0,North,3,Completed
209204,2025-05-11,5231,1011,5,35.42,0,East,3,Returned
209205,2024-01-15,5168,1047,1,213.23,0.05,West,4,Completed
209206,2025-10-30,5465,1008,1,112.44,0.05,South,2,Completed
209207,2025-11-10,5182,1045,4,108.6,0.05,West,2,Completed
209208,2024-06-27,5397,1027,1,106.87,0,East,5,Completed
209209,2025-06-11,5073,1043,6,88.84,0,West,3,Completed
209210,2024-05-18,5038,1031,2,248.64,0,West,6,Completed
209211,2025-11-01,5421,1062,2,175.1,0.05,East,4,Completed
209212,2024-04-14,5370,1066,1,176.71,0.1,West,4,Completed
209213,2025-05-14,5007,1072,2,75.82,0.05,East,8,Completed
209214,2025-10-15,5102,1038,3,221.3,0,East,4,Completed
209215,2024-02-10,5113,1059,3,142.36,0.05,North,1,Completed
209216,2024-03-26,5102,1052,1,313.96,0.1,East,3,Completed
209217,2024-08-13,5161,1008,3,121.87,0,West,5,Completed
209218,2024-08-29,5058,1051,3,247.81,0.1,North,6,Completed
209219,2025-11-27,5148,1046,3,73.48,0,South,2,Returned
209220,2024-01-14,5455,1031,3,244.01,0,South,6,Completed
209221,2024-08-29,5087,1057,1,70.12,0.15,North,7,Completed
209222,2025-10-13,5231,1018,1,313.53,0,East,1,Completed
209223,2024-12-04,5301,1063,5,213.6,0,West,2,Completed
209224,2024-01-12,5323,1034,4,136.66,0,South,5,Completed
209225,2025-10-08,5286,1046,5,74.93,0,South,7,Completed
209226,2025-03-28,5338,1012,5,216.71,0,East,4,Completed
209227,2024-10-25,5402,1072,3,77.86,0,West,5,Completed
209228,2024-04-05,5112,1017,5,71.28,0,South,1,Completed
209229,2024-06-18,5026,1038,2,220.64,0,North,4,Completed
209230,2025-08-18,5350,1001,2,154.1,0.05,West,1,Completed
209231,2024-06-05,5232,1046,4,69.36,0,West,4,Completed
209232,2025-03-18,5043,1066,3,170.86,0,East,2,Completed
209233,2025-05-06,5124,1068,1,188.49,0.15,South,2,Completed
209234,2024-05-15,5181,1054,2,264.79,0,East,,Cancelled
209235,2025-01-26,5492,1063,6,217.56,0.05,East,3,Completed
209236,2025-01-30,5126,1057,4,65.51,0.05,West,7,Completed
209237,2024-05-29,5049,1036,1,255.81,0,East,4,Completed
209238,2024-11-12,5159,1009,4,203.72,0,South,4,Completed
209239,2024-11-12,5242,1072,3,80.2,0,East,4,Completed
209240,2025-06-10,5237,1014,1,33.27,0.2,East,6,Returned
209241,2025-12-15,5007,1069,4,173.46,0.15,East,3,Completed
209242,2024-01-09,5114,1065,2,61.9,0,North,5,Completed
209243,2025-10-19,5026,1037,1,143.68,0.05,North,3,Completed
209244,2024-12-26,5048,1048,2,307.25,0.05,South,1,Completed
209245,2024-05-03,5446,1018,1,331.05,0.05,South,4,Completed
209246,2025-07-14,5281,1071,1,132.87,0,West,4,Completed
209247,2024-03-11,5005,1018,2,318.61,0,West,1,Completed
209248,2024-07-27,5176,1050,10,73.5,0.15,North,4,Completed
209249,2025-03-15,5222,1024,2,115.35,0,South,3,Completed
209250,2024-12-12,5420,1030,5,131.3,0.2,East,3,Completed
209251,2024-10-30,5353,1071,3,119.7,0,South,3,Completed
209252,2024-10-11,5307,1034,2,136.37,0,West,3,Completed
209253,2024-10-24,5257,1037,3,141.0,0,West,3,Completed
209254,2025-12-01,5312,1009,1,209.68,0.05,West,4,Completed
209255,2024-03-07,5012,1058,2,194.9,0,North,5,Completed
209256,2024-05-28,5398,1025,3,201.55,0.05,South,,Cancelled
209257,2024-01-17,5413,1066,2,177.98,0.15,North,3,Completed
209258,2025-10-12,5154,1070,2,223.13,0.15,South,2,Completed
209259,2024-10-10,5035,1024,1,114.17,0,South,,Cancelled
209260,2025-03-10,5489,1008,1,111.22,0.1,East,5,Completed
209261,2025-10-01,5243,1021,1,113.6,0,North,3,Completed
209262,2024-08-04,5436,1019,3,102.9,0,West,4,Completed
209263,2025-08-21,5211,1048,5,306.18,0,South,3,Completed
209264,2024-12-23,5329,1068,3,211.3,0.15,East,6,Completed
209265,2025-09-27,5395,1067,3,224.53,0,East,2,Returned
209266,2024-01-19,5375,1057,1,69.48,0,East,3,Returned
209267,2024-06-05,5487,1057,4,66.6,0,West,5,Completed
209268,2024-04-22,5383,1067,1,230.65,0.2,West,2,Completed
209269,2025-05-09,5158,1007,1,160.23,0.05,East,2,Completed
209270,2024-06-07,5345,1069,3,176.19,0,East,,Cancelled
209271,2025-12-28,5301,1042,1,15.87,0.1,West,3,Completed
209272,2024-10-13,5400,1019,6,100.28,0,West,4,Completed
209273,2025-11-07,5038,1037,1,134.93,0,West,2,Completed
209274,2024-12-16,5436,1033,3,147.66,0,West,2,Completed
209275,2024-12-19,5478,1019,2,111.31,0.1,West,4,Completed
209276,2024-02-06,5393,1017,1,78.45,0,South,3,Completed
209277,2025-07-10,5156,1018,2,311.25,0,North,5,Completed
209278,2025-03-29,5498,1018,1,331.04,0,East,2,Completed
209279,2025-02-09,5308,1062,1,172.24,0.2,North,6,Completed
209280,2024-08-28,5330,1006,1,196.86,0,South,1,Completed
209281,2025-08-24,5236,1059,10,137.89,0,West,,Cancelled
209282,2025-04-13,5041,1014,2,36.26,0,East,3,Completed
209283,2024-04-06,5319,1004,2,146.49,0,West,1,Completed
209284,2024-10-22,5345,1069,1,176.5,0.1,East,4,Returned
209285,2024-12-25,5101,1012,1,235.7,0.1,East,4,Completed
209286,2025-04-28,5251,1016,4,57.43,0.1,East,,Cancelled
209287,2025-12-12,5335,1052,2,323.38,0,East,7,Completed
209288,2025-10-12,5140,1050,3,75.29,0,East,4,Completed
209289,2024-06-12,5003,1054,1,265.48,0.2,North,4,Completed
209290,2025-09-11,5250,1040,3,290.97,0,South,7,Completed
209291,2024-03-16,5494,1010,1,86.55,0.1,South,5,Completed
209292,2024-08-26,5098,1016,1,60.0,0.05,East,3,Completed
209293,2024-10-19,5027,1056,2,345.11,0.15,North,2,Completed
209294,2024-10-12,5411,1003,2,244.48,0.1,West,1,Completed
209295,2025-05-01,5108,1029,1,196.39,0,East,4,Completed
209296,2025-02-12,5083,1060,4,127.68,0,West,4,Completed
209297,2025-12-19,5389,1004,2,157.17,0,North,2,Completed
209298,2025-01-27,5493,1002,1,72.88,0,West,2,Completed
209299,2024-12-21,5213,1028,1,258.19,0.1,North,,Cancelled
209300,2024-04-19,5339,1044,1,131.29,0,South,8,Completed
209301,2024-05-12,5270,1070,3,236.19,0.1,North,3,Completed
209302,2024-08-21,5075,1051,1,261.49,0.1,West,3,Completed
209303,2025-05-05,5052,1064,2,103.06,0,West,2,Completed
209304,2024-02-24,5356,1012,1,239.41,0,East,4,Completed
209305,2024-01-29,5418,1046,2,72.2,0,West,4,Completed
209306,2024-04-25,5260,1060,2,129.13,0,South,3,Completed
209307,2025-07-23,5439,1029,1,184.84,0.05,North,4,Completed
209308,2025-09-09,5060,1036,3,243.35,0,South,3,Completed
209309,2025-09-08,5012,1066,3,175.15,0.05,North,2,Completed
209310,2025-02-04,5198,1033,3,145.58,0,West,4,Completed
209311,2024-08-27,5019,1029,1,187.21,0.1,South,5,Completed
209312,2024-07-06,5283,1022,1,39.12,0,South,8,Completed
209313,2024-12-07,5239,1005,4,82.78,0,South,7,Completed
209314,2025-03-30,5437,1069,2,181.43,0,West,5,Completed
209315,2025-02-19,5226,1064,3,99.22,0.15,West,5,Completed
209316,2024-07-13,5242,1016,2,61.99,0,East,2,Completed
209317,2024-01-02,5255,1017,2,72.18,0,East,3,Returned
209318,2025-01-19,5261,1070,1,230.65,0.15,South,5,Completed
209319,2025-04-21,5125,1052,3,303.24,0,South,4,Completed
209320,2025-01-01,5383,1064,1,101.41,0,West,3,Completed
209321,2024-07-28,5029,1033,2,160.05,0,West,2,Completed
209322,2024-01-11,5494,1001,3,167.63,0,South,3,Completed
209323,2025-10-30,5278,1042,1,16.38,0,West,1,Returned
209324,2025-03-28,5469,1009,1,220.71,0.15,South,,Cancelled
209325,2024-01-29,5232,1050,2,73.94,0.2,West,3,Completed
209326,2024-04-30,5348,1066,2,171.49,0,East,,Cancelled
209327,2024-06-02,5119,1047,3,204.2,0.1,North,5,Completed
209328,2024-09-23,5219,1007,1,159.26,0.05,North,3,Completed
209329,2024-03-11,5411,1001,1,160.12,0.05,West,5,Completed
209330,2024-03-22,5295,1066,2,172.53,0,West,3,Completed
209331,2025-05-23,5158,1047,4,193.6,0,East,4,Completed
209332,2024-06-10,5323,1010,2,87.71,0.1,South,,Cancelled
209333,2025-10-07,5300,1029,1,187.37,0,South,3,Completed
209334,2024-05-18,5406,1045,1,108.12,0.1,East,4,Completed
209335,2024-07-06,5040,1026,3,65.86,0.1,South,4,Completed
209336,2024-03-27,5156,1037,2,142.04,0,North,5,Completed
209337,2024-12-13,5010,1024,2,121.11,0.05,West,5,Completed
209338,2024-08-01,5462,1057,1,66.21,0,West,8,Completed
209339,2025-01-02,5004,1070,1,218.12,0.05,South,5,Completed
209340,2024-09-29,5406,1015,8,247.17,0.1,East,3,Completed
209341,2025-09-01,5405,1047,2,200.89,0.1,West,2,Completed
209342,2024-03-04,5008,1061,3,156.47,0.05,West,3,Completed
209343,2025-04-30,5401,1027,1,103.98,0.1,East,6,Completed
209344,2025-05-09,5094,1061,2,155.91,0.1,East,,Cancelled
209345,2025-06-28,5048,1016,2,61.24,0.05,South,3,Completed
209346,2025-07-09,5295,1013,1,120.86,0.05,West,7,Completed
209347,2025-06-12,5176,1042,1,16.1,0.15,North,2,Completed
209348,2024-07-02,5109,1003,4,258.98,0.2,East,5,Completed
209349,2024-11-04,5477,1045,4,107.78,0.05,South,4,Completed
209350,2024-04-08,5399,1001,10,167.94,0.1,East,4,Completed
209351,2025-12-28,5185,1008,1,111.93,0.15,East,3,Completed
209352,2025-01-24,5318,1069,6,165.12,0,East,6,Completed
209353,2024-10-22,5488,1009,1,212.61,0.15,West,5,Completed
209354,2024-06-19,5106,1023,1,211.65,0.1,East,1,Completed
209355,2024-01-31,5088,1041,4,47.46,0,East,4,Completed
209356,2024-01-22,5227,1041,1,44.04,0.05,North,6,Completed
209357,2024-05-23,5205,1024,4,121.95,0,East,5,Completed
209358,2025-04-21,5171,1010,4,84.3,0.05,North,4,Completed
209359,2025-07-30,5092,1026,1,67.89,0.15,South,4,Completed
209360,2025-04-20,5249,1003,4,258.33,0,North,,Cancelled
209361,2025-05-19,5373,1046,5,67.99,0,West,5,Completed
209362,2024-09-09,5407,1072,3,80.84,0,South,,Cancelled
209363,2024-06-11,5304,1065,4,66.34,0.05,East,3,Completed
209364,2025-03-18,5005,1015,3,229.76,0.05,West,,Cancelled
209365,2025-09-14,5037,1051,1,237.96,0,South,,Cancelled
209366,2025-11-16,5016,1070,2,217.08,0,East,4,Completed
209367,2025-10-02,5410,1018,1,339.71,0.05,South,4,Completed
209368,2025-12-01,5060,1013,2,124.47,0,South,4,Completed
209369,2024-02-26,5211,1018,1,332.13,0,South,4,Completed
209370,2024-03-01,5257,1051,2,258.48,0.1,West,2,Completed
209371,2024-01-23,5326,1029,4,188.17,0.1,South,2,Completed
209372,2025-06-06,5165,1028,4,248.38,0.05,South,4,Completed
209373,2025-04-02,5264,1041,5,49.3,0.1,West,2,Returned
209374,2024-02-03,5193,1011,1,34.32,0,West,1,Completed
209375,2025-11-19,5164,1006,4,197.27,0,West,6,Completed
209376,2024-06-25,5387,1051,1,261.6,0.1,West,3,Completed
209377,2025-05-18,5314,1064,1,97.08,0,North,2,Completed
209378,2024-05-19,5184,1043,1,89.97,0.2,South,4,Completed
209379,2025-05-11,5053,1046,2,67.17,0.15,North,4,Completed
209380,2024-11-26,5008,1033,2,149.27,0,West,6,Completed
209381,2025-09-15,5270,1019,1,105.6,0.05,North,5,Completed
209382,2025-11-06,5207,1010,2,93.89,0.15,North,5,Completed
209383,2025-09-19,5225,1035,2,218.75,0.1,North,2,Completed
209384,2024-02-03,5021,1020,1,62.74,0,East,3,Returned
209385,2024-07-09,5410,1041,5,47.57,0,South,6,Completed
209386,2024-10-13,5321,1033,4,143.93,0.15,South,3,Completed
209387,2025-04-12,5166,1040,5,283.94,0.05,East,5,Completed
209388,2025-09-29,5320,1031,2,260.08,0.15,West,4,Completed
209389,2024-11-10,5342,1016,6,58.58,0.05,South,3,Completed
209390,2024-06-14,5082,1015,1,235.84,0.2,East,2,Completed
209391,2024-01-12,5212,1002,1,71.28,0.15,South,2,Completed
209392,2024-10-22,5320,1014,6,32.89,0,West,4,Completed
209393,2024-08-12,5368,1042,1,15.83,0.15,North,4,Completed
209394,2024-01-12,5211,1056,1,339.14,0,South,4,Completed
209395,2024-08-11,5335,1027,10,105.37,0,East,3,Returned
209396,2025-12-15,5019,1046,3,70.21,0,South,2,Completed
209397,2025-05-16,5185,1053,2,199.1,0,East,5,Completed
209398,2024-05-15,5184,1069,8,177.93,0.1,South,6,Completed
209399,2024-07-12,5258,1008,4,115.03,0,East,4,Completed
209400,2024-06-10,5390,1036,3,254.43,0,South,3,Completed
209401,2025-01-16,5253,1046,4,71.76,0.05,East,2,Completed
209402,2024-07-10,5480,1021,2,115.6,0.1,East,1,Completed
209403,2025-09-15,5260,1001,4,155.32,0.05,South,,Cancelled
209404,2024-03-23,5241,1004,3,152.71,0,West,4,Completed
209405,2025-04-12,5404,1015,2,250.56,0.05,North,4,Completed
209406,2025-03-23,5419,1051,1,252.79,0,South,5,Completed
209407,2024-11-14,5373,1034,4,134.32,0,West,7,Completed
209408,2024-12-09,5433,1062,5,176.56,0.05,North,,Cancelled
209409,2024-08-08,5273,1010,2,89.68,0.15,East,1,Completed
209410,2025-09-22,5049,1024,2,112.15,0,East,3,Completed
209411,2024-06-19,5097,1042,1,17.17,0,East,7,Completed
209412,2024-07-21,5436,1011,1,34.13,0.15,West,3,Completed
209413,2024-12-30,5029,1034,1,130.46,0.1,West,2,Completed
209414,2025-06-24,5029,1031,2,254.22,0,West,3,Completed
209415,2025-02-19,5095,1017,1,77.27,0,West,6,Completed
209416,2024-05-04,5307,1045,4,116.64,0.05,West,5,Completed
209417,2024-05-29,5348,1024,3,109.55,0.2,East,4,Completed
209418,2024-12-21,5399,1020,1,61.6,0.15,East,3,Completed
209419,2024-06-10,5152,1024,2,122.54,0.05,East,7,Completed
209420,2024-06-24,5388,1028,2,251.18,0,East,6,Completed
209421,2024-04-30,5319,1057,5,72.05,0,West,3,Completed
209422,2024-05-28,5118,1052,2,321.95,0.05,North,7,Completed
209423,2025-04-20,5055,1072,2,80.06,0.05,West,2,Completed
209424,2024-10-24,5246,1056,6,348.18,0,West,3,Completed
209425,2025-08-27,5163,1016,1,59.84,0.05,East,3,Completed
209426,2025-09-06,5277,1052,3,327.58,0,East,1,Completed
209427,2024-08-17,5330,1007,1,150.3,0,South,2,Completed
209428,2024-04-13,5461,1014,1,36.42,0,West,4,Completed
209429,2024-08-23,5337,1061,2,142.93,0,North,4,Completed
209430,2024-05-11,5373,1001,6,163.7,0.05,West,7,Completed
209431,2025-03-02,5322,1011,8,35.05,0,West,4,Completed
209432,2025-04-07,5034,1007,2,157.52,0.05,West,3,Completed
209433,2024-03-08,5383,1033,2,151.31,0.1,West,4,Completed
209434,2025-11-27,5448,1071,4,123.67,0.05,North,4,Completed
209435,2025-11-12,5160,1035,2,240.26,0.15,West,5,Completed
209436,2024-10-25,5262,1052,1,341.21,0,South,5,Completed
209437,2024-06-25,5162,1014,5,34.29,0,South,7,Completed
209438,2024-04-21,5228,1031,1,233.26,0.1,East,3,Completed
209439,2024-07-05,5277,1028,1,273.03,0.2,East,4,Completed
209440,2024-01-25,5265,1048,2,326.47,0,South,4,Completed
209441,2025-12-05,5175,1054,6,250.08,0,South,4,Completed
209442,2025-07-21,5193,1065,6,62.8,0,West,3,Completed
209443,2025-09-23,5106,1047,5,189.17,0.05,East,1,Completed
209444,2024-03-25,5070,1045,2,118.72,0,South,2,Completed
209445,2024-04-30,5274,1052,1,300.97,0.05,South,4,Completed
209446,2025-04-23,5495,1065,2,67.89,0,North,3,Completed
209447,2024-03-11,5411,1022,2,37.63,0,West,4,Completed
209448,2024-02-03,5124,1024,1,118.09,0.15,South,5,Completed
209449,2025-09-16,5223,1071,1,131.99,0.05,East,5,Completed
209450,2024-01-11,5415,1070,3,238.06,0,North,2,Completed
209451,2025-10-07,5164,1067,2,232.65,0,West,2,Completed
209452,2024-11-11,5341,1067,2,211.68,0.05,South,5,Completed
209453,2024-05-06,5313,1067,1,232.36,0,East,3,Completed
209454,2025-11-18,5358,1007,3,149.87,0.15,North,4,Completed
209455,2024-10-02,5149,1024,1,113.91,0.05,West,4,Completed
209456,2024-07-23,5304,1027,4,108.92,0,East,3,Completed
209457,2024-07-15,5401,1047,5,204.78,0,East,3,Completed
209458,2025-04-08,5268,1035,1,231.88,0.05,East,4,Completed
209459,2025-05-24,5318,1018,3,301.09,0,East,,Cancelled
209460,2025-01-20,5013,1037,1,138.28,0,South,7,Returned
209461,2024-04-22,5121,1056,10,343.34,0,West,2,Completed
209462,2024-06-14,5454,1047,2,205.63,0.15,North,4,Returned
209463,2024-04-23,5496,1012,1,231.97,0,West,4,Completed
209464,2025-10-07,5167,1033,3,157.72,0,West,6,Completed
209465,2024-04-25,5334,1018,3,313.89,0.05,West,,Cancelled
209466,2024-07-11,5217,1032,1,227.09,0.15,North,4,Completed
209467,2024-05-31,5275,1033,2,144.25,0.05,South,3,Completed
209468,2025-09-28,5014,1049,3,23.28,0,East,2,Completed
209469,2025-09-05,5032,1016,2,60.38,0.05,North,4,Completed
209470,2024-12-13,5404,1053,5,216.63,0.05,North,2,Returned
209471,2024-07-07,5129,1056,3,326.16,0.05,South,4,Completed
209472,2025-08-26,5093,1010,2,85.3,0,North,7,Completed
209473,2024-01-12,5275,1036,2,247.32,0.1,South,4,Completed
209474,2025-03-24,5416,1004,6,143.46,0,East,3,Completed
209475,2024-03-01,5236,1033,6,151.94,0.1,West,3,Completed
209476,2024-09-21,5196,1035,3,242.08,0,North,7,Completed
209477,2024-09-16,5119,1032,2,222.28,0.05,North,4,Completed
209478,2024-06-30,5003,1017,3,73.58,0,North,,Cancelled
209479,2024-03-11,5186,1026,2,67.78,0.05,North,4,Completed
209480,2024-05-16,5290,1054,3,267.71,0,South,2,Completed
209481,2024-06-05,5483,1016,1,56.63,0.1,North,6,Completed
209482,2025-04-17,5012,1031,2,243.5,0.05,North,3,Completed
209483,2025-09-03,5183,1030,3,139.94,0,North,3,Completed
209484,2024-08-28,5401,1030,2,130.53,0.15,East,7,Completed
209485,2024-10-14,5319,1065,4,67.81,0,West,2,Completed
209486,2024-11-28,5061,1023,2,207.78,0.15,North,2,Completed
209487,2025-10-14,5222,1007,1,160.15,0.05,South,1,Completed
209488,2024-10-05,5170,1045,4,113.9,0,North,4,Completed
209489,2024-02-24,5313,1051,2,238.41,0.05,East,5,Completed
209490,2024-01-07,5110,1044,5,146.67,0,North,6,Completed
209491,2025-04-11,5069,1005,1,84.07,0,East,3,Completed
209492,2025-12-24,5231,1054,1,242.56,0,East,,Cancelled
209493,2024-01-04,5084,1034,1,130.73,0,North,4,Completed
209494,2025-12-14,5448,1042,6,17.04,0,North,3,Completed
209495,2025-09-24,5005,1001,10,165.08,0,West,6,Completed
209496,2025-08-20,5036,1015,2,228.42,0.15,East,6,Completed
209497,2025-12-15,5450,1053,1,218.63,0,West,6,Completed
209498,2024-02-07,5041,1026,2,65.12,0,East,2,Completed
209499,2025-06-03,5500,1015,1,236.36,0,West,3,Completed
209500,2025-12-14,5071,1054,3,250.7,0.1,South,8,Completed
209501,2024-05-12,5148,1038,1,224.68,0,South,2,Completed
209502,2025-02-19,5051,1041,1,44.86,0.05,West,6,Completed
209503,2024-11-09,5475,1064,8,104.28,0.05,West,8,Returned
209504,2024-03-28,5068,1064,2,98.21,0,West,2,Completed
209505,2025-09-05,5180,1058,4,217.55,0.2,North,4,Completed
209506,2024-04-12,5260,1038,10,212.95,0.2,South,4,Completed
209507,2025-03-21,5115,1028,2,270.71,0.1,West,4,Completed
209508,2024-07-08,5169,1063,1,212.95,0.15,East,1,Completed
209509,2024-05-01,5277,1013,1,130.23,0,East,3,Completed
209510,2024-09-06,5274,1030,2,145.77,0,South,8,Completed
209511,2024-08-08,5295,1018,3,306.61,0.05,West,3,Completed
209512,2024-04-24,5101,1063,1,213.6,0,East,6,Completed
209513,2025-12-19,5471,1043,10,91.67,0.15,North,1,Returned
209514,2025-02-25,5403,1010,1,86.49,0,South,4,Completed
209515,2024-05-12,5240,1052,2,318.5,0.05,North,1,Completed
209516,2025-08-25,5126,1065,1,61.91,0.05,West,6,Completed
209517,2024-06-22,5415,1015,1,249.88,0.2,North,1,Completed
209518,2024-03-11,5162,1003,2,253.61,0,South,4,Completed
209519,2025-09-11,5175,1003,8,274.23,0.1,South,3,Completed
209520,2024-03-16,5424,1012,1,218.51,0,South,2,Completed
209521,2024-09-22,5114,1013,3,128.35,0.15,North,2,Completed
209522,2025-01-10,5081,1027,5,115.14,0,North,3,Completed
209523,2025-03-15,5493,1022,1,40.18,0,West,5,Completed
209524,2025-03-06,5120,1013,8,134.54,0,East,8,Completed
209525,2024-01-06,5439,1026,3,69.39,0.05,North,2,Completed
209526,2024-02-11,5147,1068,3,197.46,0.05,West,8,Completed
209527,2025-03-17,5148,1002,6,75.59,0.1,South,4,Completed
209528,2025-03-08,5343,1059,1,138.82,0,South,6,Completed
209529,2024-06-09,5161,1029,10,193.13,0,West,5,Completed
209530,2024-09-21,5223,1038,2,202.03,0,East,5,Completed
209531,2024-08-11,5316,1001,1,158.55,0.15,North,4,Returned
209532,2024-08-17,5071,1065,1,63.84,0,South,3,Completed
209533,2025-08-30,5103,1003,5,258.1,0,East,3,Completed
209534,2025-09-18,5028,1037,6,143.5,0.2,East,3,Completed
209535,2024-03-09,5209,1048,1,294.43,0.05,South,2,Completed
209536,2024-05-20,5026,1002,1,75.1,0.1,North,4,Completed
209537,2024-09-30,5467,1069,1,181.66,0.1,North,3,Completed
209538,2025-09-24,5431,1022,1,36.76,0.05,West,3,Completed
209539,2024-10-01,5298,1036,1,259.25,0,North,3,Completed
209540,2025-04-30,5272,1062,1,179.8,0.2,North,3,Completed
209541,2024-11-07,5467,1049,10,25.49,0,North,5,Completed
209542,2025-11-30,5299,1053,4,204.23,0.05,West,3,Completed
209543,2025-08-17,5415,1059,1,131.51,0.15,North,3,Completed
209544,2025-01-04,5455,1025,1,192.24,0.15,South,2,Completed
209545,2024-02-04,5065,1052,10,323.04,0.05,West,3,Completed
209546,2024-05-02,5164,1068,1,196.21,0.1,West,,Cancelled
209547,2024-03-06,5236,1047,10,201.19,0,West,4,Completed
209548,2025-06-07,5277,1035,3,218.47,0,East,4,Completed
209549,2025-05-21,5087,1067,4,224.63,0,North,4,Completed
209550,2025-05-05,5197,1009,5,201.43,0,East,6,Completed
209551,2025-11-12,5069,1048,3,316.84,0.1,East,3,Completed
209552,2024-07-01,5118,1021,1,113.45,0.1,North,,Cancelled
209553,2025-04-09,5019,1012,1,239.87,0,South,4,Returned
209554,2024-06-20,5267,1027,6,111.49,0.05,North,2,Completed
209555,2024-11-14,5077,1027,3,114.28,0.05,North,4,Completed
209556,2024-10-04,5041,1067,2,213.77,0.1,East,4,Completed
209557,2024-01-24,5246,1026,6,68.26,0,West,5,Completed
209558,2025-05-06,5286,1038,1,206.45,0,South,4,Completed
209559,2025-09-29,5372,1007,1,149.79,0,South,2,Completed
209560,2024-09-25,5081,1063,6,211.62,0,North,4,Completed
209561,2024-10-01,5328,1062,1,192.04,0.05,South,5,Completed
209562,2025-10-29,5445,1058,3,215.96,0.15,West,8,Completed
209563,2024-05-25,5192,1008,2,113.59,0,North,4,Completed
209564,2024-04-29,5045,1039,2,176.97,0.1,East,3,Completed
209565,2025-07-15,5283,1004,6,147.52,0.05,South,1,Completed
209566,2024-08-15,5074,1046,1,69.39,0.05,West,4,Completed
209567,2025-12-24,5093,1002,1,69.63,0,North,3,Completed
209568,2024-05-23,5386,1038,1,209.97,0,West,3,Completed
209569,2025-04-19,5127,1054,2,270.46,0.15,North,1,Completed
209570,2024-04-12,5362,1003,1,270.92,0,West,2,Completed
209571,2025-11-13,5084,1028,2,248.12,0,North,3,Completed
209572,2024-11-22,5468,1034,2,136.33,0.1,North,5,Completed
209573,2025-12-22,5200,1061,1,156.99,0,North,2,Completed
209574,2024-09-13,5261,1022,6,36.62,0.15,South,7,Completed
209575,2024-05-26,5468,1063,8,214.49,0.1,North,3,Completed
209576,2025-09-03,5378,1007,2,156.77,0,West,2,Returned
209577,2024-01-05,5444,1011,1,35.78,0.05,South,1,Completed
209578,2025-06-27,5442,1008,2,114.03,0.1,North,4,Completed
209579,2025-01-05,5175,1069,1,183.06,0,South,4,Completed
209580,2025-09-23,5080,1008,1,112.57,0,North,4,Completed
209581,2024-01-10,5328,1043,1,97.33,0.2,South,4,Completed
209582,2024-02-24,5493,1002,2,78.37,0.1,West,2,Completed
209583,2025-04-02,5321,1041,4,49.28,0.05,South,4,Completed
209584,2025-12-26,5138,1052,2,336.01,0,East,7,Completed
209585,2024-07-24,5471,1056,3,329.01,0.05,North,1,Completed
209586,2025-01-21,5095,1054,3,241.69,0.1,West,3,Completed
209587,2024-06-21,5207,1036,3,254.75,0,North,2,Completed
209588,2025-06-10,5277,1012,1,235.9,0,East,3,Returned
209589,2025-05-10,5405,1009,1,213.74,0,West,6,Completed
209590,2025-03-20,5058,1031,1,230.97,0,North,8,Completed
209591,2024-08-22,5301,1052,2,329.82,0,West,3,Completed
209592,2025-11-11,5031,1038,3,224.66,0,South,6,Completed
209593,2025-11-11,5214,1001,2,164.05,0,South,3,Completed
209594,2025-06-16,5320,1028,1,242.56,0,West,5,Completed
209595,2025-11-07,5078,1006,5,209.78,0.1,West,3,Completed
209596,2024-07-12,5272,1054,3,241.02,0,North,4,Completed
209597,2024-05-12,5408,1020,1,60.89,0,South,3,Completed
209598,2025-05-31,5102,1016,6,59.7,0.05,East,5,Completed
209599,2024-06-15,5318,1071,1,121.26,0,East,3,Returned
209600,2024-06-26,5318,1029,1,205.76,0.1,East,6,Completed
209601,2025-10-11,5430,1038,3,205.5,0,South,3,Completed
209602,2025-02-20,5455,1011,1,33.9,0.1,South,5,Completed
209603,2024-10-09,5262,1064,5,93.73,0,South,2,Completed
209604,2025-05-05,5070,1020,1,63.18,0,South,5,Completed
209605,2025-02-24,5289,1014,2,33.59,0,West,2,Completed
209606,2025-01-15,5321,1066,3,169.66,0,South,3,Completed
209607,2024-04-25,5360,1031,1,238.08,0.05,East,5,Completed
209608,2025-02-04,5315,1058,4,203.44,0,West,5,Completed
209609,2025-04-30,5012,1064,3,99.09,0.05,North,6,Completed
209610,2025-04-15,5121,1060,1,125.28,0.05,West,4,Completed
209611,2025-11-01,5292,1041,1,45.01,0.15,West,2,Returned
209612,2024-07-20,5137,1032,1,230.09,0,South,4,Completed
209613,2024-09-06,5149,1039,2,178.8,0,West,3,Completed
209614,2025-11-10,5383,1012,2,236.05,0.05,West,3,Returned
209615,2025-07-19,5129,1040,3,272.92,0,South,4,Completed
209616,2025-06-11,5470,1049,2,23.67,0.15,East,3,Completed
209617,2024-02-24,5076,1062,1,179.54,0.1,South,3,Completed
209618,2025-05-23,5487,1029,3,191.55,0.15,West,3,Completed
209619,2024-04-16,5210,1044,3,133.09,0.1,South,2,Completed
209620,2025-03-04,5495,1069,1,168.99,0,North,2,Completed
209621,2024-06-23,5335,1072,2,75.11,0.05,East,1,Completed
209622,2024-04-21,5326,1002,2,75.92,0,South,4,Completed
209623,2025-11-15,5376,1022,2,38.26,0.2,West,4,Completed
209624,2024-04-21,5018,1068,3,211.74,0.1,North,3,Completed
209625,2024-05-26,5297,1063,1,217.36,0,East,3,Completed
209626,2024-10-24,5283,1021,2,119.95,0.05,South,7,Completed
209627,2024-12-31,5439,1033,1,144.22,0,North,4,Completed
209628,2024-01-23,5197,1003,2,263.39,0,East,,Cancelled
209629,2025-05-21,5244,1059,1,128.29,0,West,5,Completed
209630,2025-03-26,5206,1032,2,236.01,0,East,4,Completed
209631,2024-04-16,5153,1030,3,146.27,0.15,South,3,Completed
209632,2025-02-13,5048,1012,2,215.96,0,South,4,Completed
209633,2025-02-11,5117,1072,5,77.77,0.05,North,4,Completed
209634,2024-12-14,5103,1060,1,124.36,0.05,East,3,Completed
209635,2024-08-09,5495,1013,5,132.01,0,North,2,Completed
209636,2024-03-15,5012,1061,5,145.51,0.05,North,,Cancelled
209637,2025-11-16,5342,1060,1,121.37,0.05,South,3,Completed
209638,2025-09-21,5177,1032,1,219.66,0,South,3,Completed
209639,2025-12-10,5422,1053,4,202.72,0,West,3,Completed
209640,2024-01-07,5353,1020,4,58.21,0,South,4,Completed
209641,2024-08-17,5190,1003,1,268.44,0.15,South,1,Completed
209642,2024-02-14,5187,1063,2,227.33,0.15,East,6,Completed
209643,2025-05-06,5068,1030,1,133.16,0,West,3,Completed
209644,2025-01-01,5427,1067,1,215.73,0,North,5,Completed
209645,2025-09-26,5438,1008,2,115.04,0,North,3,Completed
209646,2025-03-08,5374,1013,2,128.48,0.05,West,4,Completed
209647,2024-04-15,5061,1044,2,130.17,0,North,3,Completed
209648,2025-07-02,5105,1047,2,191.61,0.2,West,1,Completed
209649,2024-02-04,5343,1061,3,141.13,0.05,South,6,Completed
209650,2025-01-10,5352,1034,1,137.37,0.1,West,2,Completed
209651,2024-06-07,5045,1047,4,191.07,0,East,2,Completed
209652,2024-07-24,5063,1032,3,236.33,0,North,,Cancelled
209653,2024-05-02,5270,1008,5,115.83,0.05,North,4,Completed
209654,2025-04-09,5395,1025,1,205.7,0.2,East,,Cancelled
209655,2024-06-14,5010,1004,2,151.76,0.15,West,,Cancelled
209656,2025-01-30,5176,1066,2,178.59,0.05,North,2,Completed
209657,2024-06-03,5016,1050,1,77.05,0.05,East,6,Completed
209658,2024-06-13,5475,1004,1,158.4,0.2,West,3,Completed
209659,2024-06-01,5408,1041,1,45.57,0.1,South,4,Completed
209660,2024-06-27,5120,1002,1,70.7,0,East,,Cancelled
209661,2025-09-08,5425,1009,1,202.5,0,East,1,Completed
209662,2024-11-07,5337,1037,2,129.97,0,North,5,Completed
209663,2024-07-23,5107,1065,3,64.98,0,East,3,Completed
209664,2025-01-11,5237,1052,2,323.34,0.1,East,5,Completed
209665,2025-12-25,5455,1039,2,193.94,0,South,5,Completed
209666,2025-06-06,5362,1037,6,129.03,0,West,4,Completed
209667,2025-02-05,5056,1062,2,172.97,0,East,3,Completed
209668,2025-05-07,5369,1011,3,33.01,0,West,3,Completed
209669,2024-12-02,5415,1066,2,169.41,0.05,North,1,Completed
209670,2024-04-21,5048,1002,2,75.15,0.15,South,1,Completed
209671,2025-09-08,5342,1014,2,36.66,0,South,4,Completed
209672,2024-11-08,5286,1032,1,233.04,0,South,3,Completed
209673,2025-06-29,5244,1009,2,213.45,0.1,West,1,Returned
209674,2024-02-26,5134,1041,2,47.63,0.1,North,5,Completed
209675,2024-06-24,5341,1006,6,206.34,0.05,South,4,Completed
209676,2025-09-20,5421,1027,6,105.17,0,East,3,Completed
209677,2024-08-14,5252,1066,5,163.05,0,West,2,Completed
209678,2024-09-02,5083,1026,1,62.53,0.15,West,4,Completed
209679,2025-10-13,5282,1050,1,81.62,0,East,3,Completed
209680,2024-03-06,5216,1013,1,124.5,0,West,5,Completed
209681,2025-08-23,5199,1018,2,315.05,0,North,7,Completed
209682,2025-06-28,5493,1010,3,87.23,0.05,West,3,Returned
209683,2025-09-06,5405,1050,2,75.96,0,West,7,Completed
209684,2025-03-16,5251,1013,2,133.45,0,East,3,Completed
209685,2025-03-18,5030,1070,2,225.08,0,South,,Cancelled
209686,2024-02-22,5475,1004,2,158.45,0.1,West,3,Completed
209687,2025-04-09,5018,1061,1,154.33,0,North,1,Completed
209688,2024-12-04,5158,1032,4,216.21,0,East,2,Completed
209689,2025-12-18,5134,1063,1,211.19,0,North,4,Completed
209690,2025-03-27,5280,1006,5,204.19,0.15,East,5,Completed
209691,2025-11-25,5166,1011,2,33.14,0.05,East,5,Completed
209692,2025-08-24,5237,1056,4,321.15,0.15,East,4,Completed
209693,2025-05-17,5121,1034,2,134.12,0,West,,Cancelled
209694,2025-02-09,5403,1011,3,34.85,0,South,1,Completed
209695,2024-11-30,5007,1031,5,254.21,0.15,East,,Cancelled
209696,2025-07-01,5007,1064,1,101.13,0.1,East,5,Completed
209697,2025-03-17,5012,1060,1,121.7,0.2,North,1,Completed
209698,2024-07-14,5068,1051,1,239.19,0,West,2,Completed
209699,2024-02-14,5340,1045,1,106.24,0,North,4,Completed
209700,2025-07-10,5294,1032,3,219.98,0,West,2,Completed
209701,2025-08-01,5260,1033,2,145.88,0.05,South,3,Completed
209702,2025-04-13,5062,1014,1,36.32,0.05,West,3,Completed
209703,2024-11-22,5275,1059,2,137.97,0,South,5,Completed
209704,2024-05-07,5393,1007,2,151.2,0.15,South,4,Completed
209705,2025-02-28,5349,1017,1,75.9,0.15,South,6,Completed
209706,2025-09-08,5188,1052,1,308.84,0.05,West,4,Completed
209707,2024-09-05,5030,1008,3,117.05,0,South,2,Completed
209708,2024-05-12,5244,1040,2,273.56,0.2,West,2,Completed
209709,2025-08-01,5377,1062,6,185.43,0,West,4,Completed
209710,2024-09-10,5268,1044,5,147.46,0.05,East,1,Completed
209711,2025-09-24,5455,1031,3,246.82,0,South,3,Returned
209712,2025-09-19,5387,1024,1,112.93,0,West,4,Completed
209713,2024-02-21,5087,1042,4,16.07,0,North,6,Completed
209714,2024-04-07,5061,1021,5,115.45,0.1,North,5,Completed
209715,2024-09-22,5087,1013,5,130.44,0,North,3,Completed
209716,2024-09-11,5490,1037,1,141.11,0,West,4,Completed
209717,2024-07-15,5455,1038,3,205.94,0,South,4,Completed
209718,2025-04-22,5090,1008,3,108.89,0,North,4,Completed
209719,2025-08-20,5016,1071,3,130.9,0.1,East,1,Completed
209720,2025-02-19,5277,1011,2,35.88,0,East,2,Completed
209721,2025-01-16,5300,1032,8,228.26,0,South,1,Completed
209722,2024-10-22,5415,1028,2,267.54,0,North,3,Completed
209723,2025-11-18,5177,1037,3,136.56,0,South,3,Completed
209724,2025-05-15,5210,1026,1,70.17,0.05,South,4,Completed
209725,2024-01-09,5046,1030,1,136.35,0,North,8,Completed
209726,2025-01-21,5090,1022,3,39.54,0.1,North,3,Completed
209727,2025-01-09,5279,1015,2,230.33,0,South,2,Completed
209728,2025-05-28,5240,1068,2,189.07,0.05,North,4,Completed
209729,2025-01-18,5158,1059,1,139.46,0.1,East,5,Completed
209730,2025-10-09,5355,1041,1,47.27,0,South,5,Completed
209731,2024-04-29,5404,1014,4,33.69,0.05,North,4,Completed
209732,2024-06-03,5182,1065,5,67.64,0.15,West,3,Completed
209733,2025-07-18,5053,1006,4,205.11,0.1,North,3,Completed
209734,2025-02-20,5026,1050,3,74.33,0.1,North,3,Completed
209735,2024-02-29,5049,1035,3,228.81,0,East,6,Completed
209736,2025-02-05,5455,1071,2,120.42,0,South,5,Completed
209737,2024-01-17,5135,1063,1,217.75,0.05,East,2,Returned
209738,2025-11-07,5311,1034,2,145.02,0,East,4,Completed
209739,2024-02-18,5194,1004,2,151.35,0,East,4,Completed
209740,2024-03-15,5238,1004,6,157.99,0,East,3,Completed
209741,2024-10-31,5388,1044,10,142.59,0.15,East,3,Completed
209742,2024-08-15,5270,1043,1,98.07,0,North,6,Completed
209743,2025-11-28,5177,1066,2,165.83,0.05,South,5,Returned
209744,2024-08-02,5328,1039,1,192.98,0.2,South,,Cancelled
209745,2024-04-27,5181,1012,2,238.84,0.15,East,4,Completed
209746,2025-03-06,5197,1019,3,110.85,0,East,1,Completed
209747,2024-01-08,5219,1053,2,212.29,0.05,North,2,Completed
209748,2025-08-13,5330,1009,1,208.03,0,South,8,Completed
209749,2025-01-15,5272,1019,1,104.53,0.1,North,3,Completed
209750,2025-02-27,5414,1057,1,73.58,0.05,North,6,Completed
209751,2024-05-13,5060,1003,2,244.96,0.1,South,7,Completed
209752,2025-03-05,5302,1030,3,140.76,0,West,8,Completed
209753,2025-09-16,5128,1009,1,220.55,0.05,West,2,Completed
209754,2024-05-24,5269,1035,2,228.97,0.05,North,5,Completed
209755,2024-10-26,5233,1064,10,96.78,0,East,3,Completed
209756,2025-06-04,5119,1061,1,152.8,0.05,North,,Cancelled
209757,2025-12-01,5302,1007,1,150.99,0,West,3,Completed
209758,2025-04-17,5191,1064,2,95.53,0.05,East,5,Completed
209759,2024-06-17,5268,1047,1,213.95,0,East,4,Completed
209760,2025-02-22,5225,1019,4,104.99,0,North,3,Completed
209761,2025-04-26,5394,1056,1,315.92,0.15,West,8,Completed
209762,2025-05-28,5376,1060,2,118.54,0.15,West,4,Completed
209763,2025-11-29,5251,1066,1,165.65,0.05,East,3,Completed
209764,2024-05-04,5080,1038,2,217.16,0.15,North,3,Returned
209765,2024-06-23,5244,1056,2,345.85,0.1,West,8,Completed
209766,2025-05-12,5071,1047,4,197.56,0,South,1,Completed
209767,2025-09-13,5221,1047,1,214.43,0,North,4,Completed
209768,2024-08-22,5305,1045,2,108.3,0.15,West,6,Completed
209769,2024-02-17,5186,1032,2,235.64,0.15,North,3,Completed
209770,2024-08-24,5279,1027,2,104.16,0,South,2,Completed
209771,2025-01-07,5146,1023,2,203.69,0.05,South,,Cancelled
209772,2025-11-13,5382,1043,3,89.86,0.15,East,6,Completed
209773,2024-05-08,5232,1047,4,200.68,0,West,3,Completed
209774,2024-09-09,5193,1014,4,33.46,0.15,West,6,Completed
209775,2024-02-13,5134,1047,1,202.81,0.15,North,,Cancelled
209776,2024-01-10,5184,1008,2,122.86,0,South,7,Completed
209777,2024-11-10,5336,1067,2,224.74,0.1,South,2,Completed
209778,2024-11-23,5369,1055,8,281.69,0.05,West,3,Completed
209779,2025-07-21,5016,1033,6,157.3,0,East,2,Completed
209780,2025-03-29,5244,1003,1,250.22,0.15,West,1,Completed
209781,2024-10-13,5418,1012,2,230.36,0.15,West,3,Completed
209782,2025-06-24,5023,1050,3,78.2,0,North,6,Completed
209783,2025-05-26,5140,1052,8,333.34,0.15,East,6,Completed
209784,2024-02-03,5001,1045,2,118.64,0.15,South,1,Completed
209785,2025-03-04,5335,1020,3,63.15,0,East,2,Returned
209786,2025-01-27,5309,1002,2,76.74,0.15,West,4,Completed
209787,2024-11-11,5299,1007,1,160.39,0,West,3,Completed
209788,2024-12-23,5361,1036,1,239.66,0.05,North,1,Completed
209789,2024-05-30,5246,1038,5,200.47,0,West,1,Completed
209790,2024-05-13,5117,1042,4,17.72,0.15,North,6,Completed
209791,2024-06-04,5176,1028,6,258.39,0.15,North,5,Completed
209792,2024-02-10,5104,1061,2,149.9,0.1,South,3,Completed
209793,2025-03-09,5328,1054,1,259.13,0,South,3,Completed
209794,2025-12-16,5336,1067,5,211.92,0,South,4,Completed
209795,2025-03-07,5332,1029,1,192.93,0.05,North,,Cancelled
209796,2025-07-01,5088,1052,1,328.06,0.1,East,7,Completed
209797,2024-03-29,5169,1004,1,143.39,0,East,4,Completed
209798,2025-05-11,5441,1013,3,129.47,0,South,,Cancelled
209799,2025-10-14,5047,1014,3,33.46,0.05,North,5,Completed
209800,2024-08-03,5268,1067,1,221.69,0,East,2,Completed
209801,2025-08-10,5045,1048,1,301.24,0.05,East,2,Completed
209802,2025-04-05,5185,1031,1,252.68,0,East,3,Completed
209803,2025-10-29,5425,1042,8,17.8,0,East,5,Completed
209804,2025-07-27,5298,1041,3,48.76,0.05,North,4,Completed
209805,2025-08-16,5409,1040,3,262.63,0.1,West,1,Completed
209806,2025-05-04,5121,1062,4,182.34,0,West,3,Completed
209807,2025-10-09,5100,1072,1,82.22,0.1,West,8,Completed
209808,2024-08-18,5092,1050,3,74.26,0,South,3,Completed
209809,2024-01-13,5304,1063,5,213.72,0,East,4,Completed
209810,2024-09-03,5088,1020,1,59.27,0.05,East,5,Completed
209811,2025-05-11,5356,1042,1,16.8,0,East,,Cancelled
209812,2025-06-25,5220,1064,1,104.86,0,West,6,Completed
209813,2024-02-15,5193,1068,2,209.89,0,West,2,Completed
209814,2024-11-10,5119,1014,4,35.22,0.05,North,2,Completed
209815,2025-01-20,5322,1065,1,65.4,0,West,2,Completed
209816,2025-10-31,5403,1032,2,227.95,0.1,South,6,Completed
209817,2024-03-16,5408,1070,3,227.75,0.1,South,4,Completed
209818,2025-06-28,5236,1029,6,192.72,0.05,West,4,Returned
209819,2024-04-08,5155,1041,1,44.3,0,West,4,Completed
209820,2024-01-20,5226,1011,1,36.48,0,West,3,Completed
209821,2025-11-05,5338,1018,10,308.19,0,East,3,Completed
209822,2025-10-01,5066,1036,5,255.91,0,West,3,Completed
209823,2025-03-10,5459,1031,10,231.68,0.1,South,2,Returned
209824,2025-10-21,5259,1039,3,175.51,0.1,North,3,Completed
209825,2025-10-06,5152,1052,5,335.07,0.1,East,3,Completed
209826,2025-08-06,5043,1072,2,82.36,0,East,2,Completed
209827,2025-12-02,5346,1017,2,74.6,0,South,5,Completed
209828,2024-09-14,5259,1035,2,220.95,0.05,North,2,Completed
209829,2024-05-13,5476,1018,5,330.22,0,East,1,Completed
209830,2024-10-18,5083,1059,4,132.63,0.05,West,2,Completed
209831,2025-05-29,5408,1017,3,80.19,0.2,South,,Cancelled
209832,2024-05-20,5126,1038,1,200.51,0.1,West,3,Completed
209833,2024-12-27,5418,1001,3,173.54,0.1,West,3,Completed
209834,2025-04-07,5030,1026,2,69.44,0.05,South,4,Completed
209835,2024-12-17,5467,1023,3,191.82,0.15,North,1,Completed
209836,2025-01-10,5191,1011,1,35.37,0.15,East,6,Completed
209837,2025-04-07,5092,1065,1,64.92,0.15,South,4,Completed
209838,2024-08-01,5111,1022,1,39.29,0.05,East,5,Completed
209839,2024-12-02,5144,1038,5,212.84,0,North,4,Completed
209840,2025-04-06,5338,1001,2,162.94,0,East,4,Completed
209841,2025-10-26,5149,1037,4,129.4,0.15,West,3,Completed
209842,2025-11-21,5119,1048,1,298.16,0,North,2,Completed
209843,2024-11-19,5318,1065,2,67.01,0,East,6,Completed
209844,2024-05-10,5178,1035,1,223.27,0,East,6,Completed
209845,2024-10-04,5181,1058,8,200.93,0.15,East,,Cancelled
209846,2024-11-08,5206,1064,1,98.01,0,East,4,Completed
209847,2024-08-25,5292,1035,1,237.29,0.05,West,4,Completed
209848,2025-01-08,5485,1069,10,169.02,0,South,4,Completed
209849,2025-12-08,5136,1058,2,193.72,0.1,North,3,Completed
209850,2024-08-08,5470,1048,1,294.45,0,East,2,Completed
209851,2024-01-24,5257,1072,3,74.14,0,West,3,Completed
209852,2025-07-28,5380,1038,1,218.99,0.05,West,6,Completed
209853,2025-11-16,5284,1058,6,197.81,0.1,East,2,Completed
209854,2025-02-08,5282,1059,1,136.33,0.05,East,5,Completed
209855,2024-02-09,5499,1026,2,65.55,0.15,South,8,Completed
209856,2024-09-06,5423,1045,3,112.8,0.05,North,5,Completed
209857,2024-12-28,5424,1071,6,120.74,0.05,South,3,Completed
209858,2025-06-16,5042,1034,2,139.11,0.05,East,5,Completed
209859,2025-11-16,5177,1016,1,59.23,0.05,South,6,Completed
209860,2025-03-24,5207,1055,2,253.77,0.05,North,4,Completed
209861,2024-04-04,5003,1068,2,210.17,0.2,North,4,Completed
209862,2024-02-12,5221,1002,1,78.38,0,North,5,Completed
209863,2024-03-07,5121,1016,6,58.93,0.05,West,3,Completed
209864,2025-09-09,5360,1025,5,208.47,0,East,2,Completed
209865,2024-01-20,5076,1033,1,154.79,0,South,3,Completed
209866,2025-03-17,5281,1034,1,131.28,0,West,3,Completed
209867,2025-11-02,5471,1057,2,64.79,0,North,2,Completed
209868,2024-03-12,5472,1013,5,119.98,0.15,South,4,Completed
209869,2025-02-24,5038,1001,5,158.29,0.2,West,4,Completed
209870,2024-05-05,5341,1063,2,211.52,0,South,3,Returned
209871,2024-03-21,5148,1008,10,113.61,0,South,7,Completed
209872,2025-04-10,5185,1035,2,240.67,0.05,East,1,Completed
209873,2025-05-21,5429,1025,2,198.12,0.2,East,3,Completed
209874,2024-07-24,5274,1072,3,75.49,0,South,6,Completed
209875,2024-06-22,5386,1006,4,213.77,0,West,4,Completed
209876,2025-02-11,5181,1061,3,159.47,0,East,5,Completed
209877,2025-11-30,5089,1025,4,192.16,0,North,3,Returned
209878,2025-07-22,5242,1062,1,179.77,0,East,,Cancelled
209879,2025-05-16,5337,1002,2,71.65,0.1,North,4,Completed
209880,2025-08-07,5268,1025,2,202.47,0,East,8,Completed
209881,2025-02-13,5365,1052,2,312.93,0,South,,Cancelled
209882,2024-08-19,5181,1003,1,265.05,0,East,8,Completed
209883,2024-09-18,5456,1015,2,242.24,0,South,3,Completed
209884,2025-09-07,5053,1047,1,202.88,0.15,North,5,Completed
209885,2025-04-14,5484,1028,1,258.32,0,North,4,Completed
209886,2024-06-20,5312,1035,2,218.89,0,West,4,Completed
209887,2024-01-12,5444,1008,2,116.33,0,South,3,Completed
209888,2024-10-01,5205,1017,10,80.08,0.05,East,2,Completed
209889,2024-02-01,5475,1007,1,158.02,0,West,2,Completed
209890,2024-11-20,5458,1023,4,197.94,0.1,South,3,Completed
209891,2024-06-20,5035,1070,6,224.04,0,South,3,Completed
209892,2025-05-06,5371,1016,4,58.18,0,South,5,Completed
209893,2024-08-13,5336,1006,4,198.28,0.05,South,4,Completed
209894,2024-06-18,5210,1069,2,183.72,0.05,South,3,Completed
209895,2025-03-27,5038,1044,2,130.14,0.2,West,4,Completed
209896,2025-01-23,5015,1048,1,304.38,0.05,South,4,Completed
209897,2024-11-09,5352,1063,3,217.33,0.05,West,4,Completed
209898,2025-12-01,5378,1027,10,110.3,0,West,5,Completed
209899,2024-05-12,5125,1003,1,251.87,0.1,South,4,Returned
209900,2025-07-01,5080,1001,3,171.5,0.15,North,,Cancelled
209901,2024-05-25,5194,1024,2,122.54,0,East,8,Completed
209902,2025-08-30,5440,1002,1,74.56,0.15,North,2,Completed
209903,2024-07-12,5049,1009,10,215.92,0.05,East,5,Completed
209904,2025-10-19,5190,1062,2,183.8,0.1,South,5,Completed
209905,2025-08-05,5242,1014,1,33.51,0,East,4,Completed
209906,2025-03-06,5085,1053,1,209.77,0,North,3,Completed
209907,2025-07-30,5424,1027,6,108.73,0.1,South,2,Completed
209908,2024-07-27,5011,1009,1,212.11,0.1,North,2,Completed
209909,2025-11-03,5301,1010,3,86.32,0,West,7,Completed
209910,2024-06-28,5024,1069,5,168.31,0.1,East,4,Completed
209911,2024-01-23,5353,1029,1,184.2,0.05,South,3,Completed
209912,2025-06-27,5492,1066,1,161.74,0.05,East,5,Completed
209913,2025-04-23,5181,1054,2,242.64,0.15,East,4,Completed
209914,2024-10-04,5010,1014,1,36.58,0,West,3,Completed
209915,2024-02-20,5479,1023,4,187.93,0.05,West,1,Completed
209916,2024-03-17,5054,1047,1,209.46,0.05,East,3,Completed
209917,2024-01-20,5068,1017,2,73.29,0,West,,Cancelled
209918,2025-10-03,5141,1031,1,235.51,0.1,West,3,Completed
209919,2025-10-22,5267,1024,1,120.66,0,North,,Cancelled
209920,2024-03-12,5325,1006,3,214.12,0,West,,Cancelled
209921,2025-04-19,5186,1009,2,217.82,0.2,North,3,Completed
209922,2025-12-01,5145,1027,3,111.36,0,East,4,Completed
209923,2025-10-09,5337,1038,1,206.0,0.05,North,3,Completed
209924,2025-06-01,5137,1050,1,73.1,0.2,South,4,Completed
209925,2024-12-23,5230,1052,4,302.06,0,East,5,Completed
209926,2024-12-17,5186,1065,3,68.28,0.2,North,5,Completed
209927,2024-08-26,5319,1054,1,259.93,0.1,West,7,Returned
209928,2025-10-11,5312,1034,2,140.74,0,West,3,Completed
209929,2025-09-04,5446,1032,2,225.37,0,South,8,Completed
209930,2025-09-13,5224,1016,4,59.85,0.1,West,3,Completed
209931,2024-05-02,5032,1051,5,253.21,0.15,North,7,Completed
209932,2025-07-16,5329,1011,3,34.19,0,East,4,Completed
209933,2024-09-30,5292,1026,1,64.84,0.15,West,3,Completed
209934,2024-09-27,5347,1022,2,35.97,0,South,4,Completed
209935,2024-10-29,5227,1066,2,177.18,0.1,North,1,Completed
209936,2025-02-13,5225,1044,2,137.81,0,North,5,Completed
209937,2025-02-26,5135,1029,2,204.69,0.15,East,2,Completed
209938,2025-09-04,5237,1041,5,49.7,0.05,East,,Cancelled
209939,2024-03-01,5354,1002,2,74.89,0.15,North,2,Completed
209940,2024-02-16,5057,1051,1,238.54,0,East,1,Completed
209941,2024-01-02,5446,1015,1,225.7,0,South,3,Completed
209942,2024-06-01,5324,1018,5,308.86,0.05,East,1,Returned
209943,2024-06-27,5478,1063,1,213.87,0,West,8,Returned
209944,2024-01-13,5341,1007,1,154.03,0.05,South,2,Completed
209945,2024-02-11,5138,1002,1,74.2,0,East,3,Completed
209946,2024-02-14,5271,1052,1,328.69,0.15,South,3,Completed
209947,2025-04-09,5081,1033,3,162.3,0.05,North,4,Completed
209948,2025-04-19,5443,1023,3,208.91,0.05,West,5,Completed
209949,2024-02-17,5460,1041,2,47.67,0,East,2,Completed
209950,2025-09-28,5494,1056,2,337.83,0.1,South,2,Completed
209951,2024-08-06,5377,1043,1,92.15,0.15,West,2,Completed
209952,2024-03-17,5137,1007,2,159.89,0,South,6,Completed
209953,2024-12-18,5439,1069,1,171.35,0.05,North,7,Completed
209954,2024-04-30,5490,1030,1,142.53,0,West,6,Completed
209955,2025-09-15,5091,1058,3,213.94,0,West,5,Completed
209956,2024-08-31,5173,1058,2,196.62,0,West,5,Completed
209957,2025-03-22,5070,1030,6,143.72,0,South,2,Completed
209958,2024-03-10,5017,1071,2,122.13,0.05,North,4,Completed
209959,2024-12-07,5135,1039,1,174.67,0,East,2,Completed
209960,2024-06-19,5031,1046,2,73.12,0.05,South,4,Completed
209961,2025-01-22,5007,1058,1,208.01,0.05,East,3,Completed
209962,2025-11-06,5197,1030,4,141.63,0,East,1,Completed
209963,2024-05-20,5462,1022,1,37.92,0.1,West,3,Completed
209964,2025-08-22,5286,1054,1,269.22,0.1,South,5,Completed
209965,2025-12-29,5251,1004,1,156.48,0,East,2,Completed
209966,2024-03-01,5438,1024,3,108.27,0,North,2,Completed
209967,2024-02-20,5032,1072,8,81.24,0.1,North,2,Completed
209968,2024-07-21,5491,1001,2,163.66,0.15,South,2,Completed
209969,2024-04-17,5059,1038,2,210.1,0,North,8,Completed
209970,2025-02-07,5409,1011,1,34.06,0,West,4,Completed
209971,2024-08-15,5188,1048,1,311.36,0,West,3,Completed
209972,2024-06-28,5155,1021,3,115.62,0,West,2,Returned
209973,2024-08-20,5071,1067,3,235.9,0.15,South,3,Completed
209974,2024-08-07,5131,1052,5,338.52,0.2,South,3,Completed
209975,2025-05-11,5030,1040,1,262.44,0,South,1,Completed
209976,2024-01-15,5315,1003,1,247.14,0.1,West,1,Completed
209977,2025-10-18,5035,1056,2,329.83,0,South,4,Completed
209978,2024-01-12,5131,1032,1,240.14,0.2,South,2,Completed
209979,2025-05-30,5179,1005,1,77.83,0,East,2,Completed
209980,2024-10-17,5180,1064,1,102.54,0.05,North,6,Completed
209981,2024-09-13,5385,1031,3,233.91,0.05,South,,Cancelled
209982,2025-03-28,5043,1036,1,249.47,0.1,East,3,Completed
209983,2024-12-19,5238,1014,1,34.89,0,East,3,Completed
209984,2025-10-25,5282,1039,2,174.19,0,East,4,Completed
209985,2025-12-22,5199,1015,2,240.81,0,North,4,Completed
209986,2025-04-19,5295,1011,3,35.88,0,West,,Cancelled
209987,2024-06-04,5164,1030,5,145.28,0,West,1,Completed
209988,2024-10-01,5373,1041,2,44.37,0.05,West,2,Completed
209989,2025-02-04,5011,1002,10,78.28,0.1,North,3,Completed
209990,2024-04-07,5430,1054,2,250.42,0.1,South,6,Completed
209991,2025-10-16,5215,1005,2,82.08,0.05,South,4,Completed
209992,2025-06-17,5198,1021,6,110.45,0,West,4,Completed
209993,2025-09-11,5330,1071,2,131.75,0,South,2,Returned
209994,2025-06-08,5389,1072,2,74.06,0,North,2,Completed
209995,2025-07-24,5371,1042,1,16.38,0,South,4,Completed
209996,2024-03-07,5172,1028,1,269.55,0,East,,Cancelled
209997,2025-06-02,5035,1039,2,181.75,0,South,2,Completed
209998,2025-09-13,5416,1009,6,200.86,0.05,East,6,Completed
209999,2025-12-05,5482,1058,1,198.29,0,South,4,Returned
210000,2024-11-27,5155,1024,3,108.14,0.1,West,2,Returned
210001,2025-02-14,5352,1034,1,138.79,0,West,5,Returned
210002,2025-11-13,5249,1039,1,190.91,0,North,7,Completed
210003,2025-10-22,5207,1016,4,62.04,0.2,North,,Cancelled
210004,2025-01-04,5022,1068,1,207.67,0.15,East,4,Completed
210005,2024-01-16,5010,1025,1,189.53,0,West,8,Completed
210006,2025-04-21,5238,1069,1,164.54,0.05,East,,Cancelled
210007,2024-03-31,5386,1015,2,249.17,0.05,West,7,Returned
210008,2024-02-15,5234,1010,2,88.82,0,West,7,Completed
210009,2024-06-04,5223,1027,3,110.46,0.05,East,5,Completed
210010,2025-12-30,5300,1035,1,240.44,0.2,South,3,Returned
210011,2024-11-27,5326,1044,3,131.87,0.05,South,2,Completed
210012,2024-07-03,5453,1035,1,219.26,0,North,3,Completed
210013,2024-12-10,5327,1014,3,34.18,0.15,East,3,Completed
210014,2025-01-25,5114,1009,1,204.08,0,North,1,Completed
210015,2025-10-26,5346,1045,10,107.18,0.05,South,3,Completed
210016,2025-06-09,5443,1049,3,24.26,0.05,West,5,Completed
210017,2024-03-30,5118,1009,2,208.5,0.05,North,3,Completed
210018,2024-10-07,5131,1034,4,144.7,0,South,5,Completed
210019,2025-01-26,5248,1007,1,158.47,0,South,4,Completed
210020,2024-01-04,5065,1053,1,216.34,0.1,West,4,Completed
210021,2025-09-30,5012,1021,1,116.49,0,North,4,Completed
210022,2025-08-22,5260,1032,1,214.25,0,South,4,Completed
210023,2024-03-28,5448,1002,1,71.04,0,North,6,Completed
210024,2025-12-16,5204,1001,2,172.38,0,East,4,Completed
210025,2025-04-07,5306,1016,1,61.44,0,North,4,Completed
210026,2024-12-04,5369,1042,1,16.17,0,West,3,Returned
210027,2025-03-02,5262,1070,1,214.33,0,South,5,Completed
210028,2025-12-04,5191,1051,1,250.25,0,East,1,Completed
210029,2024-11-23,5261,1062,2,180.19,0.15,South,6,Completed
210030,2024-07-05,5120,1035,1,243.62,0.2,East,3,Completed
210031,2025-12-12,5421,1003,1,248.32,0,East,5,Completed
210032,2024-07-16,5178,1011,2,33.77,0.1,East,6,Completed
210033,2024-04-30,5388,1055,1,262.41,0,East,3,Completed
210034,2025-10-19,5433,1053,3,216.37,0.1,North,5,Completed
210035,2025-06-29,5326,1052,2,319.78,0.1,South,2,Completed
210036,2024-12-29,5203,1001,3,159.47,0.15,West,4,Completed
210037,2024-08-09,5056,1002,1,71.65,0.05,East,6,Completed
210038,2025-10-30,5145,1065,1,65.3,0.1,East,7,Completed
210039,2024-03-17,5208,1065,2,67.29,0.05,North,,Cancelled
210040,2024-03-10,5428,1001,1,165.43,0.15,East,2,Completed
210041,2025-03-05,5450,1007,4,148.04,0,West,2,Completed
210042,2024-02-08,5012,1026,1,69.15,0,North,5,Completed
210043,2024-12-28,5287,1064,1,95.96,0.05,North,1,Completed
210044,2024-01-20,5478,1072,10,80.58,0.1,West,3,Completed
210045,2025-05-22,5289,1038,4,203.59,0.1,West,3,Completed
210046,2025-12-10,5173,1034,2,139.17,0,West,4,Completed
210047,2024-11-23,5016,1038,2,215.52,0,East,2,Completed
210048,2025-12-17,5441,1072,4,82.16,0.15,South,3,Completed
210049,2025-04-26,5080,1015,4,242.1,0.15,North,4,Completed
210050,2025-10-01,5304,1047,1,209.44,0,East,5,Completed
210051,2024-11-03,5045,1060,2,126.86,0.15,East,5,Completed
210052,2025-05-06,5185,1007,5,166.34,0.05,East,,Cancelled
210053,2024-09-07,5032,1060,8,130.05,0,North,5,Completed
210054,2025-08-17,5400,1001,1,162.32,0,West,4,Completed
210055,2025-12-02,5124,1068,1,198.19,0,South,3,Completed
210056,2025-02-02,5202,1049,1,22.73,0.05,West,4,Completed
210057,2025-05-03,5257,1001,1,165.97,0,West,5,Completed
210058,2024-10-05,5182,1016,1,56.38,0,West,6,Completed
210059,2024-02-02,5270,1051,5,253.42,0,North,3,Completed
210060,2025-05-11,5188,1003,6,257.07,0.15,West,4,Completed
210061,2024-10-28,5281,1004,2,161.01,0.05,West,1,Completed
210062,2024-03-29,5366,1008,3,118.85,0.05,East,3,Completed
210063,2025-04-16,5228,1070,2,216.16,0.15,East,4,Returned
210064,2025-05-14,5033,1016,1,57.76,0.1,North,4,Completed
210065,2025-11-18,5055,1034,4,132.78,0.05,West,3,Completed
210066,2025-09-02,5071,1051,1,253.33,0.05,South,7,Completed
210067,2024-10-12,5302,1046,3,72.88,0,West,3,Completed
210068,2024-05-17,5015,1040,1,264.45,0.15,South,2,Returned
210069,2025-02-23,5472,1054,2,259.86,0.05,South,6,Completed
210070,2024-01-26,5320,1033,3,157.69,0.1,West,1,Completed
210071,2024-04-02,5297,1070,2,229.84,0.1,East,2,Completed
210072,2024-06-10,5096,1049,1,24.24,0.05,West,3,Completed
210073,2024-05-12,5137,1061,4,146.84,0,South,2,Completed
210074,2024-07-18,5302,1068,1,189.03,0.15,West,2,Completed
210075,2024-05-24,5325,1060,1,121.15,0.15,West,2,Completed
210076,2024-11-12,5066,1007,1,150.27,0.05,West,4,Completed
210077,2025-04-27,5422,1008,3,117.77,0.05,West,4,Completed
210078,2025-10-06,5293,1036,6,247.6,0,West,5,Completed
210079,2025-01-29,5296,1023,5,210.3,0.1,South,5,Completed
210080,2025-04-05,5117,1049,2,23.84,0,North,5,Completed
210081,2024-07-02,5016,1022,4,38.2,0.15,East,2,Completed
210082,2024-12-20,5303,1025,1,197.09,0,North,3,Completed
210083,2025-05-18,5455,1067,3,221.66,0,South,4,Completed
210084,2025-09-06,5313,1016,1,57.16,0.1,East,4,Completed
210085,2025-05-18,5126,1037,1,134.01,0,West,5,Completed
210086,2025-10-02,5448,1026,1,68.04,0,North,4,Completed
210087,2025-07-20,5045,1023,1,192.82,0,East,4,Completed
210088,2024-02-25,5492,1019,1,103.07,0,East,4,Returned
210089,2024-12-21,5085,1008,1,109.7,0,North,2,Completed
210090,2024-01-19,5215,1071,10,128.29,0.05,South,3,Completed
210091,2024-08-29,5003,1066,5,172.39,0.05,North,4,Returned
210092,2024-08-29,5220,1059,1,134.74,0,West,3,Completed
210093,2025-12-02,5316,1011,2,36.87,0,North,,Cancelled
210094,2025-07-25,5174,1024,1,109.51,0.15,West,3,Completed
210095,2025-06-01,5398,1022,10,36.68,0,South,5,Completed
210096,2025-04-08,5297,1061,1,146.27,0,East,5,Completed
210097,2024-03-05,5356,1048,2,308.34,0.2,East,3,Completed
210098,2025-11-26,5259,1057,1,67.57,0,North,4,Completed
210099,2024-04-28,5280,1010,2,84.91,0.05,East,3,Completed
210100,2025-07-12,5351,1002,10,79.03,0.05,North,8,Completed
210101,2024-06-08,5367,1016,1,56.84,0,East,4,Completed
210102,2024-04-19,5152,1005,1,78.96,0.1,East,6,Completed
210103,2024-07-20,5469,1026,3,66.9,0,South,1,Returned
210104,2024-02-10,5448,1059,1,141.1,0.05,North,5,Completed
210105,2025-07-19,5229,1011,2,33.37,0.05,North,2,Completed
210106,2024-06-29,5254,1055,3,275.15,0,West,6,Completed
210107,2025-11-25,5467,1062,1,187.29,0.05,North,3,Completed
210108,2025-07-17,5424,1054,4,263.9,0.05,South,4,Completed
210109,2024-11-10,5288,1003,3,261.77,0,North,4,Completed
210110,2024-08-30,5112,1006,1,202.54,0.2,South,3,Completed
210111,2025-06-15,5018,1024,1,121.0,0,North,3,Completed
210112,2024-01-07,5225,1011,2,35.24,0.1,North,,Cancelled
210113,2024-03-17,5253,1025,1,211.16,0,East,,Cancelled
210114,2024-09-12,5471,1020,1,61.3,0.05,North,4,Completed
210115,2025-08-14,5474,1046,3,67.12,0,East,1,Completed
210116,2024-01-24,5256,1029,1,190.76,0,East,2,Completed
210117,2024-01-21,5011,1044,2,144.55,0,North,6,Completed
210118,2025-04-12,5332,1057,1,70.08,0,North,,Cancelled
210119,2024-09-05,5273,1040,1,273.39,0,East,6,Returned
210120,2025-07-11,5288,1046,1,74.01,0,North,2,Completed
210121,2025-06-05,5471,1001,2,167.45,0.15,North,2,Completed
210122,2025-08-12,5088,1031,3,261.88,0.1,East,3,Completed
210123,2024-11-13,5002,1019,3,109.46,0.15,North,7,Completed
210124,2024-06-29,5456,1041,2,49.49,0.15,South,5,Completed
210125,2025-07-02,5027,1068,3,210.3,0,North,7,Completed
210126,2025-08-16,5402,1019,3,99.13,0.05,West,3,Completed
210127,2025-04-24,5048,1031,3,247.6,0,South,4,Returned
210128,2024-03-26,5091,1057,1,68.29,0,West,3,Completed
210129,2024-03-01,5414,1071,2,131.38,0,North,2,Completed
210130,2024-02-04,5445,1055,3,279.36,0.15,West,1,Completed
210131,2024-05-20,5075,1014,10,35.93,0.1,West,3,Completed
210132,2025-06-20,5079,1031,1,239.35,0.15,North,4,Completed
210133,2025-10-24,5356,1030,6,131.24,0,East,3,Completed
210134,2024-08-10,5024,1014,6,35.37,0,East,5,Completed
210135,2025-12-14,5111,1061,4,155.82,0,East,3,Completed
210136,2025-08-04,5241,1003,1,269.11,0,West,3,Completed
210137,2025-09-28,5003,1044,2,131.92,0,North,4,Completed
210138,2025-05-12,5425,1038,2,222.33,0.1,East,4,Completed
210139,2024-07-23,5147,1035,2,242.7,0,West,5,Completed
210140,2024-04-13,5213,1065,1,69.04,0.05,North,3,Completed
210141,2024-09-20,5412,1041,2,46.07,0,East,4,Completed
210142,2025-08-19,5240,1017,2,74.46,0,North,2,Completed
210143,2024-01-04,5036,1013,3,124.87,0,East,5,Completed
210144,2024-06-25,5314,1022,3,37.8,0,North,2,Completed
210145,2025-01-10,5231,1021,1,111.58,0,East,3,Completed
210146,2025-04-10,5310,1041,1,46.1,0.05,North,6,Completed
210147,2024-02-19,5172,1002,3,76.51,0,East,3,Completed
210148,2025-12-01,5082,1049,2,23.8,0,East,2,Completed
210149,2025-06-08,5260,1018,1,306.34,0,South,4,Completed
210150,2024-10-16,5157,1029,6,201.53,0.1,West,5,Completed
210151,2025-11-09,5009,1014,3,33.53,0.1,North,3,Completed
210152,2025-09-04,5124,1032,2,225.19,0,South,3,Completed
210153,2024-07-24,5208,1062,1,189.95,0.05,North,,Cancelled
210154,2025-08-08,5351,1031,4,258.6,0,North,,Cancelled
210155,2024-09-17,5042,1002,6,73.41,0.05,East,6,Completed
210156,2024-10-01,5215,1008,2,113.03,0.15,South,5,Completed
210157,2025-09-23,5132,1049,1,22.81,0,East,3,Completed
210158,2025-01-03,5008,1006,5,201.65,0,West,6,Completed
210159,2024-12-12,5321,1012,8,213.0,0,South,1,Completed
210160,2024-10-10,5426,1040,1,287.58,0.1,North,3,Returned
210161,2025-08-16,5273,1072,2,73.11,0,East,3,Completed
210162,2025-08-08,5132,1063,3,226.36,0.05,East,7,Completed
210163,2025-06-02,5113,1042,8,15.91,0.2,North,3,Completed
210164,2025-03-30,5262,1021,1,117.23,0,South,4,Returned
210165,2024-04-15,5491,1021,3,120.95,0,South,7,Completed
210166,2025-12-25,5471,1004,3,162.64,0.1,North,5,Completed
210167,2025-04-01,5475,1016,4,55.26,0.1,West,4,Completed
210168,2024-09-03,5120,1005,1,82.68,0,East,5,Returned
210169,2024-08-08,5262,1014,3,32.84,0.1,South,1,Completed
210170,2024-10-17,5300,1037,5,129.89,0,South,3,Completed
210171,2025-09-02,5032,1024,1,109.55,0,North,4,Completed
210172,2024-08-05,5392,1043,1,88.98,0,North,8,Completed
210173,2025-05-07,5447,1049,1,24.49,0.1,West,,Cancelled
210174,2025-05-01,5434,1017,2,78.51,0,North,3,Completed
210175,2025-12-31,5335,1042,3,17.54,0.05,East,,Cancelled
210176,2024-05-11,5031,1045,1,114.39,0,South,4,Completed
210177,2024-03-16,5218,1030,8,131.21,0,North,,Cancelled
210178,2025-04-14,5163,1054,2,262.3,0,East,1,Completed
210179,2024-05-05,5461,1039,2,180.13,0.1,West,6,Returned
210180,2024-07-31,5045,1046,8,69.0,0.2,East,5,Completed
210181,2025-09-08,5072,1055,2,280.89,0.15,West,4,Completed
210182,2025-02-25,5461,1058,3,193.77,0.05,West,8,Completed
210183,2025-05-30,5286,1023,1,187.97,0.1,South,2,Completed
210184,2025-08-27,5125,1064,3,92.84,0,South,6,Completed
210185,2024-02-13,5494,1062,1,175.29,0,South,6,Completed
210186,2024-12-30,5038,1048,3,291.17,0,West,2,Completed
210187,2025-06-03,5477,1061,6,155.1,0.05,South,8,Completed
210188,2025-12-01,5194,1002,3,78.37,0.15,East,1,Completed
210189,2024-02-15,5482,1026,4,63.62,0.2,South,5,Completed
210190,2024-10-04,5128,1045,2,117.18,0,West,5,Completed
210191,2025-05-12,5134,1033,2,158.99,0,North,4,Completed
210192,2025-10-17,5466,1041,3,46.07,0,East,2,Completed
210193,2025-08-03,5337,1037,3,136.62,0,North,8,Completed
210194,2025-05-11,5210,1035,1,240.39,0,South,4,Completed
210195,2024-08-13,5419,1072,1,75.84,0.05,South,4,Completed
210196,2025-09-02,5429,1063,1,222.81,0,East,2,Completed
210197,2025-10-13,5329,1061,1,145.12,0.2,East,5,Completed
210198,2025-03-25,5031,1010,3,93.28,0.05,South,2,Completed
210199,2025-09-30,5021,1044,2,142.7,0,East,6,Completed
210200,2024-12-06,5092,1069,3,167.32,0.1,South,3,Completed
210201,2025-03-13,5060,1010,1,93.35,0,South,3,Completed
210202,2024-08-09,5161,1013,6,126.67,0,West,4,Completed
210203,2024-12-13,5101,1049,1,25.28,0,East,6,Completed
210204,2024-12-05,5198,1007,1,158.55,0.15,West,2,Completed
210205,2025-01-24,5163,1019,2,108.48,0.05,East,5,Completed
210206,2024-04-03,5257,1048,2,289.91,0,West,3,Completed
210207,2024-03-20,5264,1060,4,115.68,0.05,West,3,Completed
210208,2025-02-05,5004,1064,6,101.2,0,South,5,Completed
210209,2024-04-17,5337,1055,2,256.34,0,North,2,Returned
210210,2024-05-30,5161,1009,1,209.42,0,West,4,Completed
210211,2024-11-13,5123,1052,1,314.2,0.05,East,4,Completed
210212,2025-07-10,5183,1049,4,22.97,0.1,North,6,Completed
210213,2024-11-20,5309,1068,1,190.94,0,West,3,Completed
210214,2024-07-01,5049,1033,5,151.2,0.15,East,6,Completed
210215,2024-12-28,5167,1014,1,35.32,0.1,West,1,Completed
210216,2024-11-24,5015,1038,1,208.92,0,South,1,Completed
210217,2024-10-27,5230,1048,2,306.8,0.05,East,7,Completed
210218,2024-03-10,5177,1042,2,16.56,0,South,4,Completed
210219,2024-06-02,5053,1061,2,149.36,0,North,4,Completed
210220,2025-05-15,5308,1020,1,59.99,0.05,North,3,Completed
210221,2024-09-02,5432,1026,1,70.13,0,South,4,Completed
210222,2025-02-10,5412,1058,2,197.17,0,East,4,Completed
210223,2025-03-30,5079,1017,1,80.14,0,North,1,Completed
210224,2025-06-30,5045,1023,2,209.57,0.1,East,4,Completed
210225,2025-10-27,5232,1024,2,116.23,0.1,West,2,Completed
210226,2024-04-04,5357,1015,2,232.61,0.05,East,1,Completed
210227,2025-10-19,5071,1042,1,16.5,0.1,South,4,Completed
210228,2024-08-01,5203,1040,5,273.9,0,West,4,Returned
210229,2025-08-12,5486,1002,2,78.49,0,West,1,Completed
210230,2025-12-20,5396,1056,3,337.18,0,South,6,Completed
210231,2024-12-02,5444,1021,1,120.24,0,South,2,Completed
210232,2025-07-26,5101,1041,3,44.22,0,East,3,Completed
210233,2024-10-29,5269,1035,2,247.59,0.1,North,1,Completed
210234,2024-11-11,5439,1024,3,116.75,0.05,North,2,Completed
210235,2024-09-05,5099,1012,5,236.0,0.15,North,2,Returned
210236,2024-02-04,5330,1066,5,177.4,0.2,South,5,Completed
210237,2025-07-09,5082,1029,1,192.12,0.05,East,8,Completed
210238,2025-09-14,5235,1023,6,204.58,0.2,East,3,Completed
210239,2024-11-20,5499,1016,2,58.26,0.15,South,5,Returned
210240,2024-03-15,5225,1049,10,24.02,0.1,North,5,Completed
210241,2025-03-03,5448,1063,8,236.17,0.1,North,2,Completed
210242,2024-01-28,5149,1054,2,241.74,0.15,West,1,Completed
210243,2024-04-07,5070,1012,1,222.77,0.1,South,5,Completed
210244,2025-02-09,5339,1028,5,243.7,0,South,5,Completed
210245,2024-10-13,5327,1019,6,107.39,0.15,East,7,Returned
210246,2025-01-19,5333,1019,6,107.71,0,South,5,Returned
210247,2024-11-07,5493,1037,4,138.44,0.2,West,3,Completed
210248,2024-07-20,5088,1010,3,85.32,0,East,1,Completed
210249,2024-10-22,5156,1071,1,122.53,0,North,3,Completed
210250,2024-06-22,5202,1024,3,120.57,0.1,West,3,Completed
210251,2025-05-10,5253,1020,4,59.43,0,East,2,Completed
210252,2025-06-29,5011,1034,1,143.84,0,North,8,Completed
210253,2025-10-15,5466,1019,1,106.25,0.05,East,3,Completed
210254,2025-07-26,5286,1037,4,138.91,0,South,3,Completed
210255,2025-05-19,5305,1071,5,134.29,0.05,West,4,Completed
210256,2024-04-18,5296,1033,6,159.07,0,South,,Cancelled
210257,2024-04-05,5349,1057,1,70.11,0,South,2,Completed
210258,2024-04-20,5289,1028,3,269.73,0,West,6,Completed
210259,2025-11-20,5428,1050,1,80.8,0.15,East,3,Completed
210260,2025-02-15,5340,1043,1,94.63,0.05,North,4,Completed
210261,2024-03-22,5144,1041,1,46.3,0,North,,Cancelled
210262,2025-04-16,5437,1019,1,103.04,0.05,West,3,Completed
210263,2025-10-01,5307,1040,4,266.45,0,West,3,Completed
210264,2025-08-18,5347,1036,1,242.92,0.15,South,6,Completed
210265,2025-09-25,5180,1035,1,226.46,0,North,2,Completed
210266,2024-06-26,5342,1002,3,76.65,0,South,5,Completed
210267,2025-09-03,5340,1072,2,76.22,0,North,3,Completed
210268,2025-09-14,5003,1067,3,222.3,0.1,North,4,Completed
210269,2025-04-21,5061,1048,4,300.35,0,North,3,Completed
210270,2025-08-13,5500,1055,3,258.93,0.15,West,5,Completed
210271,2024-05-27,5373,1066,2,170.1,0.1,West,8,Completed
210272,2025-05-26,5159,1017,3,73.79,0.2,South,3,Completed
210273,2024-03-06,5085,1065,1,68.33,0,North,3,Completed
210274,2025-05-16,5316,1030,3,141.79,0.1,North,7,Completed
210275,2024-02-05,5431,1018,1,312.96,0,West,5,Completed
210276,2025-05-21,5440,1030,3,137.44,0.1,North,5,Completed
210277,2024-11-09,5499,1065,2,68.1,0,South,3,Completed
210278,2025-01-14,5211,1004,8,152.37,0.1,South,4,Completed
210279,2025-01-04,5461,1061,3,156.38,0.2,West,4,Completed
210280,2025-06-25,5043,1069,8,176.02,0.05,East,1,Completed
210281,2024-09-14,5144,1065,2,69.09,0,North,4,Completed
210282,2025-01-04,5274,1025,2,188.42,0.15,South,3,Completed
210283,2025-11-25,5279,1018,6,306.67,0,South,1,Completed
210284,2024-10-09,5385,1036,1,238.5,0,South,6,Completed
210285,2024-06-06,5145,1050,1,78.91,0.1,East,4,Completed
210286,2025-07-08,5424,1040,2,289.08,0,South,3,Completed
210287,2024-08-21,5409,1023,1,195.53,0,West,4,Completed
210288,2025-05-26,5013,1048,1,321.11,0,South,8,Completed
210289,2025-06-05,5067,1005,1,82.77,0,East,6,Returned
210290,2024-05-27,5132,1012,2,238.4,0.15,East,,Cancelled
210291,2024-10-25,5353,1006,2,195.16,0,South,1,Completed
210292,2024-05-07,5086,1004,2,146.36,0,North,2,Completed
210293,2025-12-12,5072,1067,1,236.7,0.1,West,2,Completed
210294,2025-03-26,5289,1017,5,73.36,0.15,West,2,Completed
210295,2025-12-08,5057,1069,4,162.47,0.1,East,4,Returned
210296,2025-08-20,5487,1035,1,219.51,0.15,West,1,Completed
210297,2025-01-08,5378,1028,10,267.03,0.15,West,5,Completed
210298,2024-10-10,5261,1028,2,250.93,0.2,South,3,Completed
210299,2025-09-27,5259,1059,3,136.0,0.05,North,2,Completed
210300,2025-02-24,5208,1011,1,35.46,0,North,2,Completed
210301,2024-08-16,5223,1056,3,317.25,0.05,East,7,Completed
210302,2025-01-26,5258,1059,4,134.96,0,East,3,Completed
210303,2024-03-29,5432,1041,5,46.41,0.15,South,3,Completed
210304,2024-10-30,5402,1042,4,16.32,0,West,5,Completed
210305,2025-02-26,5137,1015,1,248.19,0,South,,Cancelled
210306,2025-11-16,5092,1015,1,228.81,0,South,4,Completed
210307,2024-06-10,5444,1025,6,194.27,0,South,2,Completed
210308,2024-04-05,5485,1038,4,204.32,0,South,1,Returned
210309,2025-06-25,5419,1043,1,94.41,0.1,South,5,Completed
210310,2025-10-26,5331,1034,6,136.98,0.15,East,4,Completed
210311,2025-10-26,5126,1049,10,25.33,0,West,3,Completed
210312,2024-11-29,5454,1069,1,181.5,0.2,North,1,Completed
210313,2024-06-02,5357,1013,1,132.04,0.15,East,5,Completed
210314,2024-12-12,5204,1066,2,170.73,0,East,2,Completed
210315,2025-05-16,5045,1061,2,143.88,0,East,2,Completed
210316,2025-07-30,5029,1041,1,45.33,0,West,,Cancelled
210317,2024-05-05,5194,1040,3,282.19,0,East,3,Completed
210318,2025-04-23,5096,1008,1,108.82,0,West,3,Completed
210319,2025-11-23,5069,1045,1,112.74,0,East,3,Completed
210320,2025-10-10,5112,1008,1,111.45,0.05,South,4,Completed
210321,2024-09-06,5425,1012,1,236.0,0.05,East,8,Completed
210322,2025-06-09,5047,1016,4,56.88,0,North,8,Completed
210323,2024-08-24,5311,1025,2,188.93,0,East,3,Completed
210324,2024-04-26,5102,1015,6,245.88,0.05,East,4,Completed
210325,2025-08-31,5461,1039,3,172.62,0,West,4,Completed
210326,2025-05-20,5176,1044,1,137.66,0.1,North,3,Completed
210327,2024-09-29,5057,1055,1,261.61,0,East,2,Completed
210328,2024-09-30,5468,1007,6,165.63,0,North,2,Completed
210329,2025-03-14,5065,1072,3,77.22,0,West,4,Completed
210330,2024-09-22,5015,1043,4,94.41,0.15,South,1,Completed
210331,2025-04-19,5067,1064,10,102.76,0,East,5,Returned
210332,2025-11-13,5395,1059,3,138.52,0.1,East,4,Completed
210333,2024-06-07,5233,1066,2,170.61,0,East,2,Completed
210334,2025-01-17,5088,1027,2,105.87,0.1,East,3,Completed
210335,2025-09-24,5164,1030,1,145.94,0.2,West,5,Completed
210336,2024-07-21,5302,1043,1,92.86,0,West,2,Completed
210337,2024-04-18,5463,1030,3,130.37,0.05,South,1,Completed
210338,2025-07-11,5357,1012,1,239.99,0.05,East,4,Completed
210339,2024-06-16,5403,1017,1,76.54,0.1,South,4,Completed
210340,2024-01-09,5259,1057,3,65.09,0,North,1,Returned
210341,2025-10-07,5271,1071,1,121.09,0.2,South,1,Completed
210342,2025-07-30,5205,1003,1,262.67,0,East,3,Completed
210343,2025-02-15,5037,1022,1,39.35,0,South,1,Completed
210344,2025-12-12,5241,1032,1,230.96,0.1,West,4,Completed
210345,2024-02-19,5328,1015,1,235.04,0.1,South,5,Completed
210346,2024-03-04,5327,1065,5,65.47,0,East,4,Completed
210347,2025-08-23,5042,1033,1,156.32,0.05,East,1,Completed
210348,2025-11-14,5249,1027,1,116.64,0,North,5,Completed
210349,2024-02-04,5251,1068,4,212.11,0,East,3,Completed
210350,2024-04-16,5002,1013,3,120.32,0,North,3,Returned
210351,2025-12-03,5054,1018,2,314.32,0,East,3,Completed
210352,2025-11-29,5348,1038,3,218.38,0,East,6,Returned
210353,2025-01-16,5246,1045,3,112.79,0,West,3,Completed
210354,2024-07-06,5423,1040,1,267.71,0.1,North,4,Completed
210355,2025-09-22,5059,1065,2,65.79,0.05,North,3,Completed
210356,2025-09-25,5226,1029,6,183.88,0,West,,Cancelled
210357,2024-05-01,5495,1055,8,258.48,0.15,North,,Cancelled
210358,2024-05-12,5093,1049,5,23.56,0,North,5,Returned
210359,2025-03-06,5230,1016,4,55.93,0.2,East,5,Completed
210360,2024-04-24,5459,1063,2,217.31,0,South,7,Completed
210361,2025-05-13,5047,1041,2,48.91,0.1,North,3,Completed
210362,2024-05-29,5422,1003,4,265.7,0,West,4,Completed
210363,2025-11-18,5293,1016,1,54.9,0.15,West,7,Completed
210364,2024-08-18,5073,1069,1,175.66,0,West,3,Completed
210365,2024-10-28,5020,1066,10,172.02,0,East,3,Completed
210366,2025-02-24,5152,1018,1,306.13,0,East,2,Completed
210367,2024-03-28,5213,1024,3,121.32,0,North,4,Returned
210368,2025-12-27,5160,1002,1,76.96,0.15,West,5,Completed
210369,2024-06-04,5240,1060,2,129.0,0.05,North,3,Completed
210370,2025-08-12,5113,1036,1,243.8,0.15,North,4,Completed
210371,2024-07-10,5321,1065,5,64.1,0.05,South,4,Completed
210372,2025-05-25,5077,1008,1,120.07,0.1,North,3,Completed
210373,2025-11-17,5273,1026,1,68.37,0,East,2,Completed
210374,2025-11-26,5214,1025,10,200.08,0,South,8,Completed
210375,2025-04-14,5493,1053,1,196.67,0.15,West,5,Completed
210376,2024-06-04,5093,1059,5,142.77,0,North,4,Completed
210377,2025-10-22,5163,1025,4,204.97,0,East,2,Completed
210378,2025-10-30,5423,1055,2,279.13,0.1,North,,Cancelled
210379,2024-12-04,5012,1014,3,32.91,0,North,3,Completed
210380,2025-11-09,5220,1016,1,56.58,0.15,West,2,Completed
210381,2024-03-02,5281,1022,2,36.41,0,West,2,Completed
210382,2024-08-23,5346,1042,3,16.15,0,South,4,Completed
210383,2025-03-05,5364,1072,2,81.39,0.05,West,2,Returned
210384,2025-10-12,5168,1072,2,80.25,0.05,West,8,Completed
210385,2025-05-21,5445,1037,2,139.42,0.05,West,3,Completed
210386,2025-06-11,5123,1020,5,57.82,0,East,1,Completed
210387,2024-03-16,5145,1047,3,201.52,0.05,East,3,Completed
210388,2025-08-22,5145,1065,5,64.45,0,East,4,Completed
210389,2024-05-09,5430,1050,2,80.15,0,South,4,Returned
210390,2024-08-21,5445,1056,8,332.87,0,West,4,Completed
210391,2024-09-13,5167,1056,4,314.32,0.1,West,6,Completed
210392,2024-10-22,5451,1019,1,102.93,0.1,North,3,Completed
210393,2025-09-03,5145,1028,6,257.05,0.05,East,4,Returned
210394,2024-01-05,5003,1057,1,65.25,0,North,5,Completed
210395,2025-11-28,5465,1047,3,191.5,0,South,6,Completed
210396,2025-05-11,5070,1039,5,174.98,0,South,3,Completed
210397,2025-07-30,5364,1004,3,158.06,0,West,,Cancelled
210398,2025-02-11,5231,1002,1,74.45,0,East,2,Completed
210399,2024-06-14,5336,1003,1,268.32,0,South,6,Completed
210400,2024-11-16,5045,1041,1,45.02,0,East,2,Completed
210401,2024-01-02,5308,1059,1,129.36,0.1,North,3,Completed
210402,2024-07-07,5489,1031,1,255.52,0,East,4,Completed
210403,2025-06-01,5077,1065,3,68.72,0,North,3,Completed
210404,2025-04-27,5219,1070,3,220.82,0,North,6,Completed
210405,2025-12-27,5348,1064,3,94.05,0.1,East,3,Completed
210406,2024-04-02,5052,1059,3,128.05,0.2,West,4,Completed
210407,2025-08-05,5365,1043,1,91.28,0.1,South,7,Completed
210408,2025-10-30,5159,1038,4,201.21,0.15,South,,Cancelled
210409,2025-04-20,5357,1028,4,268.41,0.2,East,3,Completed
210410,2024-10-09,5312,1008,1,109.51,0,West,3,Completed
210411,2024-03-21,5459,1002,3,74.02,0.05,South,4,Completed
210412,2024-12-25,5193,1003,4,250.56,0,West,2,Returned
210413,2025-12-09,5065,1049,8,25.53,0,West,5,Completed
210414,2024-03-13,5313,1066,1,157.24,0,East,4,Completed
210415,2025-12-23,5254,1029,10,199.22,0.1,West,5,Completed
210416,2024-02-16,5319,1064,1,102.38,0.05,West,3,Completed
210417,2024-02-28,5159,1008,2,119.39,0,South,,Cancelled
210418,2025-04-09,5213,1004,1,153.4,0.15,North,1,Completed
210419,2025-06-28,5139,1061,5,153.87,0,West,2,Completed
210420,2025-10-05,5451,1070,4,238.06,0,North,2,Returned
210421,2024-05-15,5407,1058,4,194.5,0.15,South,3,Completed
210422,2025-06-29,5415,1006,1,205.9,0.2,North,4,Completed
210423,2025-05-08,5341,1003,8,259.87,0.1,South,6,Completed
210424,2025-05-23,5329,1069,5,165.39,0.15,East,1,Completed
210425,2024-02-09,5024,1004,3,156.28,0.05,East,3,Completed
210426,2024-01-02,5306,1055,2,281.98,0,North,3,Completed
210427,2024-06-26,5366,1024,5,122.78,0,East,4,Completed
210428,2024-10-31,5129,1025,2,204.74,0,South,2,Completed
210429,2024-12-03,5477,1014,3,36.3,0,South,2,Completed
210430,2025-10-03,5411,1058,2,200.59,0,West,5,Completed
210431,2025-06-07,5058,1072,1,79.72,0.1,North,5,Completed
210432,2024-03-27,5473,1033,2,146.09,0,East,3,Completed
210433,2024-07-20,5110,1005,2,84.66,0.1,North,4,Completed
210434,2024-07-15,5378,1036,2,251.52,0,West,3,Completed
210435,2025-12-27,5211,1054,5,250.76,0,South,3,Completed
210436,2024-04-30,5407,1052,3,335.1,0.05,South,1,Completed
210437,2025-05-07,5306,1047,2,208.15,0,North,1,Completed
210438,2025-05-05,5080,1066,1,172.72,0.05,North,3,Completed
210439,2025-07-31,5016,1054,5,242.98,0.15,East,2,Completed
210440,2025-07-21,5064,1016,1,62.08,0.15,East,2,Completed
210441,2025-01-19,5075,1030,1,140.4,0.15,West,5,Completed
210442,2024-01-22,5427,1005,1,85.15,0,North,3,Completed
210443,2025-10-15,5003,1067,2,210.52,0.05,North,2,Completed
210444,2024-01-30,5212,1057,5,70.66,0,South,2,Completed
210445,2024-06-28,5145,1008,3,122.66,0,East,5,Completed
210446,2025-06-05,5320,1035,3,241.32,0,West,4,Completed
210447,2025-06-06,5077,1068,1,208.0,0.05,North,2,Completed
210448,2024-04-16,5241,1017,1,71.6,0.15,West,8,Completed
210449,2025-12-20,5176,1011,3,36.77,0,North,4,Completed
210450,2024-09-21,5085,1003,4,271.03,0.1,North,2,Completed
210451,2024-10-14,5077,1007,1,162.37,0.1,North,2,Returned
210452,2025-08-23,5021,1054,5,270.96,0,East,5,Completed
210453,2025-01-09,5360,1036,3,261.75,0.15,East,,Cancelled
210454,2024-08-08,5286,1055,2,270.47,0.05,South,5,Completed
210455,2024-04-09,5142,1011,2,33.98,0,North,2,Completed
210456,2025-07-02,5070,1011,3,36.77,0.05,South,5,Completed
210457,2025-11-06,5129,1067,2,225.06,0.05,South,4,Completed
210458,2025-04-20,5256,1007,1,152.31,0.05,East,2,Completed
210459,2025-06-23,5091,1024,3,110.13,0.2,West,6,Completed
210460,2024-07-19,5180,1020,4,56.79,0,North,4,Completed
210461,2025-08-02,5498,1014,5,34.43,0,East,2,Completed
210462,2025-06-11,5232,1012,2,240.87,0,West,4,Completed
210463,2024-01-25,5116,1017,1,79.67,0,West,5,Completed
210464,2025-04-09,5297,1067,1,236.59,0.2,East,4,Completed
210465,2025-01-17,5398,1036,3,244.14,0.2,South,3,Completed
210466,2025-11-24,5490,1056,3,320.36,0,West,2,Completed
210467,2025-09-24,5313,1023,1,193.51,0,East,3,Completed
210468,2024-02-06,5253,1069,1,182.54,0,East,3,Completed
210469,2025-01-19,5059,1047,1,197.31,0.05,North,4,Completed
210470,2024-03-05,5341,1008,3,121.12,0.15,South,4,Completed
210471,2024-09-26,5398,1027,1,106.52,0,South,1,Completed
210472,2024-08-04,5185,1064,2,93.05,0,East,3,Completed
210473,2025-08-30,5351,1046,1,70.45,0.15,North,4,Completed
210474,2024-11-14,5049,1035,3,247.45,0.05,East,5,Completed
210475,2024-04-05,5459,1028,4,261.34,0,South,,Cancelled
210476,2025-10-01,5390,1006,1,203.87,0.15,South,2,Completed
210477,2025-09-01,5201,1018,2,313.26,0,West,2,Completed
210478,2025-12-11,5392,1019,4,105.85,0,North,5,Completed
210479,2024-03-04,5367,1066,1,169.67,0,East,4,Completed
210480,2025-09-09,5263,1025,1,187.88,0,South,,Cancelled
210481,2025-03-23,5307,1054,2,272.46,0.05,West,3,Completed
210482,2025-06-30,5190,1012,2,229.39,0,South,,Cancelled
210483,2024-12-20,5436,1036,2,259.1,0,West,5,Completed
210484,2024-10-27,5087,1015,1,224.04,0.15,North,8,Completed
210485,2025-09-01,5189,1045,3,108.94,0.1,East,2,Completed
210486,2024-10-09,5487,1032,1,233.45,0,West,2,Completed
210487,2025-09-09,5315,1069,2,169.97,0,West,3,Completed
210488,2025-12-09,5142,1046,8,69.78,0,North,2,Completed
210489,2025-08-12,5253,1025,2,188.78,0.2,East,7,Completed
210490,2025-11-03,5385,1051,3,230.4,0,South,3,Completed
210491,2025-08-18,5500,1034,1,135.77,0,West,4,Completed
210492,2024-07-18,5195,1049,1,24.32,0,East,4,Completed
210493,2024-06-03,5015,1009,3,209.88,0,South,,Cancelled
210494,2024-08-10,5475,1061,1,150.1,0,West,2,Completed
210495,2024-06-12,5498,1004,2,144.88,0.05,East,6,Completed
210496,2024-05-29,5466,1028,1,272.02,0.05,East,2,Completed
210497,2025-05-24,5216,1032,1,217.98,0.1,West,4,Completed
210498,2024-02-08,5205,1007,3,161.29,0.15,East,5,Completed
210499,2025-10-21,5040,1052,1,325.98,0.05,South,3,Completed
210500,2024-06-09,5267,1069,3,176.27,0,North,3,Completed
210501,2025-07-06,5322,1034,3,133.92,0,West,3,Completed
210502,2024-08-01,5416,1002,1,72.54,0,East,4,Completed
210503,2024-01-26,5382,1067,1,223.16,0.2,East,3,Completed
210504,2025-02-08,5264,1031,3,246.56,0,West,2,Completed
210505,2025-09-22,5146,1036,2,245.94,0.15,South,3,Completed
210506,2024-11-19,5127,1055,4,264.44,0.05,North,1,Completed
210507,2024-07-13,5175,1023,10,195.88,0.1,South,3,Completed
210508,2024-08-21,5391,1016,4,58.91,0,West,7,Completed
210509,2025-08-31,5053,1024,2,111.87,0,North,2,Completed
210510,2025-09-21,5459,1043,3,94.27,0.15,South,3,Completed
210511,2025-01-08,5164,1021,3,118.32,0.1,West,2,Completed
210512,2024-02-09,5445,1063,2,210.22,0.1,West,5,Completed
210513,2024-04-06,5314,1011,4,36.4,0.1,North,2,Completed
210514,2025-09-12,5329,1059,1,142.57,0,East,2,Completed
210515,2025-01-10,5120,1036,8,242.49,0.05,East,4,Completed
210516,2025-08-20,5299,1069,1,170.13,0,West,5,Returned
210517,2024-12-06,5138,1041,1,44.42,0,East,5,Returned
210518,2025-05-10,5424,1006,4,206.46,0,South,,Cancelled
210519,2024-11-27,5301,1070,3,217.39,0,West,6,Completed
210520,2024-12-23,5377,1023,2,210.25,0.05,West,3,Completed
210521,2024-05-28,5074,1071,5,130.33,0.1,West,5,Completed
210522,2024-04-04,5009,1058,1,210.08,0.2,North,3,Completed
210523,2025-06-19,5114,1013,3,131.36,0,North,3,Completed
210524,2024-10-21,5196,1036,3,249.52,0,North,2,Completed
210525,2024-11-12,5017,1064,1,95.4,0.05,North,5,Completed
210526,2025-08-10,5021,1040,2,275.78,0,East,3,Completed
210527,2025-04-17,5209,1026,6,65.6,0,South,4,Completed
210528,2025-01-15,5369,1016,3,56.88,0,West,3,Completed
210529,2025-01-10,5268,1021,3,116.38,0,East,2,Completed
210530,2025-01-11,5455,1041,4,44.04,0,South,2,Completed
210531,2024-03-11,5347,1009,1,222.37,0,South,3,Completed
210532,2024-04-20,5323,1015,1,228.3,0,South,5,Completed
210533,2024-09-14,5328,1018,1,331.42,0.15,South,2,Completed
210534,2024-11-11,5458,1047,2,200.27,0.05,South,5,Completed
210535,2025-03-21,5236,1044,2,145.36,0.1,West,2,Completed
210536,2025-09-13,5048,1023,3,195.27,0.05,South,1,Completed
210537,2024-05-20,5074,1062,1,192.05,0,West,,Cancelled
210538,2024-12-27,5445,1064,2,98.09,0.15,West,3,Completed
210539,2024-09-25,5034,1057,3,67.86,0.2,West,2,Completed
210540,2025-03-27,5240,1046,2,73.01,0,North,2,Completed
210541,2025-01-30,5037,1068,1,192.13,0.1,South,3,Completed
210542,2024-07-24,5222,1068,5,196.42,0,South,5,Completed
210543,2024-12-31,5398,1048,3,306.92,0,South,4,Completed
210544,2025-03-26,5392,1019,3,110.8,0.15,North,1,Completed
210545,2024-06-16,5059,1040,1,274.3,0.05,North,4,Completed
210546,2024-08-13,5268,1017,2,72.2,0,East,2,Completed
210547,2024-05-25,5151,1033,1,146.78,0,South,2,Completed
210548,2024-02-01,5374,1031,1,259.81,0.05,West,5,Completed
210549,2024-08-18,5241,1020,1,63.46,0.05,West,3,Completed
210550,2024-03-02,5132,1036,1,245.44,0.05,East,3,Returned
210551,2025-04-03,5279,1069,1,173.96,0.1,South,1,Completed
210552,2024-12-02,5240,1024,4,111.84,0.05,North,4,Completed
210553,2025-12-20,5027,1067,1,232.4,0.1,North,2,Completed
210554,2024-07-30,5045,1045,1,107.53,0.15,East,5,Returned
210555,2024-02-19,5125,1020,2,63.1,0,South,5,Completed
210556,2025-10-16,5088,1051,10,246.49,0,East,3,Completed
210557,2025-10-28,5226,1017,1,78.45,0.05,West,7,Completed
210558,2024-11-10,5249,1008,4,112.42,0,North,4,Completed
210559,2025-12-05,5005,1007,3,159.97,0.1,West,8,Completed
210560,2025-01-11,5369,1048,3,326.03,0,West,5,Completed
210561,2025-04-11,5237,1031,8,247.25,0.05,East,,Cancelled
210562,2024-05-11,5231,1057,2,66.63,0.1,East,5,Completed
210563,2025-03-09,5441,1004,2,155.01,0.05,South,5,Completed
210564,2024-05-19,5225,1002,1,72.75,0,North,6,Completed
210565,2024-11-24,5051,1003,1,277.02,0,West,7,Completed
210566,2024-12-31,5066,1053,1,217.97,0.1,West,4,Completed
210567,2024-10-04,5215,1040,1,258.98,0,South,2,Completed
210568,2025-12-18,5308,1013,2,126.45,0.05,North,1,Completed
210569,2024-11-28,5194,1024,10,109.15,0.1,East,2,Completed
210570,2025-06-15,5266,1013,2,126.09,0.1,East,5,Completed
210571,2024-03-17,5238,1010,2,90.6,0,East,7,Completed
210572,2024-01-11,5335,1021,2,110.19,0,East,,Cancelled
210573,2024-08-06,5436,1062,3,190.15,0,West,4,Completed
210574,2025-02-19,5289,1011,1,33.15,0.05,West,,Cancelled
210575,2024-01-18,5014,1012,1,224.57,0.15,East,5,Returned
210576,2024-02-11,5486,1069,1,167.1,0,West,3,Completed
210577,2025-12-02,5313,1058,5,198.91,0.1,East,4,Returned
210578,2025-09-23,5455,1067,2,228.06,0,South,3,Completed
210579,2024-12-13,5208,1067,2,214.96,0,North,3,Completed
210580,2024-08-23,5450,1040,4,261.43,0.05,West,6,Completed
210581,2024-09-16,5129,1014,1,35.17,0.2,South,6,Completed
210582,2025-08-09,5056,1011,3,36.8,0.15,East,7,Completed
210583,2024-04-25,5215,1024,6,117.02,0,South,3,Completed
210584,2024-06-28,5277,1058,2,210.96,0.15,East,2,Completed
210585,2025-06-08,5145,1020,2,61.1,0,East,4,Completed
210586,2025-08-17,5345,1037,1,129.24,0.2,East,,Cancelled
210587,2025-06-20,5453,1029,1,203.55,0,North,2,Returned
210588,2025-02-17,5132,1038,1,212.26,0,East,5,Completed
210589,2025-08-23,5407,1044,3,143.28,0.1,South,1,Completed
210590,2025-09-13,5103,1030,1,132.64,0,East,4,Completed
210591,2025-02-24,5346,1006,4,212.26,0.05,South,8,Completed
210592,2024-04-03,5385,1041,1,44.6,0,South,2,Completed
210593,2025-09-14,5001,1030,4,129.72,0,South,8,Completed
210594,2025-10-31,5098,1025,4,191.48,0,East,4,Completed
210595,2025-07-20,5172,1013,1,121.93,0,East,6,Completed
210596,2024-12-13,5494,1050,2,75.0,0.1,South,4,Completed
210597,2025-01-04,5151,1047,3,212.18,0,South,3,Completed
210598,2024-11-21,5180,1036,3,239.05,0,North,3,Completed
210599,2025-03-05,5246,1048,1,296.2,0,West,5,Completed
210600,2024-02-26,5316,1049,1,23.88,0,North,5,Completed
210601,2025-04-10,5079,1016,1,59.15,0,North,5,Completed
210602,2024-10-15,5014,1072,4,74.94,0.15,East,2,Completed
210603,2024-11-10,5413,1058,3,208.06,0.15,North,3,Completed
210604,2024-04-11,5312,1070,3,225.74,0,West,2,Returned
210605,2024-09-15,5336,1063,10,210.36,0,South,,Cancelled
210606,2025-05-17,5236,1061,1,147.7,0.2,West,1,Completed
210607,2025-03-19,5287,1012,2,224.94,0,North,1,Completed
210608,2024-09-23,5202,1062,5,189.17,0,West,6,Completed
210609,2025-11-10,5197,1019,2,104.35,0,East,3,Returned
210610,2024-12-25,5292,1048,4,319.67,0,West,2,Completed
210611,2025-03-21,5318,1020,2,58.97,0,East,3,Completed
210612,2025-11-25,5208,1072,1,75.5,0.15,North,,Cancelled
210613,2025-01-10,5052,1037,2,130.71,0,West,5,Completed
210614,2024-11-21,5394,1044,2,140.14,0,West,6,Completed
210615,2024-12-23,5078,1012,3,224.26,0,West,3,Completed
210616,2025-02-16,5071,1046,1,69.09,0,South,3,Completed
210617,2024-08-13,5495,1038,4,207.73,0,North,2,Completed
210618,2025-08-15,5157,1062,2,187.02,0.15,West,7,Completed
210619,2025-07-07,5365,1055,1,276.83,0.1,South,4,Completed
210620,2025-03-15,5139,1013,1,131.38,0,West,3,Completed
210621,2025-07-28,5359,1019,1,108.75,0,South,,Cancelled
210622,2024-12-10,5368,1028,5,271.82,0,North,4,Completed
210623,2024-09-21,5073,1052,2,323.12,0.05,West,4,Completed
210624,2025-04-11,5106,1056,1,314.06,0,East,4,Completed
210625,2025-12-08,5086,1030,1,129.77,0,North,1,Completed
210626,2024-10-12,5488,1012,1,215.97,0.1,West,6,Completed
210627,2024-01-01,5435,1040,1,272.4,0,South,,Cancelled
210628,2024-11-06,5450,1017,1,73.1,0.1,West,3,Completed
210629,2025-12-03,5457,1054,1,242.6,0.05,East,2,Completed
210630,2024-01-30,5104,1008,2,115.99,0,South,3,Completed
210631,2024-12-10,5297,1043,1,93.38,0,East,7,Completed
210632,2024-04-27,5343,1069,2,175.57,0,South,4,Returned
210633,2025-11-03,5494,1015,8,222.89,0,South,6,Completed
210634,2025-09-06,5144,1059,1,126.75,0.1,North,2,Completed
210635,2024-10-16,5191,1067,2,220.35,0,East,5,Completed
210636,2024-07-08,5360,1009,1,215.06,0.05,East,7,Completed
210637,2025-06-03,5084,1042,3,16.6,0,North,4,Returned
210638,2024-12-24,5020,1052,10,309.98,0.15,East,4,Returned
210639,2025-01-18,5046,1043,2,94.95,0.05,North,3,Completed
210640,2025-10-21,5240,1015,1,227.32,0,North,6,Completed
210641,2024-06-01,5194,1072,3,80.21,0.05,East,4,Completed
210642,2024-01-26,5486,1059,2,141.63,0,West,3,Completed
210643,2025-08-30,5479,1018,2,302.47,0,West,3,Completed
210644,2025-05-24,5424,1019,2,107.15,0.1,South,3,Completed
210645,2024-05-07,5370,1025,1,203.95,0,West,5,Completed
210646,2025-01-31,5448,1070,3,220.7,0.05,North,3,Completed
210647,2025-05-20,5306,1042,1,16.16,0.05,North,3,Completed
210648,2024-03-15,5065,1030,2,132.09,0.2,West,,Cancelled
210649,2025-09-23,5396,1016,1,59.96,0,South,2,Completed
210650,2025-04-02,5005,1070,2,226.54,0,West,5,Completed
210651,2025-07-09,5214,1031,1,245.5,0,South,5,Completed
210652,2025-01-29,5345,1020,3,63.27,0.1,East,3,Completed
210653,2024-12-08,5122,1061,1,157.3,0.1,West,4,Completed
210654,2024-12-01,5024,1028,3,242.79,0,East,4,Completed
210655,2025-01-07,5150,1053,2,197.89,0,North,4,Completed
210656,2025-01-14,5042,1040,2,263.47,0,East,4,Completed
210657,2025-02-21,5442,1042,1,15.9,0,North,4,Completed
210658,2025-09-06,5496,1044,2,145.31,0,West,3,Completed
210659,2025-06-17,5271,1037,1,141.21,0.05,South,6,Returned
210660,2025-07-10,5071,1020,1,60.72,0,South,6,Returned
210661,2025-02-26,5073,1029,8,199.66,0.05,West,3,Completed
210662,2025-10-22,5320,1043,1,97.21,0.1,West,5,Completed
210663,2024-10-06,5193,1067,1,209.78,0.1,West,3,Completed
210664,2025-12-15,5146,1060,1,129.33,0.05,South,2,Returned
210665,2024-03-09,5424,1014,5,35.74,0.05,South,2,Completed
210666,2025-12-08,5268,1024,2,112.24,0.1,East,6,Completed
210667,2025-10-29,5363,1001,1,170.62,0.2,East,4,Completed
210668,2025-09-20,5234,1002,5,78.71,0.1,West,4,Completed
210669,2024-01-15,5089,1013,6,120.95,0,North,2,Completed
210670,2025-12-11,5306,1062,1,181.01,0.15,North,1,Completed
210671,2024-08-03,5274,1070,6,238.2,0.05,South,3,Completed
210672,2024-04-10,5066,1048,3,293.66,0,West,4,Returned
210673,2025-12-17,5209,1047,1,201.24,0.05,South,2,Completed
210674,2024-01-04,5155,1028,8,244.32,0,West,2,Completed
210675,2024-05-03,5143,1034,5,143.42,0.2,North,5,Completed
210676,2024-02-03,5080,1040,6,289.59,0,North,3,Completed
210677,2024-07-04,5433,1068,3,199.29,0,North,2,Completed
210678,2024-01-10,5477,1033,2,156.95,0.2,South,5,Completed
210679,2025-04-15,5282,1070,4,230.3,0,East,2,Completed
210680,2024-05-19,5030,1052,10,336.92,0,South,3,Completed
210681,2024-07-17,5022,1069,1,183.34,0,East,5,Completed
210682,2024-07-16,5004,1071,1,120.38,0.1,South,3,Completed
210683,2025-02-14,5159,1058,1,208.34,0.15,South,3,Completed
210684,2024-07-16,5193,1004,1,148.26,0,West,2,Completed
210685,2025-08-06,5231,1040,2,284.06,0.05,East,3,Returned
210686,2025-05-07,5260,1022,8,36.01,0,South,2,Completed
210687,2024-07-05,5145,1056,3,336.39,0.05,East,,Cancelled
210688,2025-06-23,5290,1055,1,282.63,0,South,3,Completed
210689,2024-05-23,5194,1062,1,175.24,0,East,3,Completed
210690,2024-08-04,5088,1025,3,211.44,0.05,East,4,Completed
210691,2024-05-21,5450,1054,3,263.85,0.15,West,5,Returned
210692,2024-05-21,5462,1004,1,153.9,0.15,West,6,Completed
210693,2025-07-05,5300,1023,1,192.57,0,South,8,Completed
210694,2025-08-03,5411,1059,4,127.07,0,West,4,Completed
210695,2024-07-16,5367,1045,1,109.2,0.15,East,3,Completed
210696,2025-07-08,5152,1050,2,78.05,0,East,3,Completed
210697,2024-08-20,5054,1039,10,173.34,0.05,East,5,Completed
210698,2025-10-26,5214,1015,1,231.2,0.1,South,4,Returned
210699,2024-05-29,5235,1058,4,218.58,0,East,5,Completed
210700,2024-10-17,5193,1013,1,134.7,0,West,,Cancelled
210701,2025-05-21,5273,1050,8,77.93,0,East,4,Completed
210702,2025-12-18,5490,1029,1,207.76,0,West,3,Completed
210703,2024-06-20,5156,1050,3,75.46,0,North,1,Completed
210704,2024-05-22,5391,1036,2,257.52,0.2,West,3,Completed
210705,2024-02-25,5188,1034,1,130.72,0.1,West,5,Completed
210706,2025-02-24,5390,1032,10,239.88,0.05,South,4,Completed
210707,2025-12-19,5380,1035,1,235.76,0,West,,Cancelled
210708,2025-12-07,5388,1053,1,207.31,0,East,3,Completed
210709,2024-03-22,5134,1053,1,197.65,0,North,,Cancelled
210710,2024-10-10,5448,1015,5,238.13,0,North,3,Completed
210711,2025-03-05,5494,1002,1,77.96,0.05,South,3,Completed
210712,2024-04-08,5044,1025,4,201.38,0.15,South,4,Completed
210713,2025-03-03,5484,1033,5,145.37,0,North,3,Completed
210714,2024-10-16,5069,1025,2,201.86,0,East,3,Completed
210715,2024-02-08,5106,1025,10,196.03,0.15,East,4,Completed
210716,2025-07-28,5073,1020,4,61.98,0,West,3,Completed
210717,2024-03-24,5155,1068,8,203.3,0,West,4,Completed
210718,2025-03-23,5477,1012,4,230.41,0.05,South,3,Completed
210719,2025-12-10,5391,1006,3,211.14,0.2,West,1,Completed
210720,2024-07-25,5432,1004,1,156.58,0.1,South,2,Completed
210721,2024-07-24,5497,1055,2,275.62,0,North,3,Completed
210722,2024-09-20,5197,1046,3,71.14,0.15,East,8,Completed
210723,2025-10-29,5084,1058,1,201.1,0.05,North,7,Returned
210724,2025-04-05,5408,1049,3,24.64,0.1,South,5,Completed
210725,2025-05-30,5463,1071,3,127.87,0,South,4,Completed
210726,2025-02-19,5342,1010,2,94.69,0.15,South,,Cancelled
210727,2024-10-14,5303,1009,2,207.63,0.1,North,3,Completed
210728,2024-08-13,5182,1057,1,69.24,0.05,West,5,Completed
210729,2024-02-11,5007,1028,2,250.45,0,East,4,Completed
210730,2024-01-09,5379,1008,1,119.32,0,South,2,Completed
210731,2024-11-05,5042,1072,10,74.55,0.15,East,7,Completed
210732,2024-10-08,5003,1061,2,154.26,0,North,3,Returned
210733,2024-05-06,5137,1001,3,159.64,0,South,4,Completed
210734,2025-10-20,5025,1019,2,103.6,0.05,East,3,Completed
210735,2024-03-01,5084,1070,2,225.68,0,North,3,Completed
210736,2024-05-17,5465,1032,2,231.18,0.1,South,4,Completed
210737,2025-05-20,5132,1024,1,115.67,0,East,3,Completed
210738,2025-09-13,5081,1029,2,191.83,0.1,North,3,Completed
210739,2024-02-20,5458,1066,2,160.31,0,South,,Cancelled
210740,2025-01-04,5265,1072,1,77.92,0,South,,Cancelled
210741,2024-07-30,5219,1058,4,210.95,0,North,1,Completed
210742,2025-01-19,5190,1028,3,258.02,0,South,4,Completed
210743,2025-05-31,5094,1053,2,211.79,0,East,2,Completed
210744,2024-10-02,5264,1070,1,232.51,0,West,3,Completed
210745,2025-07-19,5467,1022,3,38.3,0.1,North,3,Completed
210746,2025-06-28,5498,1064,1,103.06,0,East,,Cancelled
210747,2025-02-24,5402,1038,10,218.35,0,West,6,Completed
210748,2024-11-12,5180,1061,2,159.29,0.15,North,6,Completed
210749,2025-05-16,5175,1020,3,58.33,0.05,South,2,Completed
210750,2024-02-17,5290,1066,10,172.37,0.15,South,4,Completed
210751,2025-02-07,5416,1050,3,73.32,0.1,East,3,Completed
210752,2024-01-20,5323,1026,2,66.81,0.1,South,3,Completed
210753,2025-04-24,5231,1059,2,126.84,0.1,East,1,Completed
210754,2024-06-23,5411,1003,4,251.85,0.15,West,2,Completed
210755,2024-03-13,5215,1043,8,92.77,0,South,,Cancelled
210756,2025-01-17,5317,1018,1,303.04,0.2,North,5,Returned
210757,2025-09-08,5044,1016,10,56.42,0,South,5,Completed
210758,2025-04-13,5320,1057,1,70.57,0.1,West,3,Completed
210759,2025-11-13,5417,1021,4,112.68,0,North,2,Completed
210760,2025-05-09,5287,1023,2,204.84,0.1,North,6,Completed
210761,2025-12-07,5055,1013,4,135.85,0.1,West,2,Completed
210762,2025-02-10,5016,1068,2,199.85,0.15,East,3,Completed
210763,2024-05-10,5283,1008,2,122.8,0.15,South,4,Completed
210764,2025-06-20,5365,1061,2,155.2,0,South,3,Completed
210765,2025-10-15,5485,1001,3,155.57,0,South,4,Completed
210766,2025-09-22,5469,1057,1,68.39,0.15,South,7,Completed
210767,2024-03-17,5048,1050,6,77.06,0,South,7,Completed
210768,2024-04-09,5434,1016,2,57.45,0.1,North,2,Completed
210769,2024-09-19,5253,1066,1,172.29,0,East,1,Completed
210770,2025-11-17,5457,1028,2,261.86,0,East,4,Completed
210771,2025-07-12,5495,1060,3,119.85,0,North,5,Completed
210772,2025-11-29,5244,1057,2,69.58,0.05,West,3,Completed
210773,2025-12-13,5065,1044,2,143.32,0,West,3,Completed
210774,2025-10-27,5157,1050,2,80.74,0.05,West,3,Completed
210775,2024-03-02,5029,1021,2,121.25,0,West,4,Completed
210776,2025-04-08,5351,1038,1,205.52,0.05,North,4,Completed
210777,2025-07-01,5264,1033,2,154.29,0.1,West,3,Completed
210778,2025-03-31,5306,1070,2,223.76,0,North,6,Completed
210779,2024-06-16,5115,1011,3,33.95,0,West,5,Completed
210780,2024-03-29,5408,1069,6,166.47,0,South,3,Completed
210781,2025-08-30,5049,1018,1,305.93,0,East,3,Completed
210782,2024-12-14,5310,1037,1,141.01,0.05,North,4,Completed
210783,2024-01-05,5039,1025,5,208.83,0.05,West,5,Completed
210784,2024-05-02,5319,1013,3,128.24,0.05,West,2,Completed
210785,2024-08-03,5135,1068,8,206.75,0,East,3,Completed
210786,2024-03-07,5442,1038,2,216.29,0,North,4,Completed
210787,2025-12-25,5053,1028,3,261.78,0.05,North,4,Returned
210788,2025-09-23,5247,1066,4,161.37,0.1,West,3,Completed
210789,2025-03-20,5159,1028,6,265.73,0,South,3,Completed
210790,2024-09-04,5410,1054,1,263.2,0.05,South,,Cancelled
210791,2024-07-14,5262,1057,2,65.39,0,South,2,Completed
210792,2025-06-29,5468,1002,1,73.16,0,North,2,Completed
210793,2024-02-15,5496,1027,8,108.94,0.1,West,,Cancelled
210794,2025-06-10,5067,1016,2,57.19,0,East,5,Completed
210795,2025-06-09,5331,1063,1,228.36,0.05,East,3,Completed
210796,2025-01-07,5061,1028,4,264.06,0,North,3,Completed
210797,2025-07-31,5325,1022,2,37.97,0.15,West,1,Completed
210798,2024-10-13,5037,1017,10,79.05,0.15,South,,Cancelled
210799,2024-02-18,5430,1012,2,218.28,0.05,South,,Cancelled
210800,2024-06-09,5043,1011,2,35.35,0.05,East,5,Completed
210801,2025-05-12,5174,1023,3,203.16,0,West,6,Completed
210802,2025-11-01,5351,1024,1,115.31,0,North,3,Returned
210803,2025-07-09,5230,1066,1,178.42,0,East,3,Completed
210804,2025-10-10,5053,1019,2,106.15,0,North,6,Completed
210805,2024-07-24,5426,1029,4,201.28,0,North,5,Completed
210806,2025-11-08,5428,1046,4,68.34,0,East,4,Completed
210807,2025-11-16,5133,1071,2,128.17,0,West,6,Completed
210808,2024-01-28,5428,1013,4,134.94,0.2,East,2,Completed
210809,2025-06-01,5317,1056,1,339.12,0,North,,Cancelled
210810,2025-08-24,5179,1008,1,121.18,0.15,East,4,Completed
210811,2024-05-24,5193,1031,6,242.15,0,West,3,Completed
210812,2025-06-10,5351,1065,8,61.86,0,North,2,Completed
210813,2024-05-26,5148,1008,2,120.19,0,South,5,Completed
210814,2025-09-25,5463,1033,1,147.97,0.05,South,2,Completed
210815,2025-11-17,5056,1020,10,63.35,0,East,,Cancelled
210816,2025-08-24,5284,1001,3,166.26,0,East,3,Completed
210817,2025-01-16,5175,1038,3,200.11,0.15,South,7,Completed
210818,2024-06-18,5400,1060,4,127.03,0,West,5,Completed
210819,2025-12-29,5499,1068,1,206.18,0.1,South,3,Completed
210820,2024-09-30,5432,1056,3,323.47,0.05,South,1,Completed
210821,2024-01-18,5287,1011,1,32.69,0,North,4,Completed
210822,2024-01-29,5381,1011,2,36.6,0.15,North,3,Completed
210823,2024-01-05,5001,1018,1,333.32,0.2,South,2,Completed
210824,2024-06-16,5376,1068,3,197.27,0,West,2,Completed
210825,2024-05-12,5454,1004,8,147.4,0,North,8,Completed
210826,2024-09-08,5284,1032,1,222.59,0.1,East,4,Completed
210827,2025-07-29,5333,1063,2,214.01,0,South,1,Completed
210828,2024-12-28,5481,1030,6,135.98,0.05,West,1,Completed
210829,2024-10-13,5003,1003,6,276.23,0,North,4,Completed
210830,2025-10-21,5445,1013,2,131.3,0,West,5,Completed
210831,2024-07-25,5373,1028,1,244.92,0,West,3,Completed
210832,2025-09-05,5289,1018,3,329.72,0,West,7,Completed
210833,2024-05-16,5051,1045,6,107.08,0,West,3,Completed
210834,2024-05-28,5001,1015,6,244.98,0,South,8,Returned
210835,2024-05-17,5214,1035,3,245.34,0,South,3,Completed
210836,2024-05-20,5044,1020,2,57.01,0.1,South,2,Completed
210837,2025-12-03,5344,1031,2,257.09,0.1,East,3,Completed
210838,2025-08-23,5349,1017,5,77.37,0,South,5,Completed
210839,2025-10-23,5469,1029,2,201.07,0,South,2,Completed
210840,2025-04-18,5071,1028,10,268.76,0,South,,Cancelled
210841,2025-12-06,5047,1034,1,146.32,0,North,4,Completed
210842,2025-06-09,5370,1044,2,132.15,0.1,West,2,Completed
210843,2024-10-13,5149,1003,1,261.49,0.1,West,5,Completed
210844,2024-08-28,5422,1066,2,174.77,0.1,West,2,Completed
210845,2025-05-01,5278,1022,1,39.24,0.05,West,6,Completed
210846,2025-01-12,5085,1067,1,221.72,0,North,2,Completed
210847,2024-06-24,5471,1028,1,257.46,0.1,North,1,Completed
210848,2025-05-21,5436,1010,3,90.4,0,West,2,Completed
210849,2025-12-31,5327,1011,3,35.45,0.15,East,4,Returned
210850,2025-04-14,5356,1006,1,204.15,0,East,3,Completed
210851,2024-06-24,5237,1015,5,234.83,0,East,8,Completed
210852,2024-02-04,5479,1029,1,184.22,0,West,3,Completed
210853,2025-03-23,5121,1022,1,40.47,0,West,4,Completed
210854,2024-09-07,5148,1066,2,172.0,0,South,3,Returned
210855,2025-02-02,5064,1017,1,75.83,0.05,East,2,Completed
210856,2025-06-21,5429,1022,1,38.22,0,East,2,Completed
210857,2025-08-27,5381,1038,5,208.71,0,North,5,Completed
210858,2024-03-29,5203,1071,3,132.74,0.1,West,3,Completed
210859,2025-07-22,5319,1041,2,46.89,0,West,3,Completed
210860,2025-08-31,5388,1007,3,154.66,0.05,East,5,Completed
210861,2025-02-02,5248,1048,2,317.04,0.05,South,,Cancelled
210862,2025-07-01,5116,1025,1,188.29,0.15,West,7,Completed
210863,2025-07-02,5240,1045,6,117.73,0,North,3,Completed
210864,2024-02-24,5342,1054,2,246.91,0,South,4,Completed
210865,2024-11-26,5079,1044,8,140.48,0,North,6,Completed
210866,2025-11-13,5099,1020,1,58.99,0,North,3,Completed
210867,2025-10-29,5469,1008,1,121.89,0,South,6,Completed
210868,2025-09-26,5473,1014,10,33.6,0,East,4,Returned
210869,2024-11-07,5208,1017,1,77.23,0.15,North,3,Completed
210870,2025-06-27,5237,1036,3,248.65,0.1,East,4,Completed
210871,2025-06-03,5023,1034,4,138.34,0.2,North,6,Completed
210872,2024-04-19,5421,1009,1,207.45,0.05,East,8,Completed
210873,2025-03-24,5054,1072,2,81.24,0,East,5,Completed
210874,2025-12-23,5012,1053,5,207.62,0.15,North,3,Completed
210875,2025-10-30,5342,1017,3,78.68,0,South,5,Completed
210876,2025-04-01,5321,1011,1,35.2,0,South,,Cancelled
210877,2025-11-23,5463,1026,3,69.84,0.1,South,1,Completed
210878,2024-12-26,5456,1066,2,167.46,0,South,4,Completed
210879,2024-12-31,5243,1005,4,85.61,0.15,North,6,Completed
210880,2024-03-18,5047,1069,3,165.39,0.05,North,6,Completed
210881,2025-02-21,5243,1055,3,283.74,0,North,5,Completed
210882,2024-12-30,5137,1062,1,171.03,0,South,4,Returned
210883,2024-09-14,5183,1072,2,80.81,0,North,2,Completed
210884,2025-04-11,5090,1009,1,224.19,0.2,North,1,Completed
210885,2025-10-24,5425,1067,1,223.11,0,East,3,Completed
210886,2024-05-28,5256,1002,2,78.4,0,East,1,Completed
210887,2025-08-09,5489,1018,5,318.98,0.05,East,5,Completed
210888,2024-03-30,5089,1056,1,351.05,0.05,North,3,Completed
210889,2025-01-07,5378,1058,1,209.75,0,West,1,Returned
210890,2025-08-24,5072,1053,10,213.13,0,West,2,Completed
210891,2025-04-28,5382,1028,1,274.49,0.05,East,2,Completed
210892,2024-12-07,5280,1020,2,62.14,0,East,4,Completed
210893,2025-05-08,5440,1026,3,66.42,0.1,North,3,Completed
210894,2025-10-17,5490,1020,6,59.53,0,West,,Cancelled
210895,2025-08-04,5126,1048,8,302.23,0.05,West,8,Completed
210896,2024-09-17,5001,1065,3,68.66,0.05,South,3,Completed
210897,2025-10-04,5322,1050,1,74.68,0,West,4,Completed
210898,2025-11-14,5098,1041,1,49.82,0,East,5,Completed
210899,2024-08-17,5296,1030,3,144.07,0.05,South,3,Completed
210900,2024-07-27,5043,1035,2,236.61,0.05,East,2,Completed
210901,2025-06-08,5439,1055,6,255.43,0,North,5,Completed
210902,2025-10-04,5046,1035,10,235.74,0.15,North,5,Completed
210903,2024-09-05,5233,1003,2,264.16,0.1,East,2,Completed
210904,2025-08-24,5404,1012,2,236.23,0,North,7,Completed
210905,2025-08-09,5085,1071,10,120.44,0,North,3,Completed
210906,2025-01-01,5147,1034,2,137.81,0.1,West,5,Completed
210907,2024-04-19,5065,1013,2,127.51,0,West,5,Completed
210908,2024-03-02,5473,1004,1,145.3,0,East,2,Completed
210909,2025-08-17,5493,1002,1,72.87,0.1,West,7,Completed
210910,2024-10-02,5188,1004,1,156.37,0,West,3,Completed
210911,2024-03-24,5056,1036,2,250.65,0.1,East,5,Completed
210912,2024-12-14,5219,1040,2,289.45,0,North,8,Completed
210913,2024-04-10,5392,1015,2,238.94,0.15,North,4,Completed
210914,2024-04-25,5319,1011,2,35.13,0.05,West,6,Completed
210915,2025-12-08,5279,1026,5,63.57,0.15,South,3,Completed
210916,2025-02-23,5235,1028,1,250.48,0,East,3,Completed
210917,2024-09-16,5134,1059,1,130.56,0.15,North,4,Completed
210918,2024-09-01,5446,1057,4,72.9,0.1,South,2,Completed
210919,2025-03-03,5338,1027,4,104.24,0.05,East,6,Completed
210920,2025-03-18,5468,1008,1,112.38,0.1,North,8,Completed
210921,2024-10-13,5446,1034,1,140.74,0,South,4,Completed
210922,2024-09-04,5398,1021,2,109.29,0,South,3,Returned
210923,2025-11-01,5169,1033,2,153.04,0,East,4,Completed
210924,2024-04-25,5095,1019,2,106.92,0,West,4,Completed
210925,2025-12-05,5301,1024,2,109.56,0,West,5,Completed
210926,2024-10-22,5446,1066,8,169.45,0,South,2,Completed
210927,2025-08-05,5496,1041,2,47.88,0.05,West,4,Completed
210928,2025-06-18,5262,1069,2,177.63,0.15,South,2,Returned
210929,2025-07-23,5061,1067,2,213.95,0.15,North,3,Completed
210930,2024-01-26,5265,1042,6,16.34,0.1,South,3,Completed
210931,2024-02-26,5178,1070,1,230.8,0.05,East,3,Completed
210932,2025-10-18,5122,1024,2,109.45,0.05,West,4,Completed
210933,2025-12-27,5088,1035,1,221.19,0.15,East,4,Completed
210934,2025-06-24,5026,1025,1,188.05,0,North,4,Completed
210935,2025-02-18,5469,1049,3,23.62,0.1,South,4,Completed
210936,2024-07-24,5133,1017,3,76.9,0,West,1,Completed
210937,2024-09-04,5208,1053,3,207.15,0,North,,Cancelled
210938,2024-01-05,5443,1056,1,348.2,0,West,4,Completed
210939,2024-12-27,5299,1034,8,145.2,0.1,West,,Cancelled
210940,2024-06-19,5426,1046,1,72.86,0.05,North,4,Completed
210941,2025-04-18,5449,1050,3,72.21,0,West,4,Returned
210942,2025-05-18,5177,1022,4,39.82,0.15,South,2,Completed
210943,2025-11-21,5330,1031,1,248.18,0.2,South,5,Completed
210944,2025-12-30,5086,1012,1,216.38,0,North,5,Returned
210945,2024-05-03,5017,1070,2,220.74,0.1,North,6,Completed
210946,2025-02-09,5169,1003,2,276.58,0.2,East,5,Completed
210947,2024-02-17,5163,1037,2,142.3,0,East,5,Completed
210948,2024-12-08,5487,1004,1,161.9,0.1,West,5,Completed
210949,2025-10-28,5442,1057,1,72.81,0,North,,Cancelled
210950,2024-06-17,5471,1053,2,212.29,0,North,5,Completed
210951,2025-06-24,5377,1049,2,23.58,0.2,West,2,Completed
210952,2024-07-19,5396,1013,1,133.03,0,South,2,Completed
210953,2025-12-16,5240,1014,4,35.76,0,North,6,Completed
210954,2025-05-07,5058,1023,2,203.64,0.2,North,1,Completed
210955,2025-10-28,5220,1033,2,157.94,0.1,West,4,Completed
210956,2025-11-22,5489,1015,1,233.48,0,East,4,Completed
210957,2025-01-07,5236,1043,1,90.8,0.1,West,3,Completed
210958,2025-10-07,5122,1027,8,114.13,0.05,West,4,Completed
210959,2024-12-13,5481,1070,3,225.29,0,West,7,Completed
210960,2025-01-20,5379,1067,1,222.1,0.15,South,4,Completed
210961,2024-01-20,5393,1023,1,189.48,0.1,South,,Cancelled
210962,2024-07-10,5354,1029,1,205.6,0.05,North,3,Completed
210963,2025-05-26,5105,1014,2,36.33,0,West,2,Returned
210964,2025-02-22,5331,1043,3,90.25,0.05,East,1,Completed
210965,2025-05-27,5093,1034,5,130.4,0,North,4,Completed
210966,2024-07-11,5147,1039,2,171.84,0.05,West,4,Completed
210967,2024-11-17,5098,1009,1,223.18,0.05,East,2,Completed
210968,2024-05-22,5331,1063,3,232.39,0,East,4,Completed
210969,2024-07-17,5485,1016,6,57.28,0,South,5,Completed
210970,2025-06-27,5252,1034,1,142.65,0.05,West,3,Completed
210971,2024-05-30,5328,1037,3,132.35,0,South,,Cancelled
210972,2024-11-02,5003,1015,1,247.22,0,North,4,Completed
210973,2025-04-11,5071,1047,3,190.05,0,South,3,Completed
210974,2024-08-04,5371,1030,10,135.76,0,South,,Cancelled
210975,2025-02-25,5065,1046,1,69.5,0.1,West,2,Completed
210976,2024-09-06,5100,1041,1,46.4,0,West,2,Completed
210977,2024-11-17,5125,1036,4,239.86,0.15,South,3,Completed
210978,2025-05-07,5131,1021,1,110.43,0.05,South,4,Completed
210979,2025-08-11,5272,1058,6,200.46,0.05,North,1,Completed
210980,2025-02-23,5390,1067,2,220.08,0.05,South,3,Completed
210981,2025-11-12,5381,1039,2,194.42,0.1,North,,Cancelled
210982,2024-11-28,5342,1018,3,315.17,0.2,South,7,Completed
210983,2024-12-30,5096,1015,3,246.66,0,West,1,Completed
210984,2025-12-10,5150,1001,8,168.48,0.2,North,2,Completed
210985,2024-03-27,5430,1062,1,188.61,0,South,2,Completed
210986,2024-03-20,5451,1031,5,243.33,0.05,North,2,Completed
210987,2025-01-18,5343,1005,1,79.37,0,South,3,Completed
210988,2025-06-14,5290,1042,2,16.34,0,South,5,Completed
210989,2025-10-15,5340,1040,8,289.6,0,North,5,Completed
210990,2024-08-17,5362,1003,5,258.98,0.2,West,4,Completed
210991,2025-05-26,5365,1016,3,55.79,0,South,5,Completed
210992,2024-03-24,5189,1062,1,174.59,0.05,East,,Cancelled
210993,2025-04-11,5152,1064,1,99.64,0,East,4,Completed
210994,2024-08-20,5446,1040,1,287.29,0,South,2,Completed
210995,2024-03-17,5464,1015,1,244.42,0,West,1,Completed
210996,2024-05-28,5118,1058,5,195.09,0.1,North,4,Completed
210997,2025-02-13,5120,1039,6,189.82,0.15,East,3,Completed
210998,2024-07-04,5315,1001,5,165.98,0,West,6,Completed
210999,2025-03-21,5411,1029,2,194.58,0,West,3,Completed
211000,2024-04-14,5019,1003,3,261.82,0,South,4,Returned
211001,2024-04-05,5068,1020,5,59.75,0,West,2,Completed
211002,2024-10-01,5040,1052,1,324.1,0.2,South,2,Completed
211003,2024-03-16,5037,1066,1,158.23,0,South,,Cancelled
211004,2024-11-24,5031,1024,2,118.37,0,South,5,Returned
211005,2025-10-02,5147,1054,4,268.08,0.05,West,4,Completed
211006,2025-12-10,5317,1032,3,239.13,0,North,3,Completed
211007,2024-03-10,5400,1022,3,38.47,0.1,West,6,Completed
211008,2024-10-29,5455,1044,2,139.6,0,South,1,Completed
211009,2025-08-30,5114,1024,4,108.47,0,North,4,Completed
211010,2025-09-21,5055,1007,1,154.1,0.15,West,6,Completed
211011,2025-02-28,5440,1062,3,186.2,0.15,North,4,Completed
211012,2024-06-07,5089,1034,1,142.38,0,North,5,Returned
211013,2024-08-11,5065,1035,3,233.65,0.1,West,6,Returned
211014,2025-07-11,5400,1038,3,214.0,0,West,2,Completed
211015,2024-10-13,5188,1022,1,40.27,0,West,3,Completed
211016,2025-03-30,5164,1058,2,203.11,0.05,West,4,Completed
211017,2025-07-06,5035,1006,1,209.52,0,South,4,Completed
211018,2025-03-25,5436,1061,1,150.09,0.05,West,2,Completed
211019,2025-05-28,5291,1064,1,93.46,0.05,South,2,Completed
211020,2025-01-06,5154,1042,4,16.04,0.1,South,5,Completed
211021,2025-09-15,5020,1008,3,122.04,0.05,East,4,Completed
211022,2024-06-08,5338,1045,2,115.33,0,East,5,Completed
211023,2025-06-20,5036,1067,2,229.4,0.05,East,2,Completed
211024,2025-08-24,5493,1059,2,131.77,0,West,4,Completed
211025,2024-11-12,5216,1043,3,94.24,0.15,West,1,Completed
211026,2024-08-22,5425,1063,1,227.34,0.05,East,5,Completed
211027,2025-06-07,5437,1020,1,56.11,0.05,West,2,Completed
211028,2025-10-18,5435,1066,2,166.09,0,South,3,Completed
211029,2024-09-10,5071,1035,1,247.75,0.15,South,4,Completed
211030,2025-04-05,5092,1012,2,220.23,0,South,3,Completed
211031,2025-04-30,5067,1018,1,305.66,0.05,East,2,Completed
211032,2025-04-01,5288,1030,2,141.41,0.05,North,2,Completed
211033,2025-04-06,5327,1066,5,170.0,0.05,East,4,Completed
211034,2025-07-18,5270,1064,1,102.4,0.15,North,,Cancelled
211035,2025-08-17,5054,1056,3,328.49,0,East,6,Returned
211036,2024-12-18,5360,1064,4,93.81,0.15,East,4,Completed
211037,2025-02-09,5383,1064,2,102.89,0,West,4,Completed
211038,2025-02-19,5381,1012,2,235.27,0,North,2,Completed
211039,2025-03-16,5474,1057,8,71.46,0,East,,Cancelled
211040,2024-04-24,5303,1007,5,157.36,0.1,North,5,Completed
211041,2024-05-31,5151,1046,1,68.45,0,South,2,Completed
211042,2025-05-10,5250,1041,5,46.13,0.1,South,7,Completed
211043,2024-03-03,5154,1019,2,109.4,0,South,3,Returned
211044,2025-03-25,5421,1008,1,123.11,0.2,East,3,Completed
211045,2024-03-14,5370,1021,3,108.09,0.05,West,8,Completed
211046,2025-04-29,5047,1051,5,252.31,0,North,4,Completed
211047,2025-06-18,5167,1026,4,65.6,0,West,3,Completed
211048,2025-08-15,5499,1072,3,79.71,0.2,South,4,Completed
211049,2024-09-16,5172,1018,3,338.12,0,East,2,Completed
211050,2025-04-04,5347,1062,1,182.42,0.15,South,5,Completed
211051,2025-08-17,5123,1055,2,287.23,0,East,4,Completed
211052,2025-11-08,5479,1024,8,108.22,0.15,West,,Cancelled
211053,2025-08-09,5309,1051,4,250.1,0,West,1,Completed
211054,2025-09-28,5361,1037,2,142.62,0.2,North,2,Completed
211055,2025-03-02,5098,1039,2,186.7,0.2,East,2,Completed
211056,2024-05-21,5303,1041,2,48.38,0,North,3,Completed
211057,2024-09-20,5153,1024,3,121.08,0,South,5,Completed
211058,2025-06-30,5128,1049,10,23.4,0,West,7,Completed
211059,2024-05-01,5099,1015,2,250.09,0.1,North,4,Completed
211060,2025-10-06,5073,1008,2,111.45,0.05,West,3,Completed
211061,2024-01-07,5336,1036,1,250.97,0,South,6,Completed
211062,2025-10-13,5383,1012,10,239.44,0.05,West,2,Completed
211063,2025-07-06,5379,1026,3,65.12,0,South,2,Completed
211064,2024-03-11,5061,1017,2,74.69,0,North,,Cancelled
211065,2025-12-20,5254,1032,1,213.68,0.05,West,4,Returned
211066,2024-11-08,5473,1023,2,211.1,0.1,East,1,Completed
211067,2024-03-04,5218,1026,1,63.97,0.05,North,,Cancelled
211068,2025-07-16,5199,1049,1,23.76,0,North,5,Returned
211069,2025-10-07,5108,1067,1,221.81,0,East,2,Completed
211070,2024-08-20,5147,1047,2,202.39,0,West,8,Completed
211071,2025-10-07,5305,1058,1,212.11,0,West,3,Completed
211072,2025-01-24,5251,1048,1,297.28,0,East,3,Completed
211073,2024-10-17,5087,1024,6,116.06,0,North,2,Completed
211074,2024-11-17,5028,1019,4,101.08,0.1,East,2,Completed
211075,2024-11-29,5398,1031,4,230.77,0,South,3,Completed
211076,2024-07-25,5377,1020,4,59.9,0.15,West,3,Completed
211077,2025-05-15,5306,1050,1,74.51,0.05,North,3,Completed
211078,2025-04-29,5283,1070,4,233.4,0.2,South,3,Completed
211079,2025-06-02,5388,1026,1,65.07,0,East,6,Completed
211080,2025-11-07,5440,1054,4,243.7,0,North,2,Completed
211081,2025-08-02,5158,1053,1,202.88,0.05,East,,Cancelled
211082,2025-03-20,5274,1012,8,219.79,0,South,4,Completed
211083,2024-04-28,5471,1006,1,205.56,0,North,4,Completed
211084,2024-07-20,5261,1029,1,204.52,0,South,7,Completed
211085,2024-11-10,5225,1012,4,236.6,0,North,7,Completed
211086,2024-05-15,5392,1012,4,231.97,0.1,North,5,Completed
211087,2025-05-21,5063,1036,5,237.01,0.2,North,4,Completed
211088,2025-07-04,5445,1029,5,205.71,0,West,6,Completed
211089,2025-05-08,5491,1010,3,84.43,0.2,South,,Cancelled
211090,2025-04-16,5486,1043,1,95.47,0,West,6,Completed
211091,2024-06-11,5139,1009,1,211.49,0.05,West,4,Completed
211092,2024-08-29,5027,1048,4,303.61,0.1,North,3,Completed
211093,2025-02-28,5032,1015,3,238.1,0.05,North,4,Completed
211094,2024-05-21,5240,1049,1,25.36,0.1,North,4,Completed
211095,2024-05-12,5053,1046,2,66.36,0,North,5,Completed
211096,2024-08-12,5443,1058,3,200.3,0.15,West,5,Completed
211097,2025-06-12,5182,1055,5,262.55,0.15,West,3,Completed
211098,2024-05-07,5428,1063,2,217.22,0,East,3,Returned
211099,2025-05-13,5344,1060,1,122.96,0.05,East,3,Completed
211100,2025-12-10,5151,1067,2,221.82,0,South,2,Completed
211101,2024-02-26,5214,1037,2,131.59,0,South,2,Completed
211102,2025-07-02,5479,1025,6,200.7,0.2,West,7,Completed
211103,2024-05-04,5394,1032,1,235.91,0.05,West,1,Completed
211104,2025-02-14,5089,1007,2,149.93,0,North,3,Completed
211105,2024-04-11,5320,1059,4,135.37,0,West,3,Completed
211106,2025-10-03,5079,1033,3,146.07,0,North,8,Completed
211107,2024-01-07,5080,1033,1,154.65,0.1,North,2,Completed
211108,2024-02-18,5405,1069,2,174.56,0,West,2,Completed
211109,2025-11-29,5243,1060,5,129.49,0.15,North,,Cancelled
211110,2025-04-04,5322,1009,6,208.56,0.05,West,6,Completed
211111,2025-07-27,5163,1033,1,143.39,0,East,2,Completed
211112,2024-08-13,5385,1015,1,236.95,0,South,3,Completed
211113,2025-11-20,5092,1055,2,270.59,0,South,4,Completed
211114,2025-06-09,5456,1034,2,135.03,0,South,3,Completed
211115,2025-07-06,5317,1064,3,99.7,0.1,North,3,Completed
211116,2025-06-18,5459,1031,2,248.37,0,South,3,Completed
211117,2025-10-07,5450,1034,1,144.56,0,West,4,Completed
211118,2024-07-31,5499,1045,3,113.48,0.15,South,5,Returned
211119,2025-04-22,5218,1062,2,189.66,0.2,North,5,Completed
211120,2024-08-21,5073,1063,2,220.85,0,West,4,Completed
211121,2024-10-27,5031,1020,2,62.34,0,South,5,Completed
211122,2025-11-10,5471,1061,1,149.93,0,North,5,Completed
211123,2024-11-19,5387,1047,6,208.04,0.05,West,4,Completed
211124,2024-10-08,5072,1027,4,104.35,0.05,West,3,Completed
211125,2024-11-28,5171,1057,1,68.53,0,North,5,Completed
211126,2025-05-11,5101,1050,2,75.96,0,East,3,Completed
211127,2025-08-11,5459,1059,4,134.91,0,South,3,Completed
211128,2024-06-24,5027,1069,4,176.58,0.2,North,5,Completed
211129,2024-12-25,5019,1003,1,265.58,0.1,South,4,Completed
211130,2024-02-21,5004,1035,2,223.26,0,South,1,Completed
211131,2025-03-21,5469,1056,1,354.04,0.15,South,3,Completed
211132,2024-09-27,5023,1049,2,24.9,0.05,North,3,Completed
211133,2024-01-12,5104,1067,1,231.75,0,South,3,Completed
211134,2025-05-31,5272,1059,2,137.46,0,North,4,Completed
211135,2025-11-20,5057,1027,1,109.8,0.05,East,7,Completed
211136,2024-09-27,5079,1055,3,272.61,0,North,5,Completed
211137,2024-05-07,5357,1053,1,202.25,0,East,3,Completed
211138,2024-11-28,5147,1008,3,120.8,0,West,4,Completed
211139,2025-12-28,5167,1047,4,212.85,0.05,West,8,Completed
211140,2025-02-14,5254,1065,2,67.66,0.05,West,4,Completed
211141,2024-08-18,5485,1059,2,126.03,0.1,South,2,Completed
211142,2025-07-29,5109,1046,8,71.69,0.05,East,,Cancelled
211143,2025-05-28,5069,1042,1,16.89,0.1,East,2,Completed
211144,2024-02-02,5270,1006,3,196.1,0,North,2,Completed
211145,2024-12-21,5208,1050,10,80.89,0,North,1,Completed
211146,2025-06-15,5017,1027,2,107.33,0.05,North,5,Completed
211147,2024-01-08,5243,1026,1,64.3,0,North,2,Completed
211148,2025-09-24,5419,1072,1,74.17,0,South,3,Completed
211149,2025-11-01,5043,1045,3,109.74,0,East,,Cancelled
211150,2025-06-09,5325,1021,1,121.98,0.1,West,4,Completed
211151,2024-04-01,5226,1012,8,239.52,0,West,5,Completed
211152,2024-04-30,5016,1017,2,78.73,0.05,East,,Cancelled
211153,2025-12-13,5036,1014,2,34.66,0.1,East,3,Completed
211154,2025-11-23,5380,1063,2,233.93,0.2,West,3,Completed
211155,2025-06-19,5147,1003,2,264.27,0,West,2,Completed
211156,2024-10-31,5421,1040,3,277.28,0,East,1,Completed
211157,2024-06-27,5017,1052,8,335.96,0.1,North,2,Completed
211158,2024-04-12,5025,1034,5,145.42,0.15,East,3,Completed
211159,2024-10-14,5112,1015,2,223.11,0,South,4,Completed
211160,2025-01-26,5208,1038,3,202.09,0.2,North,4,Completed
211161,2024-02-09,5183,1028,2,256.94,0.2,North,3,Completed
211162,2024-12-17,5040,1038,4,219.94,0.05,South,2,Completed
211163,2024-07-14,5054,1002,1,72.79,0,East,,Cancelled
211164,2024-10-30,5115,1066,8,161.99,0,West,4,Completed
211165,2024-07-05,5332,1054,3,254.3,0.1,North,2,Completed
211166,2024-06-16,5168,1050,2,80.5,0.15,West,4,Completed
211167,2024-12-06,5449,1027,3,104.98,0.05,West,4,Completed
211168,2024-02-08,5135,1068,2,208.46,0.15,East,1,Completed
211169,2024-11-22,5454,1053,2,217.09,0.1,North,4,Completed
211170,2024-09-30,5327,1041,1,46.57,0.15,East,3,Completed
211171,2025-08-25,5086,1039,2,183.66,0.05,North,7,Completed
211172,2025-03-05,5413,1061,5,146.74,0.05,North,3,Completed
211173,2025-04-29,5276,1019,4,99.07,0.05,West,4,Returned
211174,2024-08-05,5335,1015,3,250.98,0,East,3,Completed
211175,2024-06-04,5475,1007,1,166.03,0,West,4,Completed
211176,2024-10-26,5342,1052,1,305.88,0.1,South,6,Completed
211177,2025-02-22,5349,1026,2,68.09,0,South,3,Completed
211178,2024-01-09,5387,1067,3,231.95,0.1,West,4,Completed
211179,2025-10-30,5282,1011,2,34.57,0.05,East,,Cancelled
211180,2024-11-01,5420,1001,10,157.95,0.05,East,1,Completed
211181,2024-02-18,5255,1024,3,119.36,0,East,,Cancelled
211182,2025-12-14,5280,1021,1,116.05,0.05,East,4,Completed
211183,2025-06-07,5392,1069,8,172.86,0,North,3,Completed
211184,2025-10-01,5365,1050,1,79.08,0.2,South,5,Completed
211185,2025-07-02,5019,1047,1,196.89,0.05,South,7,Returned
211186,2024-02-11,5263,1055,2,258.39,0.15,South,2,Completed
211187,2025-10-26,5263,1056,1,326.41,0.05,South,3,Completed
211188,2024-09-25,5262,1070,2,232.66,0.1,South,4,Completed
211189,2025-06-29,5377,1013,3,134.71,0.1,West,6,Completed
211190,2024-02-15,5110,1043,1,90.51,0.1,North,4,Completed
211191,2024-11-24,5246,1005,2,82.97,0,West,,Cancelled
211192,2025-03-28,5357,1058,2,213.17,0,East,2,Completed
211193,2025-03-25,5021,1048,5,288.79,0,East,2,Completed
211194,2024-06-08,5481,1050,3,77.75,0.1,West,2,Completed
211195,2025-02-15,5461,1016,1,56.73,0,West,2,Completed
211196,2025-10-14,5141,1021,2,121.87,0.1,West,3,Completed
211197,2024-08-27,5170,1027,10,106.83,0,North,4,Completed
211198,2024-04-19,5311,1034,1,131.17,0.15,East,4,Completed
211199,2025-06-15,5467,1024,1,119.41,0,North,6,Completed
211200,2024-05-05,5053,1045,10,116.5,0,North,6,Completed
211201,2025-03-27,5326,1068,3,199.77,0,South,5,Completed
211202,2024-09-26,5198,1063,3,211.39,0.05,West,3,Completed
211203,2025-11-23,5163,1049,5,22.65,0.2,East,2,Completed
211204,2024-04-22,5094,1010,1,86.02,0.05,East,6,Completed
211205,2025-11-28,5492,1038,2,217.45,0.05,East,3,Completed
211206,2025-01-02,5210,1028,4,269.86,0.1,South,3,Completed
211207,2024-10-05,5258,1068,1,208.1,0.1,East,4,Returned
211208,2025-05-05,5234,1037,2,138.05,0.15,West,4,Completed
211209,2025-05-05,5256,1050,2,80.29,0.1,East,3,Completed
211210,2025-05-26,5431,1035,2,220.81,0,West,5,Completed
211211,2024-12-19,5294,1057,5,65.28,0,West,,Cancelled
211212,2024-11-29,5333,1038,4,207.46,0.1,South,5,Completed
211213,2024-04-10,5435,1064,1,95.06,0.1,South,4,Completed
211214,2025-02-24,5291,1020,3,61.75,0.05,South,6,Completed
211215,2025-10-11,5339,1060,3,121.34,0,South,3,Completed
211216,2024-12-07,5134,1057,1,68.61,0.05,North,4,Completed
211217,2024-09-25,5431,1016,2,55.08,0.15,West,4,Completed
211218,2025-12-04,5331,1013,3,133.85,0.1,East,,Cancelled
211219,2025-01-15,5037,1071,4,130.81,0,South,3,Completed
211220,2024-09-30,5045,1052,5,336.41,0.05,East,4,Completed
211221,2024-07-20,5156,1033,4,160.27,0,North,5,Completed
211222,2025-06-10,5367,1003,3,260.16,0.2,East,3,Completed
211223,2025-12-28,5490,1046,8,72.68,0,West,5,Completed
211224,2025-11-30,5375,1072,6,81.61,0.05,East,5,Completed
211225,2025-09-12,5171,1014,2,34.36,0,North,3,Completed
211226,2025-01-02,5003,1067,3,214.78,0,North,4,Completed
211227,2024-03-29,5093,1035,1,238.39,0.1,North,,Cancelled
211228,2024-10-07,5043,1060,3,124.4,0,East,3,Completed
211229,2024-11-24,5040,1017,5,78.21,0.15,South,,Cancelled
211230,2025-06-16,5138,1016,2,55.69,0.05,East,4,Completed
211231,2025-05-06,5139,1071,2,126.75,0.15,West,4,Completed
211232,2024-04-14,5195,1041,1,45.98,0.05,East,6,Completed
211233,2025-01-06,5357,1018,2,319.74,0,East,8,Completed
211234,2024-12-02,5144,1049,3,25.2,0,North,4,Completed
211235,2025-10-11,5487,1059,1,139.12,0.1,West,4,Returned
211236,2024-01-03,5092,1030,4,144.76,0.05,South,4,Completed
211237,2025-09-20,5400,1011,3,33.23,0,West,3,Completed
211238,2024-11-16,5419,1048,5,327.46,0,South,3,Completed
211239,2025-06-18,5249,1071,1,121.17,0.1,North,2,Returned
211240,2024-09-18,5325,1034,5,145.54,0.1,West,2,Completed
211241,2025-11-04,5218,1015,3,231.87,0.05,North,3,Completed
211242,2025-05-03,5107,1004,1,145.46,0.05,East,3,Completed
211243,2025-12-13,5182,1034,1,137.61,0.05,West,2,Completed
211244,2025-02-14,5132,1062,3,190.68,0,East,5,Returned
211245,2024-08-31,5226,1016,1,61.39,0.05,West,4,Completed
211246,2025-03-14,5036,1056,3,316.98,0.1,East,5,Completed
211247,2024-03-15,5471,1036,2,246.29,0,North,,Cancelled
211248,2025-11-09,5488,1066,2,166.53,0,West,1,Completed
211249,2024-05-07,5196,1022,6,37.89,0,North,8,Completed
211250,2025-07-26,5106,1029,4,191.19,0,East,3,Completed
211251,2025-05-25,5248,1049,3,23.93,0,South,,Cancelled
211252,2025-07-20,5443,1069,1,181.81,0,West,,Cancelled
211253,2025-06-09,5156,1027,2,112.3,0,North,3,Returned
211254,2024-04-15,5420,1071,1,121.74,0.05,East,4,Completed
211255,2025-11-19,5141,1025,2,195.68,0,West,3,Completed
211256,2024-08-15,5160,1036,3,259.89,0,West,7,Completed
211257,2025-11-15,5304,1043,2,98.19,0.05,East,2,Completed
211258,2024-10-21,5150,1008,2,109.37,0,North,5,Completed
211259,2025-06-10,5423,1032,2,225.34,0,North,4,Completed
211260,2025-02-04,5281,1049,1,24.07,0,West,5,Completed
211261,2025-04-09,5227,1053,8,211.11,0,North,6,Completed
211262,2024-12-10,5449,1025,2,194.12,0.05,West,3,Completed
211263,2025-08-18,5252,1070,2,240.89,0,West,8,Completed
211264,2024-06-04,5319,1053,2,217.84,0.05,West,3,Completed
211265,2025-10-22,5062,1049,2,25.25,0.05,West,4,Completed
211266,2025-07-31,5286,1010,1,89.69,0,South,6,Returned
211267,2025-11-04,5250,1051,5,242.75,0.2,South,5,Completed
211268,2025-01-22,5262,1071,1,122.71,0.15,South,3,Completed
211269,2025-11-05,5055,1036,1,238.94,0,West,4,Completed
211270,2024-07-03,5228,1056,2,333.66,0,East,3,Returned
211271,2024-10-09,5244,1072,4,79.65,0,West,,Cancelled
211272,2024-03-04,5276,1062,2,189.91,0.15,West,3,Completed
211273,2024-10-17,5469,1001,2,163.49,0.1,South,3,Completed
211274,2024-07-02,5189,1041,2,48.03,0,East,3,Completed
211275,2025-04-13,5481,1046,4,71.72,0.05,West,5,Completed
211276,2024-10-13,5235,1072,1,79.09,0,East,2,Completed
211277,2025-12-22,5268,1071,2,130.51,0,East,5,Completed
211278,2025-02-13,5304,1043,3,95.46,0.15,East,5,Completed
211279,2024-08-15,5365,1043,1,94.62,0,South,4,Completed
211280,2024-12-14,5133,1012,8,236.56,0,West,5,Completed
211281,2025-08-06,5251,1047,1,205.93,0.15,East,3,Completed
211282,2025-12-12,5141,1026,5,70.16,0.1,West,4,Completed
211283,2025-01-23,5476,1064,1,103.04,0.2,East,6,Completed
211284,2025-12-09,5075,1060,3,115.45,0,West,4,Completed
211285,2024-09-17,5076,1013,2,135.7,0,South,4,Completed
211286,2024-12-24,5206,1046,2,70.19,0,East,3,Completed
211287,2024-05-17,5405,1035,2,219.9,0,West,5,Returned
211288,2025-08-02,5404,1068,2,197.22,0.1,North,6,Returned
211289,2024-03-05,5204,1021,4,109.14,0,East,4,Completed
211290,2024-02-08,5123,1051,2,258.57,0,East,3,Completed
211291,2024-02-21,5344,1055,4,280.47,0,East,5,Returned
211292,2024-12-24,5341,1064,2,97.79,0.1,South,8,Completed
211293,2024-04-08,5287,1048,2,295.35,0.1,North,3,Completed
211294,2025-06-10,5328,1058,1,201.88,0.05,South,2,Completed
211295,2025-07-05,5034,1003,1,254.59,0,West,5,Completed
211296,2025-01-02,5186,1058,3,205.25,0.05,North,4,Completed
211297,2024-11-03,5102,1034,4,140.49,0.05,East,4,Completed
211298,2024-08-04,5272,1062,1,180.34,0.15,North,1,Completed
211299,2024-12-15,5316,1068,3,210.88,0.15,North,3,Completed
211300,2024-03-06,5147,1026,1,63.53,0.05,West,6,Completed
211301,2025-10-19,5261,1007,10,150.35,0.05,South,2,Returned
211302,2025-07-01,5215,1022,2,39.9,0.1,South,5,Completed
211303,2025-02-12,5228,1049,1,25.15,0.1,East,1,Completed
211304,2024-08-26,5069,1065,1,62.71,0.05,East,4,Completed
211305,2024-03-09,5322,1030,2,144.06,0.05,West,,Cancelled
211306,2025-09-19,5486,1069,1,173.17,0,West,7,Completed
211307,2024-11-23,5361,1069,3,170.19,0,North,,Cancelled
211308,2024-11-13,5277,1038,6,219.17,0,East,5,Completed
211309,2025-03-22,5251,1060,2,129.68,0.05,East,6,Completed
211310,2024-08-13,5109,1019,2,106.34,0.05,East,6,Returned
211311,2024-04-11,5010,1002,3,76.21,0.05,West,4,Completed
211312,2024-10-01,5107,1046,2,74.46,0,East,6,Completed
211313,2025-03-12,5286,1032,3,220.12,0,South,3,Completed
211314,2024-07-23,5209,1034,3,130.57,0.1,South,3,Completed
211315,2025-12-12,5497,1059,2,138.0,0,North,2,Completed
211316,2024-05-23,5271,1062,1,181.47,0,South,6,Completed
211317,2025-11-20,5310,1027,1,106.96,0.15,North,,Cancelled
211318,2025-12-12,5475,1058,10,219.01,0,West,,Cancelled
211319,2024-05-24,5308,1031,2,239.29,0,North,3,Completed
211320,2025-10-01,5313,1004,3,145.64,0.1,East,1,Completed
211321,2025-08-04,5300,1005,4,79.57,0,South,2,Completed
211322,2024-09-12,5189,1019,6,104.51,0.1,East,,Cancelled
211323,2024-05-30,5385,1013,2,128.71,0,South,4,Completed
211324,2025-03-19,5468,1023,2,197.04,0.2,North,5,Completed
211325,2025-12-06,5008,1046,1,68.84,0.15,West,3,Completed
211326,2024-06-02,5335,1039,1,174.91,0,East,2,Completed
211327,2024-02-12,5148,1072,6,79.71,0,South,,Cancelled
211328,2025-01-18,5053,1069,1,180.8,0,North,5,Completed
211329,2024-11-24,5218,1022,2,38.4,0.1,North,5,Completed
211330,2025-10-03,5098,1069,1,168.79,0,East,3,Completed
211331,2025-05-03,5357,1043,2,90.73,0,East,6,Completed
211332,2024-02-21,5146,1037,1,133.82,0.15,South,2,Completed
211333,2024-10-04,5025,1041,1,46.71,0,East,7,Completed
211334,2025-07-22,5054,1063,2,210.48,0,East,3,Completed
211335,2025-01-09,5370,1007,3,166.92,0,West,3,Completed
211336,2025-05-01,5373,1007,1,157.81,0,West,3,Completed
211337,2024-10-19,5188,1043,3,95.51,0,West,3,Completed
211338,2025-10-15,5384,1024,1,115.01,0.05,East,3,Completed
211339,2024-05-18,5188,1045,2,109.35,0.05,West,3,Completed
211340,2024-08-22,5198,1024,1,109.35,0.15,West,,Cancelled
211341,2024-04-21,5054,1024,1,109.7,0.15,East,3,Completed
211342,2025-11-13,5227,1034,2,132.39,0.15,North,4,Completed
211343,2024-06-28,5088,1006,1,194.31,0.15,East,4,Completed
211344,2025-10-19,5312,1030,3,133.76,0,West,2,Completed
211345,2024-05-08,5144,1001,3,171.76,0.05,North,3,Completed
211346,2025-09-06,5065,1003,1,255.96,0,West,4,Completed
211347,2024-06-02,5374,1046,1,72.24,0,West,8,Completed
211348,2024-06-14,5056,1033,2,145.25,0,East,4,Completed
211349,2024-10-05,5300,1052,1,315.56,0.05,South,5,Completed
211350,2025-09-02,5275,1010,1,90.53,0.1,South,4,Returned
211351,2024-05-28,5422,1035,1,241.48,0.15,West,2,Completed
211352,2024-07-31,5352,1018,3,310.68,0,West,1,Completed
211353,2024-08-28,5015,1016,2,58.43,0.05,South,4,Completed
211354,2024-08-01,5119,1054,1,260.54,0,North,2,Completed
211355,2024-08-14,5437,1006,3,211.31,0.05,West,2,Completed
211356,2025-06-08,5435,1011,1,34.57,0.15,South,3,Completed
211357,2024-03-09,5448,1068,8,189.13,0,North,2,Completed
211358,2025-11-26,5359,1061,4,147.52,0,South,2,Completed
211359,2024-01-25,5389,1010,5,93.25,0,North,4,Completed
211360,2025-08-28,5058,1053,1,199.16,0.2,North,3,Completed
211361,2025-07-07,5406,1003,8,264.58,0.1,East,2,Completed
211362,2025-07-18,5500,1015,5,239.23,0.05,West,2,Completed
211363,2025-03-19,5200,1050,3,77.6,0,North,3,Completed
211364,2024-12-01,5073,1033,1,159.13,0.05,West,,Cancelled
211365,2025-09-22,5045,1007,1,154.84,0.2,East,3,Completed
211366,2024-09-07,5185,1013,10,127.81,0.15,East,2,Returned
211367,2024-12-29,5166,1033,1,161.44,0,East,2,Completed
211368,2024-12-23,5393,1037,3,131.48,0.15,South,3,Completed
211369,2025-11-12,5410,1052,2,317.38,0.05,South,4,Completed
211370,2024-12-28,5274,1041,2,45.83,0,South,3,Completed
211371,2025-04-08,5460,1015,5,239.94,0,East,3,Completed
211372,2024-05-09,5471,1066,1,171.2,0.05,North,4,Completed
211373,2025-02-17,5407,1005,4,84.37,0.2,South,4,Completed
211374,2024-08-25,5413,1055,2,275.71,0.05,North,4,Completed
211375,2025-09-02,5467,1061,2,144.09,0.15,North,,Cancelled
211376,2024-04-25,5456,1045,8,113.07,0,South,3,Completed
211377,2024-12-06,5464,1008,1,116.02,0.2,West,3,Completed
211378,2024-06-08,5234,1014,1,33.41,0,West,1,Completed
211379,2025-01-03,5300,1015,2,245.05,0.05,South,4,Completed
211380,2024-03-03,5465,1013,3,132.45,0,South,1,Completed
211381,2025-08-24,5239,1022,2,38.54,0,South,6,Completed
211382,2024-10-26,5494,1005,4,78.59,0,South,3,Completed
211383,2025-01-27,5499,1023,4,192.2,0,South,3,Completed
211384,2025-07-02,5093,1026,2,69.8,0.05,North,3,Completed
211385,2025-11-22,5189,1038,3,219.04,0,East,4,Completed
211386,2025-09-12,5112,1049,1,25.25,0,South,4,Completed
211387,2025-02-20,5307,1012,2,221.01,0.05,West,7,Completed
211388,2024-03-25,5178,1015,5,227.56,0.2,East,5,Completed
211389,2025-07-31,5104,1014,6,36.32,0,South,4,Completed
211390,2025-06-05,5260,1052,3,329.02,0,South,3,Completed
211391,2025-10-31,5096,1045,2,105.66,0,West,1,Completed
211392,2025-03-07,5441,1047,3,196.76,0.05,South,4,Completed
211393,2024-11-27,5059,1040,2,268.76,0,North,,Cancelled
211394,2025-06-09,5428,1048,1,301.71,0,East,2,Completed
211395,2024-09-08,5079,1014,2,33.69,0,North,2,Completed
211396,2024-07-04,5257,1031,1,251.86,0.05,West,3,Completed
211397,2024-05-05,5336,1033,1,144.81,0,South,4,Completed
211398,2025-05-16,5185,1067,2,233.96,0.05,East,4,Completed
211399,2024-07-18,5243,1035,4,231.75,0,North,4,Completed
211400,2024-02-28,5487,1009,3,219.82,0.15,West,3,Completed
211401,2024-08-31,5363,1025,2,200.81,0.05,East,1,Completed
211402,2024-12-19,5003,1060,4,115.93,0.1,North,5,Completed
211403,2025-10-28,5487,1071,2,121.07,0,West,4,Completed
211404,2024-08-06,5169,1032,2,234.9,0.05,East,2,Completed
211405,2025-02-24,5059,1014,8,34.15,0,North,3,Completed
211406,2025-11-10,5406,1011,2,36.75,0.1,East,4,Completed
211407,2024-03-14,5479,1031,2,248.94,0,West,,Cancelled
211408,2025-05-30,5369,1016,4,55.13,0.05,West,4,Completed
211409,2024-09-04,5154,1047,2,203.16,0.1,South,3,Completed
211410,2025-07-02,5266,1044,2,143.57,0.1,East,4,Completed
211411,2024-02-15,5232,1045,6,112.94,0.15,West,7,Completed
211412,2024-08-11,5330,1044,1,140.79,0,South,3,Completed
211413,2025-11-14,5160,1070,2,226.49,0,West,1,Completed
211414,2024-02-10,5094,1023,1,201.08,0,East,1,Completed
211415,2025-05-17,5367,1029,3,206.34,0,East,1,Completed
211416,2025-10-25,5492,1034,5,138.79,0,East,,Cancelled
211417,2025-08-26,5259,1042,1,17.8,0.15,North,4,Returned
211418,2025-07-25,5352,1050,2,74.6,0.05,West,4,Returned
211419,2025-08-22,5453,1056,8,315.25,0.15,North,4,Completed
211420,2025-07-25,5295,1072,1,73.47,0,West,8,Completed
211421,2025-01-03,5139,1020,2,62.31,0,West,3,Completed
211422,2025-07-30,5171,1067,3,220.16,0.05,North,3,Completed
211423,2024-10-15,5471,1014,1,34.65,0,North,3,Returned
211424,2025-03-31,5324,1014,2,33.82,0.15,East,4,Completed
211425,2024-05-13,5027,1057,8,66.08,0.1,North,5,Completed
211426,2025-12-28,5421,1069,4,165.64,0.15,East,4,Completed
211427,2025-10-31,5264,1041,1,46.67,0,West,3,Completed
211428,2025-06-24,5027,1040,1,275.11,0.1,North,5,Completed
211429,2024-01-25,5361,1044,1,136.81,0.05,North,4,Completed
211430,2025-04-11,5089,1010,2,88.93,0.1,North,2,Completed
211431,2025-09-08,5248,1043,6,96.84,0,South,3,Returned
211432,2025-05-24,5326,1059,3,130.4,0,South,6,Completed
211433,2024-02-07,5045,1062,1,181.61,0.1,East,2,Completed
211434,2025-09-02,5417,1032,1,219.22,0.1,North,4,Completed
211435,2024-03-05,5059,1030,10,134.01,0,North,8,Completed
211436,2024-10-05,5496,1064,6,96.44,0.1,West,3,Completed
211437,2024-08-21,5060,1038,5,200.72,0,South,6,Completed
211438,2024-01-11,5287,1067,1,212.85,0.05,North,2,Completed
211439,2024-08-25,5236,1055,3,259.54,0.05,West,4,Completed
211440,2024-11-20,5365,1021,3,121.74,0.05,South,6,Completed
211441,2024-10-04,5153,1018,10,308.57,0,South,5,Completed
211442,2024-09-17,5299,1011,10,33.68,0.1,West,1,Completed
211443,2025-07-13,5097,1067,3,230.24,0.05,East,7,Completed
211444,2025-03-27,5499,1040,2,267.89,0.05,South,7,Completed
211445,2024-01-23,5057,1033,1,156.11,0,East,1,Completed
211446,2024-01-29,5418,1052,10,323.47,0,West,7,Completed
211447,2024-10-30,5303,1061,4,150.17,0.2,North,,Cancelled
211448,2024-01-08,5083,1010,6,86.29,0.05,West,3,Completed
211449,2025-07-22,5126,1057,1,66.37,0,West,,Cancelled
211450,2024-02-23,5324,1057,1,72.25,0,East,1,Completed
211451,2024-02-29,5053,1014,1,33.09,0.05,North,,Cancelled
211452,2024-12-17,5307,1050,1,81.73,0,West,4,Completed
211453,2024-03-15,5486,1039,3,188.6,0.05,West,4,Completed
211454,2024-09-17,5181,1006,6,205.22,0,East,3,Completed
211455,2024-05-27,5420,1049,1,24.74,0,East,1,Completed
211456,2025-02-10,5118,1024,2,111.44,0.2,North,4,Completed
211457,2025-01-11,5231,1069,8,166.23,0.15,East,3,Completed
211458,2025-10-01,5191,1034,1,137.47,0.05,East,3,Completed
211459,2024-07-19,5061,1031,5,251.57,0,North,3,Completed
211460,2024-11-28,5289,1015,2,245.64,0.15,West,4,Completed
211461,2025-11-30,5165,1056,6,317.2,0,South,2,Completed
211462,2024-10-09,5400,1007,1,149.6,0,West,5,Completed
211463,2024-09-19,5114,1068,8,212.09,0.2,North,,Cancelled
211464,2024-03-18,5195,1010,3,92.57,0.15,East,4,Completed
211465,2025-01-01,5283,1036,2,232.06,0.05,South,2,Completed
211466,2024-12-25,5305,1059,4,139.02,0.05,West,4,Completed
211467,2024-03-19,5399,1008,2,121.08,0.05,East,3,Completed
211468,2025-07-26,5278,1043,1,95.12,0.15,West,2,Returned
211469,2025-12-01,5225,1009,6,210.72,0.2,North,5,Completed
211470,2025-07-27,5476,1006,1,198.12,0,East,,Cancelled
211471,2025-03-31,5324,1031,8,231.52,0,East,2,Completed
211472,2024-08-08,5020,1054,2,254.7,0.05,East,2,Completed
211473,2024-10-05,5076,1058,3,208.15,0,South,8,Completed
211474,2025-03-28,5094,1060,5,125.3,0.1,East,5,Returned
211475,2024-08-24,5041,1072,3,73.26,0,East,4,Completed
211476,2024-02-18,5280,1028,1,248.64,0.15,East,3,Completed
211477,2025-02-22,5074,1023,1,188.53,0,West,4,Completed
211478,2024-10-12,5421,1062,2,185.81,0,East,8,Completed
211479,2024-07-24,5123,1071,5,126.74,0,East,1,Completed
211480,2025-06-13,5219,1021,5,117.57,0.2,North,3,Completed
211481,2024-12-15,5209,1003,4,254.3,0.2,South,4,Completed
211482,2025-03-29,5152,1064,3,94.12,0,East,,Cancelled
211483,2025-07-25,5175,1064,6,98.39,0.15,South,3,Completed
211484,2025-03-20,5062,1016,1,57.13,0.2,West,5,Completed
211485,2025-08-05,5099,1066,2,165.63,0,North,4,Completed
211486,2024-08-08,5467,1052,1,305.86,0.05,North,5,Completed
211487,2025-10-12,5182,1059,4,129.07,0.05,West,5,Completed
211488,2024-03-17,5055,1026,1,62.46,0,West,4,Completed
211489,2024-10-17,5418,1063,10,235.87,0.15,West,,Cancelled
211490,2024-05-18,5082,1022,1,38.98,0.15,East,3,Completed
211491,2025-11-17,5207,1026,3,66.74,0,North,4,Returned
211492,2024-07-20,5199,1051,1,261.44,0.1,North,,Cancelled
211493,2024-09-21,5161,1072,2,78.28,0,West,4,Completed
211494,2025-04-08,5418,1040,3,269.04,0,West,3,Completed
211495,2025-06-06,5341,1037,2,138.62,0.05,South,5,Completed
211496,2025-08-31,5373,1003,2,262.24,0.1,West,3,Completed
211497,2024-10-27,5027,1049,1,25.16,0.05,North,4,Completed
211498,2025-03-13,5350,1021,4,108.24,0.05,West,,Cancelled
211499,2024-11-22,5181,1044,4,138.05,0.05,East,8,Completed
211500,2025-07-28,5352,1021,10,112.32,0.1,West,5,Completed
211501,2024-05-22,5024,1042,1,16.66,0,East,4,Completed
211502,2025-09-02,5410,1010,2,92.55,0.15,South,2,Completed
211503,2024-06-08,5281,1012,2,229.19,0.2,West,6,Completed
211504,2024-11-28,5219,1006,1,192.15,0,North,6,Completed
211505,2025-04-08,5033,1041,4,47.73,0,North,2,Returned
211506,2024-12-25,5431,1004,1,158.59,0,West,3,Completed
211507,2025-09-07,5167,1056,3,326.2,0,West,4,Completed
211508,2025-06-18,5190,1037,2,129.69,0.15,South,5,Returned
211509,2024-02-20,5056,1062,2,185.4,0.15,East,7,Completed
211510,2025-03-06,5497,1062,3,183.42,0.1,North,3,Completed
211511,2024-12-31,5203,1060,2,114.74,0.05,West,5,Completed
211512,2025-09-23,5036,1023,4,206.6,0,East,3,Completed
211513,2025-10-28,5125,1018,10,315.64,0.05,South,8,Completed
211514,2025-08-17,5334,1067,2,211.61,0,West,4,Completed
211515,2025-11-11,5074,1039,1,183.86,0,West,4,Completed
211516,2024-02-15,5242,1025,2,209.79,0,East,4,Completed
211517,2024-02-24,5296,1063,4,235.25,0,South,4,Completed
211518,2024-05-31,5136,1027,10,108.54,0.1,North,6,Completed
211519,2025-08-03,5275,1019,2,110.35,0,South,3,Completed
211520,2025-04-04,5377,1031,10,248.0,0,West,5,Returned
211521,2025-05-09,5481,1054,1,259.23,0.15,West,1,Completed
211522,2024-09-19,5029,1062,1,188.25,0,West,2,Completed
211523,2025-12-30,5453,1008,2,114.18,0.1,North,5,Completed
211524,2024-10-25,5179,1008,10,116.54,0.1,East,3,Returned
211525,2025-10-10,5373,1015,2,233.97,0,West,2,Completed
211526,2025-06-06,5094,1036,6,247.16,0.05,East,,Cancelled
211527,2024-08-04,5473,1012,1,226.37,0,East,6,Completed
211528,2025-05-06,5436,1046,1,68.96,0.15,West,3,Completed
211529,2024-11-20,5115,1016,8,59.12,0.1,West,1,Returned
211530,2025-05-15,5057,1013,2,133.89,0,East,3,Completed
211531,2024-12-31,5031,1071,3,132.28,0,South,5,Completed
211532,2025-07-27,5221,1056,3,350.12,0,North,2,Returned
211533,2025-04-17,5137,1028,3,258.5,0,South,4,Completed
211534,2024-11-06,5371,1002,2,72.77,0,South,2,Completed
211535,2024-02-23,5444,1012,5,229.05,0.05,South,2,Completed
211536,2024-02-09,5236,1062,2,192.11,0.15,West,8,Completed
211537,2024-07-15,5241,1048,4,302.82,0,West,2,Completed
211538,2025-02-03,5079,1040,10,273.97,0.1,North,6,Completed
211539,2024-12-16,5353,1034,4,139.56,0,South,7,Completed
211540,2025-05-27,5119,1029,2,194.22,0,North,5,Completed
211541,2025-04-30,5246,1007,3,156.77,0.1,West,,Cancelled
211542,2025-05-11,5006,1070,3,229.14,0.1,West,2,Completed
211543,2025-11-25,5193,1062,2,181.69,0,West,3,Completed
211544,2024-12-22,5378,1045,3,107.84,0,West,3,Completed
211545,2025-10-21,5204,1052,1,319.46,0.05,East,3,Completed
211546,2025-09-18,5115,1032,4,225.67,0.05,West,1,Completed
211547,2024-12-13,5498,1021,3,109.99,0.05,East,4,Completed
211548,2025-08-08,5225,1055,2,268.6,0,North,6,Completed
211549,2025-10-10,5274,1051,1,240.9,0,South,3,Completed
211550,2025-01-12,5009,1043,1,96.32,0.1,North,5,Completed
211551,2024-10-09,5474,1071,2,128.73,0,East,3,Completed
211552,2024-09-23,5145,1040,4,276.97,0.05,East,1,Completed
211553,2025-06-18,5086,1052,2,327.77,0,North,2,Completed
211554,2025-07-27,5277,1041,1,47.46,0.1,East,6,Completed
211555,2025-08-31,5472,1021,3,113.23,0.15,South,4,Completed
211556,2025-09-06,5424,1003,3,257.01,0,South,2,Completed
211557,2024-01-06,5437,1068,1,202.4,0,West,2,Completed
211558,2024-10-06,5395,1058,1,194.77,0.05,East,5,Returned
211559,2024-08-16,5046,1007,2,160.17,0,North,4,Completed
211560,2025-10-30,5411,1039,4,193.47,0,West,2,Completed
211561,2025-09-27,5091,1052,1,338.33,0,West,3,Completed
211562,2025-06-07,5323,1012,1,222.61,0,South,5,Completed
211563,2024-01-13,5401,1061,1,141.69,0,East,3,Completed
211564,2024-06-21,5227,1015,2,249.8,0.05,North,4,Completed
211565,2025-05-17,5056,1011,1,36.73,0.15,East,4,Completed
211566,2024-10-09,5120,1011,1,35.78,0.15,East,2,Completed
211567,2025-01-08,5069,1027,3,105.18,0,East,1,Completed
211568,2024-07-08,5323,1012,6,221.09,0.1,South,4,Completed
211569,2025-09-07,5305,1011,1,36.13,0.15,West,7,Completed
211570,2024-10-02,5067,1066,4,167.81,0.1,East,5,Completed
211571,2025-02-06,5134,1034,2,140.38,0.15,North,4,Completed
211572,2025-02-11,5188,1021,4,120.4,0.05,West,1,Completed
211573,2025-02-17,5463,1021,2,112.21,0.1,South,2,Completed
211574,2025-08-19,5278,1024,2,116.2,0.15,West,4,Completed
211575,2025-09-02,5296,1010,8,93.34,0,South,4,Completed
211576,2025-09-11,5060,1048,2,288.76,0,South,3,Completed
211577,2024-08-17,5384,1035,3,232.48,0,East,,Cancelled
211578,2024-05-25,5377,1065,6,67.45,0,West,4,Completed
211579,2024-10-17,5290,1015,1,243.1,0,South,4,Completed
211580,2024-01-17,5351,1021,1,118.79,0,North,4,Completed
211581,2025-08-17,5463,1044,1,146.61,0,South,4,Completed
211582,2024-05-19,5096,1037,4,128.94,0.15,West,2,Completed
211583,2025-06-28,5326,1045,4,114.04,0,South,,Cancelled
211584,2024-07-11,5293,1012,10,213.13,0.15,West,3,Completed
211585,2024-09-13,5080,1036,10,259.54,0.1,North,2,Completed
211586,2025-07-21,5238,1067,8,218.85,0.1,East,4,Completed
211587,2024-01-09,5013,1042,3,16.48,0.05,South,4,Completed
211588,2025-05-15,5078,1045,1,115.99,0.05,West,,Cancelled
211589,2025-04-25,5290,1065,10,61.69,0.1,South,4,Completed
211590,2024-09-19,5294,1055,1,267.73,0.1,West,3,Completed
211591,2025-04-08,5071,1031,4,232.56,0.05,South,6,Completed
211592,2024-02-15,5188,1009,4,209.29,0,West,7,Completed
211593,2025-01-21,5241,1066,1,175.02,0.1,West,4,Completed
211594,2025-01-22,5257,1058,2,208.98,0,West,2,Completed
211595,2024-09-03,5315,1056,1,318.22,0.1,West,2,Completed
211596,2024-08-05,5269,1056,2,338.15,0,North,5,Completed
211597,2025-11-21,5450,1016,4,59.0,0.1,West,4,Completed
211598,2024-09-07,5270,1007,3,149.51,0,North,3,Completed
211599,2025-06-30,5477,1044,5,144.54,0.05,South,5,Completed
211600,2025-07-16,5019,1042,1,16.71,0.15,South,2,Completed
211601,2024-02-11,5149,1054,3,256.16,0,West,3,Completed
211602,2025-10-05,5033,1012,1,232.9,0.05,North,1,Completed
211603,2024-03-20,5452,1028,2,260.61,0,North,5,Completed
211604,2025-03-15,5043,1040,10,256.34,0.15,East,6,Completed
211605,2024-09-26,5463,1050,8,73.55,0.2,South,5,Completed
211606,2024-07-09,5054,1037,5,131.35,0,East,4,Completed
211607,2025-08-10,5443,1024,1,111.65,0.2,West,3,Returned
211608,2024-11-15,5022,1023,2,206.2,0,East,1,Completed
211609,2025-01-12,5204,1053,3,216.06,0,East,2,Completed
211610,2025-09-29,5362,1001,1,154.86,0,West,4,Completed
211611,2025-09-14,5439,1011,1,34.07,0,North,2,Completed
211612,2024-08-27,5160,1026,3,63.42,0,West,1,Completed
211613,2024-10-02,5163,1004,2,152.74,0.15,East,3,Returned
211614,2025-12-20,5177,1060,1,121.05,0.05,South,,Cancelled
211615,2025-03-19,5162,1019,3,106.62,0,South,4,Completed
211616,2024-04-02,5469,1044,1,134.35,0,South,5,Completed
211617,2025-03-14,5208,1002,3,74.28,0.1,North,3,Completed
211618,2024-09-27,5231,1037,4,139.55,0,East,6,Completed
211619,2025-06-23,5463,1005,1,82.22,0,South,3,Completed
211620,2025-07-26,5327,1010,5,92.83,0.2,East,3,Completed
211621,2024-07-18,5280,1059,2,138.12,0.2,East,,Cancelled
211622,2025-01-26,5152,1041,3,44.24,0.2,East,5,Completed
211623,2025-12-30,5147,1026,2,64.69,0,West,1,Completed
211624,2024-01-01,5107,1014,2,33.25,0.05,East,3,Completed
211625,2025-09-24,5099,1059,1,139.01,0.1,North,3,Returned
211626,2025-07-25,5292,1067,6,221.42,0.05,West,2,Completed
211627,2024-09-26,5105,1013,8,130.72,0,West,6,Completed
211628,2024-09-04,5466,1043,5,91.8,0,East,,Cancelled
211629,2024-01-01,5324,1038,5,223.18,0.1,East,5,Completed
211630,2024-06-28,5377,1016,2,61.74,0.1,West,5,Completed
211631,2025-02-24,5441,1046,1,69.31,0,South,1,Completed
211632,2025-02-16,5299,1028,1,261.09,0.05,West,7,Returned
211633,2025-04-30,5187,1061,4,150.14,0.1,East,6,Completed
211634,2025-03-24,5053,1022,4,40.39,0,North,3,Completed
211635,2024-11-14,5305,1021,4,108.43,0,West,4,Completed
211636,2024-01-20,5310,1005,1,84.31,0.2,North,3,Completed
211637,2024-02-06,5209,1019,4,109.96,0,South,5,Completed
211638,2025-12-18,5042,1012,2,233.73,0.05,East,4,Completed
211639,2024-09-27,5417,1032,1,215.59,0,North,1,Completed
211640,2024-08-24,5027,1001,10,163.5,0,North,3,Completed
211641,2024-06-28,5200,1015,1,239.19,0,North,6,Completed
211642,2024-06-15,5114,1017,2,74.15,0.2,North,4,Completed
211643,2024-05-04,5277,1004,4,159.12,0.1,East,4,Completed
211644,2025-09-05,5214,1038,1,222.15,0,South,5,Completed
211645,2024-05-01,5141,1063,1,208.67,0,West,3,Completed
211646,2025-12-29,5366,1045,1,112.75,0,East,2,Completed
211647,2025-03-20,5201,1043,3,97.88,0.1,West,,Cancelled
211648,2025-10-05,5199,1062,4,180.24,0,North,4,Completed
211649,2025-04-15,5050,1010,1,85.12,0.15,East,4,Completed
211650,2024-01-24,5033,1022,1,39.6,0.05,North,3,Completed
211651,2025-03-11,5371,1060,4,129.89,0,South,3,Returned
211652,2024-03-15,5115,1022,2,38.13,0.15,West,5,Completed
211653,2024-10-18,5039,1072,3,80.91,0,West,5,Completed
211654,2024-09-22,5226,1071,5,123.84,0,West,3,Completed
211655,2025-10-29,5136,1035,1,233.29,0.15,North,3,Completed
211656,2024-07-23,5267,1017,6,78.18,0,North,4,Completed
211657,2025-10-10,5373,1019,2,102.77,0,West,2,Completed
211658,2025-03-25,5362,1010,10,85.67,0.15,West,4,Completed
211659,2024-07-21,5222,1015,1,245.27,0,South,2,Completed
211660,2025-12-04,5248,1032,1,218.53,0,South,4,Completed
211661,2025-08-15,5200,1020,1,58.11,0.1,North,4,Completed
211662,2025-04-15,5075,1055,1,277.43,0,West,4,Completed
211663,2025-05-10,5217,1004,5,157.77,0.15,North,3,Completed
211664,2024-03-18,5335,1028,2,265.05,0.15,East,2,Completed
211665,2024-07-13,5472,1002,1,70.94,0,South,4,Completed
211666,2025-01-01,5180,1057,1,67.89,0.05,North,3,Completed
211667,2025-06-18,5416,1021,4,118.0,0.05,East,2,Completed
211668,2025-06-08,5315,1029,1,189.29,0,West,2,Completed
211669,2025-06-13,5444,1043,1,92.84,0.05,South,2,Completed
211670,2025-10-08,5276,1042,5,17.41,0.2,West,5,Completed
211671,2024-04-18,5196,1007,2,160.09,0,North,1,Completed
211672,2024-04-16,5160,1022,3,40.26,0.05,West,2,Completed
211673,2025-12-12,5305,1050,2,73.9,0,West,3,Completed
211674,2024-03-14,5377,1051,5,234.27,0,West,,Cancelled
211675,2024-06-07,5136,1005,3,81.68,0.05,North,3,Completed
211676,2025-12-04,5334,1038,6,203.16,0.1,West,2,Completed
211677,2024-07-20,5065,1020,2,58.1,0.1,West,5,Completed
211678,2025-04-15,5188,1024,2,113.4,0.1,West,4,Completed
211679,2024-09-11,5093,1047,4,193.12,0.2,North,6,Completed
211680,2024-12-31,5137,1057,2,72.01,0,South,2,Completed
211681,2025-09-29,5394,1070,1,223.1,0.15,West,4,Completed
211682,2025-06-13,5345,1024,1,110.05,0.15,East,3,Completed
211683,2024-06-02,5184,1017,4,75.11,0,South,,Cancelled
211684,2024-02-23,5230,1017,3,75.94,0.05,East,4,Completed
211685,2024-03-31,5497,1055,2,259.91,0,North,5,Completed
211686,2025-09-15,5428,1042,1,16.57,0.1,East,3,Completed
211687,2024-05-19,5429,1033,1,150.82,0,East,2,Completed
211688,2025-01-15,5230,1044,8,132.02,0.05,East,4,Completed
211689,2025-09-14,5085,1015,3,240.61,0.1,North,3,Completed
211690,2025-07-22,5323,1025,1,203.91,0,South,,Cancelled
211691,2025-06-18,5179,1031,10,241.11,0,East,5,Completed
211692,2025-03-17,5253,1056,1,315.81,0.05,East,,Cancelled
211693,2024-05-04,5246,1050,3,77.04,0.05,West,3,Completed
211694,2024-10-05,5377,1001,2,172.63,0,West,6,Completed
211695,2024-06-15,5285,1058,3,196.72,0,South,8,Returned
211696,2024-10-07,5240,1051,3,231.33,0.05,North,3,Completed
211697,2024-02-29,5478,1022,3,37.96,0,West,2,Returned
211698,2025-02-11,5276,1043,2,99.75,0,West,4,Completed
211699,2025-10-05,5029,1045,1,108.76,0.05,West,3,Completed
211700,2024-06-04,5486,1026,1,63.7,0.15,West,3,Completed
211701,2024-02-14,5006,1029,4,190.38,0,West,4,Completed
211702,2025-06-14,5120,1040,1,278.48,0,East,3,Completed
211703,2025-08-25,5122,1065,2,67.72,0.05,West,8,Completed
211704,2025-11-08,5322,1025,2,198.42,0.15,West,3,Completed
211705,2025-11-12,5031,1011,1,33.32,0,South,6,Completed
211706,2024-03-27,5477,1007,4,154.68,0.05,South,3,Completed
211707,2025-02-08,5054,1033,1,147.34,0,East,1,Completed
211708,2025-12-25,5387,1047,3,205.59,0,West,3,Completed
211709,2025-08-06,5318,1009,4,197.47,0.15,East,6,Completed
211710,2025-09-20,5237,1038,1,207.02,0,East,8,Completed
211711,2024-08-16,5065,1041,1,48.96,0.05,West,8,Completed
211712,2024-11-28,5048,1025,6,197.74,0.15,South,4,Completed
211713,2025-07-28,5004,1004,1,151.89,0.05,South,3,Completed
211714,2025-10-05,5407,1071,6,125.39,0.1,South,3,Completed
211715,2024-07-20,5395,1036,2,241.2,0.05,East,2,Completed
211716,2025-03-25,5432,1070,1,235.82,0,South,2,Completed
211717,2024-03-13,5152,1066,6,163.98,0,East,4,Completed
211718,2025-08-25,5462,1072,2,74.84,0,West,3,Completed
211719,2024-10-25,5385,1064,4,93.2,0.05,South,2,Completed
211720,2025-11-21,5184,1001,1,155.81,0.2,South,5,Completed
211721,2024-06-08,5079,1006,1,200.46,0.05,North,4,Completed
211722,2024-03-25,5356,1052,1,335.48,0,East,7,Completed
211723,2025-08-18,5089,1071,5,130.77,0.05,North,4,Completed
211724,2025-07-11,5119,1021,5,119.58,0.1,North,4,Returned
211725,2025-11-11,5072,1054,1,247.7,0,West,5,Completed
211726,2024-04-17,5499,1034,4,130.18,0,South,6,Returned
211727,2025-08-24,5066,1045,2,114.94,0,West,3,Completed
211728,2024-07-06,5109,1039,1,187.53,0,East,8,Completed
211729,2024-03-13,5445,1014,1,36.6,0,West,8,Completed
211730,2024-06-01,5028,1046,1,72.74,0,East,4,Completed
211731,2024-02-28,5141,1040,1,273.41,0.1,West,8,Completed
211732,2024-10-06,5182,1046,4,71.83,0,West,,Cancelled
211733,2025-11-15,5389,1047,2,195.73,0.1,North,2,Completed
211734,2025-01-08,5147,1051,1,233.15,0.1,West,4,Completed
211735,2024-04-20,5449,1035,3,235.15,0,West,3,Completed
211736,2025-01-15,5276,1029,2,201.0,0,West,8,Completed
211737,2025-06-22,5284,1001,8,156.27,0.1,East,7,Completed
211738,2024-05-25,5118,1027,2,113.03,0,North,6,Completed
211739,2024-02-13,5005,1017,1,75.24,0.1,West,5,Completed
211740,2025-12-31,5376,1041,1,49.14,0.05,West,2,Completed
211741,2024-09-27,5489,1061,3,155.43,0,East,2,Completed
211742,2025-07-08,5124,1004,3,151.71,0,South,4,Completed
211743,2025-06-07,5038,1060,2,118.72,0.05,West,3,Completed
211744,2025-03-19,5048,1061,1,143.85,0,South,2,Completed
211745,2024-12-22,5111,1003,1,261.56,0,East,1,Completed
211746,2024-09-25,5300,1066,4,174.28,0,South,3,Completed
211747,2025-07-27,5425,1068,2,193.81,0,East,3,Completed
211748,2024-05-10,5198,1029,3,193.16,0.05,West,6,Completed
211749,2025-01-12,5008,1026,3,62.82,0.05,West,3,Completed
211750,2025-06-17,5233,1043,2,99.53,0.2,East,2,Completed
211751,2024-07-29,5011,1068,8,190.07,0,North,6,Completed
211752,2024-01-16,5137,1064,5,102.59,0.1,South,3,Completed
211753,2025-11-19,5269,1031,2,251.9,0,North,2,Completed
211754,2024-04-06,5215,1028,2,244.46,0.1,South,3,Completed
211755,2024-11-08,5006,1015,1,246.35,0.15,West,7,Completed
211756,2025-08-09,5344,1065,3,66.38,0,East,5,Completed
211757,2025-05-31,5281,1043,1,89.35,0.05,West,4,Returned
211758,2024-11-12,5061,1069,1,164.42,0,North,2,Completed
211759,2024-08-11,5367,1027,1,106.11,0,East,6,Completed
211760,2024-08-13,5118,1027,1,116.28,0,North,4,Completed
211761,2025-08-17,5135,1069,2,174.26,0,East,3,Completed
211762,2025-06-23,5333,1035,1,241.19,0,South,3,Completed
211763,2025-09-26,5375,1048,1,304.91,0.15,East,6,Completed
211764,2025-10-17,5498,1072,5,78.79,0.1,East,3,Completed
211765,2024-01-19,5358,1039,1,177.67,0.1,North,,Cancelled
211766,2024-07-23,5495,1011,1,34.55,0.05,North,6,Completed
211767,2024-05-22,5085,1051,2,240.94,0,North,3,Completed
211768,2024-12-26,5216,1012,10,222.19,0.1,West,4,Completed
211769,2025-01-25,5496,1029,3,207.36,0.05,West,7,Completed
211770,2025-01-15,5197,1037,2,136.31,0.15,East,4,Returned
211771,2024-10-23,5159,1031,5,240.12,0,South,2,Completed
211772,2024-02-21,5294,1013,1,133.73,0,West,3,Completed
211773,2025-06-03,5160,1019,1,106.2,0,West,3,Completed
211774,2024-10-17,5123,1056,1,351.53,0.1,East,5,Completed
211775,2025-10-29,5312,1056,6,346.39,0,West,2,Completed
211776,2025-03-27,5444,1041,2,43.89,0.1,South,5,Completed
211777,2024-06-27,5478,1012,2,220.73,0,West,,Cancelled
211778,2024-03-26,5036,1072,1,74.05,0.05,East,,Cancelled
211779,2025-12-15,5329,1047,1,199.21,0,East,6,Returned
211780,2025-04-03,5443,1037,2,131.98,0.05,West,2,Completed
211781,2025-03-11,5170,1043,3,89.4,0.1,North,4,Completed
211782,2025-06-08,5443,1056,3,345.29,0,West,8,Completed
211783,2025-06-14,5173,1021,4,118.6,0,West,1,Completed
211784,2024-07-27,5280,1029,3,196.51,0,East,,Cancelled
211785,2024-06-18,5339,1020,5,59.98,0,South,4,Completed
211786,2025-09-26,5229,1019,3,103.11,0,North,4,Completed
211787,2025-11-16,5465,1025,1,196.81,0.05,South,4,Completed
211788,2024-10-10,5422,1065,2,62.84,0,West,3,Completed
211789,2025-11-14,5111,1031,1,238.1,0.1,East,8,Completed
211790,2025-04-30,5204,1006,3,199.88,0,East,1,Completed
211791,2025-10-25,5038,1032,4,221.17,0.15,West,1,Completed
211792,2025-06-08,5387,1024,1,116.1,0,West,6,Completed
211793,2024-10-15,5445,1007,2,167.24,0,West,8,Completed
211794,2024-06-06,5488,1015,2,227.62,0.05,West,4,Completed
211795,2025-05-19,5117,1042,2,16.3,0,North,5,Completed
211796,2025-10-29,5083,1046,5,70.62,0,West,3,Completed
211797,2024-08-28,5016,1034,1,129.55,0,East,4,Completed
211798,2025-08-14,5190,1014,6,36.42,0,South,4,Completed
211799,2024-01-30,5124,1045,5,110.15,0.05,South,2,Completed
211800,2024-12-28,5218,1051,2,232.55,0.05,North,4,Returned
211801,2025-09-10,5088,1001,2,173.42,0.05,East,3,Completed
211802,2025-07-19,5161,1056,2,320.45,0.05,West,3,Returned
211803,2024-01-08,5287,1046,1,66.71,0.05,North,3,Completed
211804,2025-03-01,5239,1020,1,56.97,0.15,South,6,Completed
211805,2025-02-08,5448,1033,1,149.26,0,North,4,Completed
211806,2024-12-27,5379,1003,2,265.5,0,South,4,Completed
211807,2024-09-08,5473,1057,5,65.95,0.1,East,3,Completed
211808,2024-08-03,5183,1027,4,111.38,0.05,North,3,Completed
211809,2024-07-01,5456,1046,4,66.33,0,South,6,Completed
211810,2025-10-10,5218,1053,4,214.14,0.15,North,1,Completed
211811,2024-12-13,5141,1049,2,24.47,0.15,West,4,Completed
211812,2024-10-25,5035,1054,1,253.57,0.1,South,2,Completed
211813,2025-12-20,5382,1029,1,194.42,0,East,3,Completed
211814,2024-10-07,5039,1009,2,219.08,0.15,West,5,Completed
211815,2024-04-14,5385,1036,2,250.34,0.05,South,5,Completed
211816,2024-12-13,5101,1002,1,70.18,0,East,1,Completed
211817,2025-04-09,5157,1053,1,195.15,0,West,3,Completed
211818,2024-08-15,5189,1028,3,256.59,0,East,5,Completed
211819,2025-04-20,5009,1054,1,243.64,0.05,North,3,Returned
211820,2024-07-21,5476,1046,2,72.84,0.1,East,2,Completed
211821,2024-12-09,5386,1047,1,193.31,0,West,,Cancelled
211822,2024-04-11,5364,1030,2,140.09,0.2,West,3,Completed
211823,2025-08-06,5440,1047,1,203.19,0,North,4,Completed
211824,2025-07-14,5487,1068,1,206.49,0.15,West,4,Completed
211825,2024-11-17,5464,1071,3,133.25,0.05,West,2,Completed
211826,2025-06-29,5489,1020,4,61.71,0,East,,Cancelled
211827,2025-11-13,5231,1049,1,24.03,0.2,East,4,Completed
211828,2024-10-02,5190,1070,1,227.1,0,South,5,Completed
211829,2024-11-24,5492,1072,5,72.53,0.1,East,3,Completed
211830,2025-01-18,5185,1016,1,56.44,0.15,East,,Cancelled
211831,2024-08-13,5017,1065,2,65.29,0,North,6,Completed
211832,2025-08-24,5140,1040,1,264.35,0,East,4,Completed
211833,2025-10-07,5396,1068,3,205.23,0.15,South,4,Completed
211834,2025-09-02,5012,1049,1,24.45,0.05,North,2,Completed
211835,2024-11-20,5499,1037,2,135.85,0,South,3,Completed
211836,2024-04-18,5393,1070,2,216.39,0.15,South,5,Completed
211837,2024-09-08,5247,1035,1,242.37,0.05,West,6,Completed
211838,2024-08-13,5010,1054,2,247.91,0,West,6,Returned
211839,2024-07-18,5263,1055,1,284.63,0.1,South,2,Completed
211840,2025-05-06,5286,1054,1,244.32,0,South,3,Completed
211841,2025-04-21,5181,1002,10,77.22,0,East,4,Completed
211842,2025-01-22,5185,1071,4,123.54,0,East,3,Completed
211843,2025-07-18,5399,1029,3,189.33,0,East,1,Completed
211844,2024-10-19,5366,1033,2,153.61,0.1,East,4,Completed
211845,2024-04-25,5164,1067,1,224.3,0.1,West,4,Completed
211846,2025-04-10,5346,1051,3,231.13,0.05,South,4,Completed
211847,2025-11-02,5370,1001,1,173.38,0.05,West,2,Completed
211848,2024-07-19,5084,1049,4,23.6,0.05,North,4,Completed
211849,2025-03-24,5053,1060,2,127.93,0.05,North,4,Completed
211850,2025-08-13,5475,1031,2,251.38,0,West,4,Completed
211851,2024-10-09,5132,1020,5,57.18,0.1,East,2,Completed
211852,2024-06-01,5189,1038,1,212.83,0.05,East,3,Completed
211853,2024-02-23,5457,1060,6,125.74,0,East,2,Completed
211854,2024-05-06,5495,1068,1,197.9,0.15,North,4,Completed
211855,2025-12-03,5334,1047,6,202.26,0.05,West,2,Completed
211856,2025-01-17,5221,1065,1,63.37,0.15,North,8,Completed
211857,2025-04-09,5064,1003,1,245.65,0.1,East,5,Returned
211858,2024-12-30,5066,1024,2,120.21,0,West,4,Completed
211859,2025-03-17,5269,1006,3,198.67,0,North,3,Completed
211860,2024-08-31,5021,1021,2,121.21,0,East,6,Completed
211861,2025-11-03,5225,1018,1,323.09,0.15,North,1,Completed
211862,2024-04-29,5121,1068,3,211.69,0.15,West,1,Completed
211863,2024-05-27,5323,1068,4,195.94,0.05,South,3,Completed
211864,2024-04-30,5049,1010,3,88.62,0.05,East,4,Completed
211865,2025-10-31,5304,1036,3,252.49,0,East,4,Completed
211866,2025-08-12,5368,1039,1,172.5,0.05,North,1,Completed
211867,2024-01-25,5343,1065,2,64.09,0.15,South,6,Completed
211868,2024-10-17,5142,1068,4,202.7,0.2,North,7,Completed
211869,2025-06-21,5288,1064,2,99.66,0.05,North,3,Completed
211870,2024-05-09,5231,1005,1,76.4,0.1,East,4,Completed
211871,2024-05-16,5115,1032,1,239.29,0,West,5,Completed
211872,2025-06-07,5437,1039,2,175.99,0.1,West,6,Completed
211873,2025-12-16,5434,1055,3,281.26,0,North,3,Completed
211874,2025-07-16,5173,1053,3,208.9,0,West,4,Completed
211875,2024-07-22,5153,1004,10,150.26,0,South,4,Completed
211876,2024-07-19,5194,1020,10,61.6,0,East,5,Completed
211877,2025-07-07,5183,1029,2,197.75,0,North,3,Completed
211878,2025-04-03,5019,1042,6,17.69,0,South,1,Completed
211879,2025-07-09,5076,1072,3,79.36,0.05,South,7,Completed
211880,2024-05-10,5011,1006,4,192.64,0.1,North,2,Returned
211881,2025-07-26,5066,1044,5,134.64,0.05,West,4,Completed
211882,2024-04-27,5379,1015,2,236.38,0,South,5,Completed
211883,2025-05-04,5069,1067,1,236.87,0.05,East,3,Completed
211884,2025-06-10,5402,1068,1,198.29,0.1,West,2,Completed
211885,2024-12-28,5070,1054,2,269.41,0,South,3,Completed
211886,2024-09-20,5442,1033,2,159.57,0,North,3,Completed
211887,2025-09-03,5043,1038,5,208.46,0,East,3,Completed
211888,2025-11-17,5133,1060,1,119.83,0.05,West,1,Completed
211889,2025-09-24,5427,1063,6,213.87,0.05,North,3,Completed
211890,2024-05-12,5450,1050,1,77.58,0.15,West,4,Completed
211891,2024-09-21,5220,1038,1,216.42,0.05,West,3,Returned
211892,2024-12-05,5214,1031,1,254.25,0,South,2,Completed
211893,2024-03-31,5134,1041,1,48.59,0.1,North,7,Completed
211894,2025-09-10,5384,1018,4,302.07,0,East,5,Completed
211895,2024-05-17,5358,1062,3,173.39,0,North,5,Completed
211896,2025-05-24,5439,1045,3,113.06,0,North,8,Returned
211897,2024-03-05,5426,1018,3,317.16,0,North,3,Completed
211898,2024-02-05,5225,1051,2,230.8,0.1,North,4,Returned
211899,2024-03-04,5150,1018,1,308.63,0.15,North,6,Completed
211900,2025-06-22,5403,1069,1,174.56,0,South,2,Completed
211901,2025-07-30,5364,1037,2,137.19,0.05,West,3,Returned
211902,2024-03-03,5059,1072,2,74.73,0,North,4,Completed
211903,2024-08-27,5036,1001,3,171.81,0,East,4,Completed
211904,2025-09-08,5326,1033,6,160.95,0,South,4,Completed
211905,2024-09-23,5236,1063,4,214.63,0,West,2,Completed
211906,2024-04-15,5368,1013,5,127.52,0,North,4,Completed
211907,2024-12-06,5379,1032,2,235.95,0,South,3,Completed
211908,2025-05-10,5204,1071,3,119.93,0,East,5,Completed
211909,2024-07-17,5138,1065,1,64.68,0,East,2,Completed
211910,2025-09-12,5173,1044,3,139.3,0.15,West,3,Completed
211911,2024-12-29,5405,1060,8,117.43,0,West,,Cancelled
211912,2025-01-21,5441,1045,5,115.43,0,South,6,Completed
211913,2025-05-22,5063,1019,4,109.54,0,North,3,Completed
211914,2024-12-28,5183,1066,4,163.05,0.1,North,2,Completed
211915,2024-02-22,5168,1069,2,163.74,0.15,West,5,Completed
211916,2024-01-02,5259,1072,2,78.26,0,North,3,Completed
211917,2024-10-05,5185,1007,1,161.03,0,East,1,Completed
211918,2024-10-22,5253,1012,2,213.33,0,East,5,Completed
211919,2025-08-24,5156,1059,1,126.93,0.1,North,3,Completed
211920,2024-10-10,5208,1006,5,196.98,0.1,North,4,Completed
211921,2024-08-11,5373,1018,1,336.47,0,West,3,Returned
211922,2025-07-02,5094,1046,10,68.5,0.1,East,5,Completed
211923,2024-02-01,5282,1025,1,212.34,0,East,4,Completed
211924,2025-08-25,5428,1003,4,247.79,0,East,4,Completed
211925,2025-12-11,5199,1036,4,240.1,0,North,3,Completed
211926,2025-01-07,5161,1026,1,68.01,0,West,6,Completed
211927,2024-06-13,5063,1020,5,56.63,0,North,2,Completed
211928,2024-12-13,5327,1029,2,203.66,0.1,East,4,Completed
211929,2025-01-14,5463,1024,1,117.1,0.1,South,2,Completed
211930,2025-08-11,5338,1013,3,130.47,0.1,East,6,Completed
211931,2024-01-13,5116,1016,1,60.62,0,West,1,Completed
211932,2024-05-30,5304,1068,1,194.69,0.15,East,2,Completed
211933,2024-12-09,5235,1064,1,97.96,0,East,4,Completed
211934,2024-03-25,5126,1029,3,194.4,0,West,4,Completed
211935,2024-12-12,5376,1037,3,132.03,0.05,West,2,Completed
211936,2025-06-15,5265,1064,1,98.27,0,South,2,Completed
211937,2025-01-11,5172,1064,2,95.9,0,East,4,Returned
211938,2025-09-11,5069,1072,4,80.18,0.15,East,,Cancelled
211939,2025-03-19,5040,1002,1,77.26,0.15,South,4,Completed
211940,2025-07-26,5085,1013,4,123.91,0.05,North,5,Completed
211941,2025-07-09,5437,1030,6,138.57,0,West,8,Completed
211942,2024-05-19,5210,1037,1,131.81,0.1,South,5,Completed
211943,2025-08-15,5239,1038,3,208.43,0,South,1,Completed
211944,2025-06-12,5254,1048,3,314.68,0.1,West,,Cancelled
211945,2025-11-02,5414,1056,10,345.94,0.05,North,4,Completed
211946,2025-09-17,5458,1008,3,118.93,0,South,3,Completed
211947,2025-09-08,5218,1017,2,75.47,0.15,North,3,Completed
211948,2024-09-04,5490,1017,3,79.19,0.05,West,3,Completed
211949,2024-04-19,5298,1038,1,209.73,0,North,4,Completed
211950,2024-07-19,5169,1060,8,119.98,0,East,3,Completed
211951,2025-01-06,5198,1003,3,246.96,0,West,4,Completed
211952,2025-06-06,5421,1027,1,102.88,0.05,East,4,Completed
211953,2024-05-19,5292,1072,1,73.9,0.1,West,6,Completed
211954,2024-01-12,5325,1002,2,72.2,0,West,5,Completed
211955,2024-03-11,5449,1068,1,198.58,0,West,5,Completed
211956,2025-11-10,5149,1022,3,36.29,0,West,3,Completed
211957,2025-02-24,5125,1051,1,248.71,0.1,South,3,Completed
211958,2025-09-20,5086,1038,3,219.75,0.15,North,5,Completed
211959,2024-07-27,5113,1021,2,120.09,0,North,4,Completed
211960,2024-12-11,5118,1039,2,184.02,0.1,North,2,Completed
211961,2024-11-22,5165,1014,2,34.14,0.2,South,,Cancelled
211962,2024-03-31,5188,1025,1,190.81,0,West,1,Completed
211963,2025-02-19,5164,1035,2,227.48,0,West,2,Completed
211964,2024-07-29,5362,1013,1,125.35,0,West,5,Completed
211965,2024-02-20,5405,1004,1,149.16,0.05,West,4,Completed
211966,2024-10-08,5122,1055,2,285.17,0.05,West,4,Completed
211967,2024-05-29,5069,1028,3,264.66,0,East,2,Completed
211968,2025-09-21,5379,1065,2,68.72,0.1,South,,Cancelled
211969,2025-09-06,5102,1046,1,70.1,0.1,East,3,Completed
211970,2025-10-17,5099,1013,4,130.32,0,North,3,Completed
211971,2024-10-15,5318,1013,3,124.19,0,East,5,Completed
211972,2025-12-26,5053,1003,1,254.51,0.2,North,1,Completed
211973,2024-10-05,5456,1020,3,57.19,0,South,3,Completed
211974,2025-07-19,5353,1072,1,72.66,0.05,South,1,Completed
211975,2025-06-09,5096,1056,2,331.11,0,West,7,Completed
211976,2024-07-15,5290,1043,1,91.59,0,South,5,Completed
211977,2024-03-28,5218,1012,4,213.2,0,North,6,Completed
211978,2024-11-13,5433,1052,2,316.81,0.1,North,2,Completed
211979,2024-03-22,5214,1010,8,91.13,0.1,South,5,Completed
211980,2025-04-10,5419,1034,1,131.06,0,South,8,Completed
211981,2024-02-06,5269,1034,1,141.86,0.1,North,4,Completed
211982,2024-10-05,5383,1041,5,46.93,0.1,West,8,Completed
211983,2025-06-01,5473,1009,4,222.43,0,East,7,Completed
211984,2025-04-07,5450,1004,1,144.93,0.1,West,3,Completed
211985,2025-09-20,5280,1035,1,245.66,0.05,East,3,Completed
211986,2025-02-17,5367,1036,4,240.48,0.05,East,6,Completed
211987,2025-12-01,5216,1027,2,107.0,0.05,West,5,Completed
211988,2025-12-11,5499,1001,4,158.2,0.05,South,2,Completed
211989,2024-10-05,5436,1048,1,289.92,0.15,West,2,Completed
211990,2025-04-06,5092,1040,4,256.35,0.05,South,6,Completed
211991,2025-06-08,5229,1024,1,120.52,0,North,,Cancelled
211992,2024-07-05,5401,1033,1,158.38,0.05,East,4,Completed
211993,2025-04-08,5107,1024,1,122.15,0,East,3,Returned
211994,2025-08-01,5473,1059,1,141.82,0.1,East,4,Completed
211995,2025-10-21,5344,1072,1,72.75,0.15,East,4,Completed
211996,2025-12-02,5246,1068,1,197.77,0.1,West,3,Completed
211997,2024-08-12,5360,1061,2,145.14,0,East,4,Completed
211998,2025-06-02,5412,1002,3,71.29,0.1,East,,Cancelled
211999,2024-12-30,5268,1016,2,60.85,0,East,4,Completed
212000,2025-05-06,5451,1067,2,221.19,0.1,North,1,Completed
